2023/09/13 16:36:08 [error] [exception.CDbException] exception 'CDbException' with message 'CDbConnection failed to open the DB connection: SQLSTATE[HY000] [1045] Access denied for user 'root'@'localhost' (using password: YES)' in /home/pmahendro/public_html/yii/framework/db/CDbConnection.php:382
Stack trace:
#0 /home/pmahendro/public_html/yii/framework/db/CDbConnection.php(330): CDbConnection->open()
#1 /home/pmahendro/public_html/yii/framework/db/CDbConnection.php(308): CDbConnection->setActive(true)
#2 /home/pmahendro/public_html/yii/framework/base/CModule.php(387): CDbConnection->init()
#3 /home/pmahendro/public_html/yii/framework/base/CApplication.php(450): CModule->getComponent('db')
#4 /home/pmahendro/public_html/yii/framework/db/ar/CActiveRecord.php(634): CApplication->getDb()
#5 /home/pmahendro/public_html/yii/framework/db/ar/CActiveRecord.php(1428): CActiveRecord->getDbConnection()
#6 /home/pmahendro/public_html/yii/framework/db/ar/CActiveRecord.php(1517): CActiveRecord->getTableAlias(true)
#7 /home/pmahendro/public_html/djajalistrik/protected/components/UserIdentity.php(14): CActiveRecord->findByAttributes(Array)
#8 /home/pmahendro/public_html/djajalistrik/protected/models/LoginForm.php(52): UserIdentity->authenticate()
#9 /home/pmahendro/public_html/yii/framework/validators/CInlineValidator.php(42): LoginForm->authenticate('password', Array)
#10 /home/pmahendro/public_html/yii/framework/validators/CValidator.php(213): CInlineValidator->validateAttribute(Object(LoginForm), 'password')
#11 /home/pmahendro/public_html/yii/framework/base/CModel.php(159): CValidator->validate(Object(LoginForm), NULL)
#12 /home/pmahendro/public_html/djajalistrik/protected/controllers/SiteController.php(134): CModel->validate()
#13 /home/pmahendro/public_html/yii/framework/web/actions/CInlineAction.php(49): SiteController->actionLogin()
#14 /home/pmahendro/public_html/yii/framework/web/CController.php(308): CInlineAction->runWithParams(Array)
#15 /home/pmahendro/public_html/yii/framework/web/CController.php(286): CController->runAction(Object(CInlineAction))
#16 /home/pmahendro/public_html/yii/framework/web/CController.php(265): CController->runActionWithFilters(Object(CInlineAction), Array)
#17 /home/pmahendro/public_html/yii/framework/web/CWebApplication.php(282): CController->run('login')
#18 /home/pmahendro/public_html/yii/framework/web/CWebApplication.php(141): CWebApplication->runController('')
#19 /home/pmahendro/public_html/yii/framework/base/CApplication.php(180): CWebApplication->processRequest()
#20 /home/pmahendro/public_html/djajalistrik/index.php(13): CApplication->run()
#21 {main}
REQUEST_URI=/~pmahendro/djajalistrik/index.php
HTTP_REFERER=http://localhost/~pmahendro/djajalistrik/index.php
---
2023/09/13 16:39:34 [error] [system.db.CDbCommand] CDbCommand::fetchColumn() failed: SQLSTATE[HY000]: General error: 1525 Incorrect DATE value: ''. The SQL statement executed was: SELECT SUM(quantity_in) - SUM(quantity_out) 
				FROM tbldl_inventory 
				WHERE product_id = :product_id AND date < :start_date.
in /home/pmahendro/public_html/djajalistrik/protected/models/custom/Product.php (50)
in /home/pmahendro/public_html/djajalistrik/protected/modules/report/views/stock/_report.php (39)
in /home/pmahendro/public_html/djajalistrik/protected/modules/report/views/stock/report.php (87)
2023/09/13 16:39:34 [error] [exception.CDbException] exception 'CDbException' with message 'CDbCommand failed to execute the SQL statement: SQLSTATE[HY000]: General error: 1525 Incorrect DATE value: ''. The SQL statement executed was: SELECT SUM(quantity_in) - SUM(quantity_out) 
				FROM tbldl_inventory 
				WHERE product_id = :product_id AND date < :start_date' in /home/pmahendro/public_html/yii/framework/db/CDbCommand.php:543
Stack trace:
#0 /home/pmahendro/public_html/yii/framework/db/CDbCommand.php(433): CDbCommand->queryInternal('fetchColumn', 0, Array)
#1 /home/pmahendro/public_html/djajalistrik/protected/models/custom/Product.php(50): CDbCommand->queryScalar(Array)
#2 /home/pmahendro/public_html/djajalistrik/protected/modules/report/views/stock/_report.php(39): Product->getStockBeginning('')
#3 /home/pmahendro/public_html/yii/framework/web/CBaseController.php(126): require('/home/pmahendro...')
#4 /home/pmahendro/public_html/yii/framework/web/CBaseController.php(95): CBaseController->renderInternal('/home/pmahendro...', Array, true)
#5 /home/pmahendro/public_html/yii/framework/web/CController.php(869): CBaseController->renderFile('/home/pmahendro...', Array, true)
#6 /home/pmahendro/public_html/djajalistrik/protected/modules/report/views/stock/report.php(87): CController->renderPartial('_report', Array)
#7 /home/pmahendro/public_html/yii/framework/web/CBaseController.php(126): require('/home/pmahendro...')
#8 /home/pmahendro/public_html/yii/framework/web/CBaseController.php(95): CBaseController->renderInternal('/home/pmahendro...', Array, true)
#9 /home/pmahendro/public_html/yii/framework/web/CController.php(869): CBaseController->renderFile('/home/pmahendro...', Array, true)
#10 /home/pmahendro/public_html/yii/framework/web/CController.php(782): CController->renderPartial('report', Array, true)
#11 /home/pmahendro/public_html/djajalistrik/protected/modules/report/controllers/StockController.php(60): CController->render('report', Array)
#12 /home/pmahendro/public_html/yii/framework/web/actions/CInlineAction.php(49): StockController->actionReport()
#13 /home/pmahendro/public_html/yii/framework/web/CController.php(308): CInlineAction->runWithParams(Array)
#14 /home/pmahendro/public_html/yii/framework/web/filters/CFilterChain.php(133): CController->runAction(Object(CInlineAction))
#15 /home/pmahendro/public_html/djajalistrik/protected/modules/report/controllers/StockController.php(17): CFilterChain->run()
#16 /home/pmahendro/public_html/yii/framework/web/filters/CInlineFilter.php(58): StockController->filterAccess(Object(CFilterChain))
#17 /home/pmahendro/public_html/yii/framework/web/filters/CFilterChain.php(130): CInlineFilter->filter(Object(CFilterChain))
#18 /home/pmahendro/public_html/yii/framework/web/CController.php(291): CFilterChain->run()
#19 /home/pmahendro/public_html/yii/framework/web/CController.php(265): CController->runActionWithFilters(Object(CInlineAction), Array)
#20 /home/pmahendro/public_html/yii/framework/web/CWebApplication.php(282): CController->run('report')
#21 /home/pmahendro/public_html/yii/framework/web/CWebApplication.php(141): CWebApplication->runController('report/stock/re...')
#22 /home/pmahendro/public_html/yii/framework/base/CApplication.php(180): CWebApplication->processRequest()
#23 /home/pmahendro/public_html/djajalistrik/index.php(13): CApplication->run()
#24 {main}
REQUEST_URI=/~pmahendro/djajalistrik/index.php?r=report/stock/report
HTTP_REFERER=http://localhost/~pmahendro/djajalistrik/index.php?r=site/index
---
2023/09/13 16:39:36 [error] [php] Missing argument 1 for Product::getCurrentStock(), called in /home/pmahendro/public_html/djajalistrik/protected/modules/report/views/inventory/_report.php on line 53 and defined (/home/pmahendro/public_html/djajalistrik/protected/models/custom/Product.php:123)
Stack trace:
#0 /home/pmahendro/public_html/yii/framework/web/CBaseController.php(95): InventoryController->renderInternal()
#1 /home/pmahendro/public_html/yii/framework/web/CController.php(869): InventoryController->renderFile()
#2 /home/pmahendro/public_html/djajalistrik/protected/modules/report/views/inventory/report.php(91): InventoryController->renderPartial()
#3 /home/pmahendro/public_html/yii/framework/web/CBaseController.php(126): require()
#4 /home/pmahendro/public_html/yii/framework/web/CBaseController.php(95): InventoryController->renderInternal()
#5 /home/pmahendro/public_html/yii/framework/web/CController.php(869): InventoryController->renderFile()
#6 /home/pmahendro/public_html/yii/framework/web/CController.php(782): InventoryController->renderPartial()
#7 /home/pmahendro/public_html/djajalistrik/protected/modules/report/controllers/InventoryController.php(43): InventoryController->render()
#8 /home/pmahendro/public_html/yii/framework/web/actions/CInlineAction.php(49): InventoryController->actionReport()
#9 /home/pmahendro/public_html/yii/framework/web/CController.php(308): CInlineAction->runWithParams()
#10 /home/pmahendro/public_html/yii/framework/web/filters/CFilterChain.php(133): InventoryController->runAction()
#11 /home/pmahendro/public_html/djajalistrik/protected/modules/report/controllers/InventoryController.php(17): CFilterChain->run()
#12 /home/pmahendro/public_html/yii/framework/web/filters/CInlineFilter.php(58): InventoryController->filterAccess()
#13 /home/pmahendro/public_html/yii/framework/web/filters/CFilterChain.php(130): CInlineFilter->filter()
#14 /home/pmahendro/public_html/yii/framework/web/CController.php(291): CFilterChain->run()
#15 /home/pmahendro/public_html/yii/framework/web/CController.php(265): InventoryController->runActionWithFilters()
#16 /home/pmahendro/public_html/yii/framework/web/CWebApplication.php(282): InventoryController->run()
#17 /home/pmahendro/public_html/yii/framework/web/CWebApplication.php(141): CWebApplication->runController()
#18 /home/pmahendro/public_html/yii/framework/base/CApplication.php(180): CWebApplication->processRequest()
#19 /home/pmahendro/public_html/djajalistrik/index.php(13): CWebApplication->run()
REQUEST_URI=/~pmahendro/djajalistrik/index.php?r=report/inventory/report
in /home/pmahendro/public_html/djajalistrik/protected/models/custom/Product.php (123)
in /home/pmahendro/public_html/djajalistrik/protected/modules/report/views/inventory/_report.php (53)
in /home/pmahendro/public_html/djajalistrik/protected/modules/report/views/inventory/report.php (91)
2023/09/13 16:43:38 [error] [system.db.CDbCommand] CDbCommand::fetchColumn() failed: SQLSTATE[HY000]: General error: 1525 Incorrect DATE value: ''. The SQL statement executed was: SELECT SUM(quantity_in) 
				FROM tbldl_inventory 
				WHERE product_id = :product_id AND date BETWEEN :start_date AND :end_date.
in /home/pmahendro/public_html/djajalistrik/protected/models/custom/Product.php (73)
in /home/pmahendro/public_html/djajalistrik/protected/modules/report/views/stock/_report.php (40)
in /home/pmahendro/public_html/djajalistrik/protected/modules/report/views/stock/report.php (87)
2023/09/13 16:43:38 [error] [exception.CDbException] exception 'CDbException' with message 'CDbCommand failed to execute the SQL statement: SQLSTATE[HY000]: General error: 1525 Incorrect DATE value: ''. The SQL statement executed was: SELECT SUM(quantity_in) 
				FROM tbldl_inventory 
				WHERE product_id = :product_id AND date BETWEEN :start_date AND :end_date' in /home/pmahendro/public_html/yii/framework/db/CDbCommand.php:543
Stack trace:
#0 /home/pmahendro/public_html/yii/framework/db/CDbCommand.php(433): CDbCommand->queryInternal('fetchColumn', 0, Array)
#1 /home/pmahendro/public_html/djajalistrik/protected/models/custom/Product.php(73): CDbCommand->queryScalar(Array)
#2 /home/pmahendro/public_html/djajalistrik/protected/modules/report/views/stock/_report.php(40): Product->getStockIn('', '')
#3 /home/pmahendro/public_html/yii/framework/web/CBaseController.php(126): require('/home/pmahendro...')
#4 /home/pmahendro/public_html/yii/framework/web/CBaseController.php(95): CBaseController->renderInternal('/home/pmahendro...', Array, true)
#5 /home/pmahendro/public_html/yii/framework/web/CController.php(869): CBaseController->renderFile('/home/pmahendro...', Array, true)
#6 /home/pmahendro/public_html/djajalistrik/protected/modules/report/views/stock/report.php(87): CController->renderPartial('_report', Array)
#7 /home/pmahendro/public_html/yii/framework/web/CBaseController.php(126): require('/home/pmahendro...')
#8 /home/pmahendro/public_html/yii/framework/web/CBaseController.php(95): CBaseController->renderInternal('/home/pmahendro...', Array, true)
#9 /home/pmahendro/public_html/yii/framework/web/CController.php(869): CBaseController->renderFile('/home/pmahendro...', Array, true)
#10 /home/pmahendro/public_html/yii/framework/web/CController.php(782): CController->renderPartial('report', Array, true)
#11 /home/pmahendro/public_html/djajalistrik/protected/modules/report/controllers/StockController.php(60): CController->render('report', Array)
#12 /home/pmahendro/public_html/yii/framework/web/actions/CInlineAction.php(49): StockController->actionReport()
#13 /home/pmahendro/public_html/yii/framework/web/CController.php(308): CInlineAction->runWithParams(Array)
#14 /home/pmahendro/public_html/yii/framework/web/filters/CFilterChain.php(133): CController->runAction(Object(CInlineAction))
#15 /home/pmahendro/public_html/djajalistrik/protected/modules/report/controllers/StockController.php(17): CFilterChain->run()
#16 /home/pmahendro/public_html/yii/framework/web/filters/CInlineFilter.php(58): StockController->filterAccess(Object(CFilterChain))
#17 /home/pmahendro/public_html/yii/framework/web/filters/CFilterChain.php(130): CInlineFilter->filter(Object(CFilterChain))
#18 /home/pmahendro/public_html/yii/framework/web/CController.php(291): CFilterChain->run()
#19 /home/pmahendro/public_html/yii/framework/web/CController.php(265): CController->runActionWithFilters(Object(CInlineAction), Array)
#20 /home/pmahendro/public_html/yii/framework/web/CWebApplication.php(282): CController->run('report')
#21 /home/pmahendro/public_html/yii/framework/web/CWebApplication.php(141): CWebApplication->runController('report/stock/re...')
#22 /home/pmahendro/public_html/yii/framework/base/CApplication.php(180): CWebApplication->processRequest()
#23 /home/pmahendro/public_html/djajalistrik/index.php(13): CApplication->run()
#24 {main}
REQUEST_URI=/~pmahendro/djajalistrik/index.php?r=report/stock/report
HTTP_REFERER=http://localhost/~pmahendro/djajalistrik/index.php?r=site/index
---
2023/09/13 16:43:46 [error] [system.db.CDbCommand] CDbCommand::fetchColumn() failed: SQLSTATE[HY000]: General error: 1525 Incorrect DATE value: ''. The SQL statement executed was: SELECT SUM(quantity_out) 
				FROM tbldl_inventory 
				WHERE product_id = :product_id AND date BETWEEN :start_date AND :end_date.
in /home/pmahendro/public_html/djajalistrik/protected/models/custom/Product.php (85)
in /home/pmahendro/public_html/djajalistrik/protected/modules/report/views/stock/_report.php (41)
in /home/pmahendro/public_html/djajalistrik/protected/modules/report/views/stock/report.php (87)
2023/09/13 16:43:46 [error] [exception.CDbException] exception 'CDbException' with message 'CDbCommand failed to execute the SQL statement: SQLSTATE[HY000]: General error: 1525 Incorrect DATE value: ''. The SQL statement executed was: SELECT SUM(quantity_out) 
				FROM tbldl_inventory 
				WHERE product_id = :product_id AND date BETWEEN :start_date AND :end_date' in /home/pmahendro/public_html/yii/framework/db/CDbCommand.php:543
Stack trace:
#0 /home/pmahendro/public_html/yii/framework/db/CDbCommand.php(433): CDbCommand->queryInternal('fetchColumn', 0, Array)
#1 /home/pmahendro/public_html/djajalistrik/protected/models/custom/Product.php(85): CDbCommand->queryScalar(Array)
#2 /home/pmahendro/public_html/djajalistrik/protected/modules/report/views/stock/_report.php(41): Product->getStockOut('', '')
#3 /home/pmahendro/public_html/yii/framework/web/CBaseController.php(126): require('/home/pmahendro...')
#4 /home/pmahendro/public_html/yii/framework/web/CBaseController.php(95): CBaseController->renderInternal('/home/pmahendro...', Array, true)
#5 /home/pmahendro/public_html/yii/framework/web/CController.php(869): CBaseController->renderFile('/home/pmahendro...', Array, true)
#6 /home/pmahendro/public_html/djajalistrik/protected/modules/report/views/stock/report.php(87): CController->renderPartial('_report', Array)
#7 /home/pmahendro/public_html/yii/framework/web/CBaseController.php(126): require('/home/pmahendro...')
#8 /home/pmahendro/public_html/yii/framework/web/CBaseController.php(95): CBaseController->renderInternal('/home/pmahendro...', Array, true)
#9 /home/pmahendro/public_html/yii/framework/web/CController.php(869): CBaseController->renderFile('/home/pmahendro...', Array, true)
#10 /home/pmahendro/public_html/yii/framework/web/CController.php(782): CController->renderPartial('report', Array, true)
#11 /home/pmahendro/public_html/djajalistrik/protected/modules/report/controllers/StockController.php(60): CController->render('report', Array)
#12 /home/pmahendro/public_html/yii/framework/web/actions/CInlineAction.php(49): StockController->actionReport()
#13 /home/pmahendro/public_html/yii/framework/web/CController.php(308): CInlineAction->runWithParams(Array)
#14 /home/pmahendro/public_html/yii/framework/web/filters/CFilterChain.php(133): CController->runAction(Object(CInlineAction))
#15 /home/pmahendro/public_html/djajalistrik/protected/modules/report/controllers/StockController.php(17): CFilterChain->run()
#16 /home/pmahendro/public_html/yii/framework/web/filters/CInlineFilter.php(58): StockController->filterAccess(Object(CFilterChain))
#17 /home/pmahendro/public_html/yii/framework/web/filters/CFilterChain.php(130): CInlineFilter->filter(Object(CFilterChain))
#18 /home/pmahendro/public_html/yii/framework/web/CController.php(291): CFilterChain->run()
#19 /home/pmahendro/public_html/yii/framework/web/CController.php(265): CController->runActionWithFilters(Object(CInlineAction), Array)
#20 /home/pmahendro/public_html/yii/framework/web/CWebApplication.php(282): CController->run('report')
#21 /home/pmahendro/public_html/yii/framework/web/CWebApplication.php(141): CWebApplication->runController('report/stock/re...')
#22 /home/pmahendro/public_html/yii/framework/base/CApplication.php(180): CWebApplication->processRequest()
#23 /home/pmahendro/public_html/djajalistrik/index.php(13): CApplication->run()
#24 {main}
REQUEST_URI=/~pmahendro/djajalistrik/index.php?r=report/stock/report
HTTP_REFERER=http://localhost/~pmahendro/djajalistrik/index.php?r=site/index
---
2023/09/13 16:43:53 [error] [system.db.CDbCommand] CDbCommand::fetchColumn() failed: SQLSTATE[HY000]: General error: 1525 Incorrect DATE value: ''. The SQL statement executed was: SELECT SUM(quantity_in) - SUM(quantity_out) 
				FROM tbldl_inventory 
				WHERE product_id = :product_id AND date <= :end_date.
in /home/pmahendro/public_html/djajalistrik/protected/models/custom/Product.php (61)
in /home/pmahendro/public_html/djajalistrik/protected/modules/report/views/stock/_report.php (42)
in /home/pmahendro/public_html/djajalistrik/protected/modules/report/views/stock/report.php (87)
2023/09/13 16:43:53 [error] [exception.CDbException] exception 'CDbException' with message 'CDbCommand failed to execute the SQL statement: SQLSTATE[HY000]: General error: 1525 Incorrect DATE value: ''. The SQL statement executed was: SELECT SUM(quantity_in) - SUM(quantity_out) 
				FROM tbldl_inventory 
				WHERE product_id = :product_id AND date <= :end_date' in /home/pmahendro/public_html/yii/framework/db/CDbCommand.php:543
Stack trace:
#0 /home/pmahendro/public_html/yii/framework/db/CDbCommand.php(433): CDbCommand->queryInternal('fetchColumn', 0, Array)
#1 /home/pmahendro/public_html/djajalistrik/protected/models/custom/Product.php(61): CDbCommand->queryScalar(Array)
#2 /home/pmahendro/public_html/djajalistrik/protected/modules/report/views/stock/_report.php(42): Product->getStockEnding('')
#3 /home/pmahendro/public_html/yii/framework/web/CBaseController.php(126): require('/home/pmahendro...')
#4 /home/pmahendro/public_html/yii/framework/web/CBaseController.php(95): CBaseController->renderInternal('/home/pmahendro...', Array, true)
#5 /home/pmahendro/public_html/yii/framework/web/CController.php(869): CBaseController->renderFile('/home/pmahendro...', Array, true)
#6 /home/pmahendro/public_html/djajalistrik/protected/modules/report/views/stock/report.php(87): CController->renderPartial('_report', Array)
#7 /home/pmahendro/public_html/yii/framework/web/CBaseController.php(126): require('/home/pmahendro...')
#8 /home/pmahendro/public_html/yii/framework/web/CBaseController.php(95): CBaseController->renderInternal('/home/pmahendro...', Array, true)
#9 /home/pmahendro/public_html/yii/framework/web/CController.php(869): CBaseController->renderFile('/home/pmahendro...', Array, true)
#10 /home/pmahendro/public_html/yii/framework/web/CController.php(782): CController->renderPartial('report', Array, true)
#11 /home/pmahendro/public_html/djajalistrik/protected/modules/report/controllers/StockController.php(60): CController->render('report', Array)
#12 /home/pmahendro/public_html/yii/framework/web/actions/CInlineAction.php(49): StockController->actionReport()
#13 /home/pmahendro/public_html/yii/framework/web/CController.php(308): CInlineAction->runWithParams(Array)
#14 /home/pmahendro/public_html/yii/framework/web/filters/CFilterChain.php(133): CController->runAction(Object(CInlineAction))
#15 /home/pmahendro/public_html/djajalistrik/protected/modules/report/controllers/StockController.php(17): CFilterChain->run()
#16 /home/pmahendro/public_html/yii/framework/web/filters/CInlineFilter.php(58): StockController->filterAccess(Object(CFilterChain))
#17 /home/pmahendro/public_html/yii/framework/web/filters/CFilterChain.php(130): CInlineFilter->filter(Object(CFilterChain))
#18 /home/pmahendro/public_html/yii/framework/web/CController.php(291): CFilterChain->run()
#19 /home/pmahendro/public_html/yii/framework/web/CController.php(265): CController->runActionWithFilters(Object(CInlineAction), Array)
#20 /home/pmahendro/public_html/yii/framework/web/CWebApplication.php(282): CController->run('report')
#21 /home/pmahendro/public_html/yii/framework/web/CWebApplication.php(141): CWebApplication->runController('report/stock/re...')
#22 /home/pmahendro/public_html/yii/framework/base/CApplication.php(180): CWebApplication->processRequest()
#23 /home/pmahendro/public_html/djajalistrik/index.php(13): CApplication->run()
#24 {main}
REQUEST_URI=/~pmahendro/djajalistrik/index.php?r=report/stock/report
HTTP_REFERER=http://localhost/~pmahendro/djajalistrik/index.php?r=site/index
---
2023/09/13 16:44:08 [error] [system.db.CDbCommand] CDbCommand::fetchColumn() failed: SQLSTATE[HY000]: General error: 1525 Incorrect DATE value: ''. The SQL statement executed was: SELECT SUM(quantity_in) - SUM(quantity_out) 
				FROM tbldl_inventory 
				WHERE product_id = :product_id AND date < :start_date.
in /home/pmahendro/public_html/djajalistrik/protected/models/custom/Product.php (50)
in /home/pmahendro/public_html/djajalistrik/protected/modules/report/controllers/StockController.php (67)
in /home/pmahendro/public_html/djajalistrik/protected/modules/report/views/stock/_report.php (52)
2023/09/13 16:44:08 [error] [exception.CDbException] exception 'CDbException' with message 'CDbCommand failed to execute the SQL statement: SQLSTATE[HY000]: General error: 1525 Incorrect DATE value: ''. The SQL statement executed was: SELECT SUM(quantity_in) - SUM(quantity_out) 
				FROM tbldl_inventory 
				WHERE product_id = :product_id AND date < :start_date' in /home/pmahendro/public_html/yii/framework/db/CDbCommand.php:543
Stack trace:
#0 /home/pmahendro/public_html/yii/framework/db/CDbCommand.php(433): CDbCommand->queryInternal('fetchColumn', 0, Array)
#1 /home/pmahendro/public_html/djajalistrik/protected/models/custom/Product.php(50): CDbCommand->queryScalar(Array)
#2 /home/pmahendro/public_html/djajalistrik/protected/modules/report/controllers/StockController.php(67): Product->getStockBeginning('')
#3 /home/pmahendro/public_html/djajalistrik/protected/modules/report/views/stock/_report.php(52): StockController->reportStockBeginning(Object(StockReport), '')
#4 /home/pmahendro/public_html/yii/framework/web/CBaseController.php(126): require('/home/pmahendro...')
#5 /home/pmahendro/public_html/yii/framework/web/CBaseController.php(95): CBaseController->renderInternal('/home/pmahendro...', Array, true)
#6 /home/pmahendro/public_html/yii/framework/web/CController.php(869): CBaseController->renderFile('/home/pmahendro...', Array, true)
#7 /home/pmahendro/public_html/djajalistrik/protected/modules/report/views/stock/report.php(87): CController->renderPartial('_report', Array)
#8 /home/pmahendro/public_html/yii/framework/web/CBaseController.php(126): require('/home/pmahendro...')
#9 /home/pmahendro/public_html/yii/framework/web/CBaseController.php(95): CBaseController->renderInternal('/home/pmahendro...', Array, true)
#10 /home/pmahendro/public_html/yii/framework/web/CController.php(869): CBaseController->renderFile('/home/pmahendro...', Array, true)
#11 /home/pmahendro/public_html/yii/framework/web/CController.php(782): CController->renderPartial('report', Array, true)
#12 /home/pmahendro/public_html/djajalistrik/protected/modules/report/controllers/StockController.php(60): CController->render('report', Array)
#13 /home/pmahendro/public_html/yii/framework/web/actions/CInlineAction.php(49): StockController->actionReport()
#14 /home/pmahendro/public_html/yii/framework/web/CController.php(308): CInlineAction->runWithParams(Array)
#15 /home/pmahendro/public_html/yii/framework/web/filters/CFilterChain.php(133): CController->runAction(Object(CInlineAction))
#16 /home/pmahendro/public_html/djajalistrik/protected/modules/report/controllers/StockController.php(17): CFilterChain->run()
#17 /home/pmahendro/public_html/yii/framework/web/filters/CInlineFilter.php(58): StockController->filterAccess(Object(CFilterChain))
#18 /home/pmahendro/public_html/yii/framework/web/filters/CFilterChain.php(130): CInlineFilter->filter(Object(CFilterChain))
#19 /home/pmahendro/public_html/yii/framework/web/CController.php(291): CFilterChain->run()
#20 /home/pmahendro/public_html/yii/framework/web/CController.php(265): CController->runActionWithFilters(Object(CInlineAction), Array)
#21 /home/pmahendro/public_html/yii/framework/web/CWebApplication.php(282): CController->run('report')
#22 /home/pmahendro/public_html/yii/framework/web/CWebApplication.php(141): CWebApplication->runController('report/stock/re...')
#23 /home/pmahendro/public_html/yii/framework/base/CApplication.php(180): CWebApplication->processRequest()
#24 /home/pmahendro/public_html/djajalistrik/index.php(13): CApplication->run()
#25 {main}
REQUEST_URI=/~pmahendro/djajalistrik/index.php?r=report/stock/report
HTTP_REFERER=http://localhost/~pmahendro/djajalistrik/index.php?r=site/index
---
2023/09/13 16:56:49 [error] [php] Missing argument 2 for Product::getCogsIn(), called in /home/pmahendro/public_html/djajalistrik/protected/modules/report/views/stock/_report.php on line 49 and defined (/home/pmahendro/public_html/djajalistrik/protected/models/custom/Product.php:151)
Stack trace:
#0 /home/pmahendro/public_html/yii/framework/web/CBaseController.php(95): StockController->renderInternal()
#1 /home/pmahendro/public_html/yii/framework/web/CController.php(869): StockController->renderFile()
#2 /home/pmahendro/public_html/djajalistrik/protected/modules/report/views/stock/report.php(87): StockController->renderPartial()
#3 /home/pmahendro/public_html/yii/framework/web/CBaseController.php(126): require()
#4 /home/pmahendro/public_html/yii/framework/web/CBaseController.php(95): StockController->renderInternal()
#5 /home/pmahendro/public_html/yii/framework/web/CController.php(869): StockController->renderFile()
#6 /home/pmahendro/public_html/yii/framework/web/CController.php(782): StockController->renderPartial()
#7 /home/pmahendro/public_html/djajalistrik/protected/modules/report/controllers/StockController.php(60): StockController->render()
#8 /home/pmahendro/public_html/yii/framework/web/actions/CInlineAction.php(49): StockController->actionReport()
#9 /home/pmahendro/public_html/yii/framework/web/CController.php(308): CInlineAction->runWithParams()
#10 /home/pmahendro/public_html/yii/framework/web/filters/CFilterChain.php(133): StockController->runAction()
#11 /home/pmahendro/public_html/djajalistrik/protected/modules/report/controllers/StockController.php(17): CFilterChain->run()
#12 /home/pmahendro/public_html/yii/framework/web/filters/CInlineFilter.php(58): StockController->filterAccess()
#13 /home/pmahendro/public_html/yii/framework/web/filters/CFilterChain.php(130): CInlineFilter->filter()
#14 /home/pmahendro/public_html/yii/framework/web/CController.php(291): CFilterChain->run()
#15 /home/pmahendro/public_html/yii/framework/web/CController.php(265): StockController->runActionWithFilters()
#16 /home/pmahendro/public_html/yii/framework/web/CWebApplication.php(282): StockController->run()
#17 /home/pmahendro/public_html/yii/framework/web/CWebApplication.php(141): CWebApplication->runController()
#18 /home/pmahendro/public_html/yii/framework/base/CApplication.php(180): CWebApplication->processRequest()
#19 /home/pmahendro/public_html/djajalistrik/index.php(13): CWebApplication->run()
REQUEST_URI=/~pmahendro/djajalistrik/index.php?r=report%2Fstock%2Freport&Product%5Bname%5D=&PageSize=1000&page=1&StartDate=2023-02-01&EndDate=2023-09-13&sort=&yt0=Show
in /home/pmahendro/public_html/djajalistrik/protected/models/custom/Product.php (151)
in /home/pmahendro/public_html/djajalistrik/protected/modules/report/views/stock/_report.php (49)
in /home/pmahendro/public_html/djajalistrik/protected/modules/report/views/stock/report.php (87)
2023/09/13 16:58:01 [error] [php] Missing argument 2 for Product::getCogsIn(), called in /home/pmahendro/public_html/djajalistrik/protected/modules/report/views/stock/_report.php on line 49 and defined (/home/pmahendro/public_html/djajalistrik/protected/models/custom/Product.php:151)
Stack trace:
#0 /home/pmahendro/public_html/yii/framework/web/CBaseController.php(95): StockController->renderInternal()
#1 /home/pmahendro/public_html/yii/framework/web/CController.php(869): StockController->renderFile()
#2 /home/pmahendro/public_html/djajalistrik/protected/modules/report/views/stock/report.php(87): StockController->renderPartial()
#3 /home/pmahendro/public_html/yii/framework/web/CBaseController.php(126): require()
#4 /home/pmahendro/public_html/yii/framework/web/CBaseController.php(95): StockController->renderInternal()
#5 /home/pmahendro/public_html/yii/framework/web/CController.php(869): StockController->renderFile()
#6 /home/pmahendro/public_html/yii/framework/web/CController.php(782): StockController->renderPartial()
#7 /home/pmahendro/public_html/djajalistrik/protected/modules/report/controllers/StockController.php(60): StockController->render()
#8 /home/pmahendro/public_html/yii/framework/web/actions/CInlineAction.php(49): StockController->actionReport()
#9 /home/pmahendro/public_html/yii/framework/web/CController.php(308): CInlineAction->runWithParams()
#10 /home/pmahendro/public_html/yii/framework/web/filters/CFilterChain.php(133): StockController->runAction()
#11 /home/pmahendro/public_html/djajalistrik/protected/modules/report/controllers/StockController.php(17): CFilterChain->run()
#12 /home/pmahendro/public_html/yii/framework/web/filters/CInlineFilter.php(58): StockController->filterAccess()
#13 /home/pmahendro/public_html/yii/framework/web/filters/CFilterChain.php(130): CInlineFilter->filter()
#14 /home/pmahendro/public_html/yii/framework/web/CController.php(291): CFilterChain->run()
#15 /home/pmahendro/public_html/yii/framework/web/CController.php(265): StockController->runActionWithFilters()
#16 /home/pmahendro/public_html/yii/framework/web/CWebApplication.php(282): StockController->run()
#17 /home/pmahendro/public_html/yii/framework/web/CWebApplication.php(141): CWebApplication->runController()
#18 /home/pmahendro/public_html/yii/framework/base/CApplication.php(180): CWebApplication->processRequest()
#19 /home/pmahendro/public_html/djajalistrik/index.php(13): CWebApplication->run()
REQUEST_URI=/~pmahendro/djajalistrik/index.php?r=report%2Fstock%2Freport&Product%5Bname%5D=&PageSize=1000&page=1&StartDate=2023-02-01&EndDate=2023-09-13&sort=&yt0=Show
in /home/pmahendro/public_html/djajalistrik/protected/models/custom/Product.php (151)
in /home/pmahendro/public_html/djajalistrik/protected/modules/report/views/stock/_report.php (49)
in /home/pmahendro/public_html/djajalistrik/protected/modules/report/views/stock/report.php (87)
2023/09/13 19:42:55 [error] [php] Missing argument 1 for Product::getCurrentStock(), called in /home/pmahendro/public_html/djajalistrik/protected/modules/report/views/inventory/_report.php on line 53 and defined (/home/pmahendro/public_html/djajalistrik/protected/models/custom/Product.php:123)
Stack trace:
#0 /home/pmahendro/public_html/yii/framework/web/CBaseController.php(95): InventoryController->renderInternal()
#1 /home/pmahendro/public_html/yii/framework/web/CController.php(869): InventoryController->renderFile()
#2 /home/pmahendro/public_html/djajalistrik/protected/modules/report/views/inventory/report.php(91): InventoryController->renderPartial()
#3 /home/pmahendro/public_html/yii/framework/web/CBaseController.php(126): require()
#4 /home/pmahendro/public_html/yii/framework/web/CBaseController.php(95): InventoryController->renderInternal()
#5 /home/pmahendro/public_html/yii/framework/web/CController.php(869): InventoryController->renderFile()
#6 /home/pmahendro/public_html/yii/framework/web/CController.php(782): InventoryController->renderPartial()
#7 /home/pmahendro/public_html/djajalistrik/protected/modules/report/controllers/InventoryController.php(43): InventoryController->render()
#8 /home/pmahendro/public_html/yii/framework/web/actions/CInlineAction.php(49): InventoryController->actionReport()
#9 /home/pmahendro/public_html/yii/framework/web/CController.php(308): CInlineAction->runWithParams()
#10 /home/pmahendro/public_html/yii/framework/web/filters/CFilterChain.php(133): InventoryController->runAction()
#11 /home/pmahendro/public_html/djajalistrik/protected/modules/report/controllers/InventoryController.php(17): CFilterChain->run()
#12 /home/pmahendro/public_html/yii/framework/web/filters/CInlineFilter.php(58): InventoryController->filterAccess()
#13 /home/pmahendro/public_html/yii/framework/web/filters/CFilterChain.php(130): CInlineFilter->filter()
#14 /home/pmahendro/public_html/yii/framework/web/CController.php(291): CFilterChain->run()
#15 /home/pmahendro/public_html/yii/framework/web/CController.php(265): InventoryController->runActionWithFilters()
#16 /home/pmahendro/public_html/yii/framework/web/CWebApplication.php(282): InventoryController->run()
#17 /home/pmahendro/public_html/yii/framework/web/CWebApplication.php(141): CWebApplication->runController()
#18 /home/pmahendro/public_html/yii/framework/base/CApplication.php(180): CWebApplication->processRequest()
#19 /home/pmahendro/public_html/djajalistrik/index.php(13): CWebApplication->run()
REQUEST_URI=/~pmahendro/djajalistrik/index.php?r=report/inventory/report
in /home/pmahendro/public_html/djajalistrik/protected/models/custom/Product.php (123)
in /home/pmahendro/public_html/djajalistrik/protected/modules/report/views/inventory/_report.php (53)
in /home/pmahendro/public_html/djajalistrik/protected/modules/report/views/inventory/report.php (91)
2023/09/13 19:45:15 [error] [system.db.CDbCommand] CDbCommand::fetchColumn() failed: SQLSTATE[HY000]: General error: 1525 Incorrect DATE value: ''. The SQL statement executed was: SELECT SUM(quantity_in - quantity_out) AS current_stock
                FROM tbldl_inventory p
                WHERE p.product_id = :product_id AND p.date <= :end_date
                GROUP BY p.product_id.
in /home/pmahendro/public_html/djajalistrik/protected/models/custom/Product.php (132)
in /home/pmahendro/public_html/djajalistrik/protected/modules/report/views/inventory/_report.php (53)
in /home/pmahendro/public_html/djajalistrik/protected/modules/report/views/inventory/report.php (91)
2023/09/13 19:45:15 [error] [exception.CDbException] exception 'CDbException' with message 'CDbCommand failed to execute the SQL statement: SQLSTATE[HY000]: General error: 1525 Incorrect DATE value: ''. The SQL statement executed was: SELECT SUM(quantity_in - quantity_out) AS current_stock
                FROM tbldl_inventory p
                WHERE p.product_id = :product_id AND p.date <= :end_date
                GROUP BY p.product_id' in /home/pmahendro/public_html/yii/framework/db/CDbCommand.php:543
Stack trace:
#0 /home/pmahendro/public_html/yii/framework/db/CDbCommand.php(433): CDbCommand->queryInternal('fetchColumn', 0, Array)
#1 /home/pmahendro/public_html/djajalistrik/protected/models/custom/Product.php(132): CDbCommand->queryScalar(Array)
#2 /home/pmahendro/public_html/djajalistrik/protected/modules/report/views/inventory/_report.php(53): Product->getCurrentStock('')
#3 /home/pmahendro/public_html/yii/framework/web/CBaseController.php(126): require('/home/pmahendro...')
#4 /home/pmahendro/public_html/yii/framework/web/CBaseController.php(95): CBaseController->renderInternal('/home/pmahendro...', Array, true)
#5 /home/pmahendro/public_html/yii/framework/web/CController.php(869): CBaseController->renderFile('/home/pmahendro...', Array, true)
#6 /home/pmahendro/public_html/djajalistrik/protected/modules/report/views/inventory/report.php(91): CController->renderPartial('_report', Array)
#7 /home/pmahendro/public_html/yii/framework/web/CBaseController.php(126): require('/home/pmahendro...')
#8 /home/pmahendro/public_html/yii/framework/web/CBaseController.php(95): CBaseController->renderInternal('/home/pmahendro...', Array, true)
#9 /home/pmahendro/public_html/yii/framework/web/CController.php(869): CBaseController->renderFile('/home/pmahendro...', Array, true)
#10 /home/pmahendro/public_html/yii/framework/web/CController.php(782): CController->renderPartial('report', Array, true)
#11 /home/pmahendro/public_html/djajalistrik/protected/modules/report/controllers/InventoryController.php(43): CController->render('report', Array)
#12 /home/pmahendro/public_html/yii/framework/web/actions/CInlineAction.php(49): InventoryController->actionReport()
#13 /home/pmahendro/public_html/yii/framework/web/CController.php(308): CInlineAction->runWithParams(Array)
#14 /home/pmahendro/public_html/yii/framework/web/filters/CFilterChain.php(133): CController->runAction(Object(CInlineAction))
#15 /home/pmahendro/public_html/djajalistrik/protected/modules/report/controllers/InventoryController.php(17): CFilterChain->run()
#16 /home/pmahendro/public_html/yii/framework/web/filters/CInlineFilter.php(58): InventoryController->filterAccess(Object(CFilterChain))
#17 /home/pmahendro/public_html/yii/framework/web/filters/CFilterChain.php(130): CInlineFilter->filter(Object(CFilterChain))
#18 /home/pmahendro/public_html/yii/framework/web/CController.php(291): CFilterChain->run()
#19 /home/pmahendro/public_html/yii/framework/web/CController.php(265): CController->runActionWithFilters(Object(CInlineAction), Array)
#20 /home/pmahendro/public_html/yii/framework/web/CWebApplication.php(282): CController->run('report')
#21 /home/pmahendro/public_html/yii/framework/web/CWebApplication.php(141): CWebApplication->runController('report/inventor...')
#22 /home/pmahendro/public_html/yii/framework/base/CApplication.php(180): CWebApplication->processRequest()
#23 /home/pmahendro/public_html/djajalistrik/index.php(13): CApplication->run()
#24 {main}
REQUEST_URI=/~pmahendro/djajalistrik/index.php?r=report/inventory/report
HTTP_REFERER=http://localhost/~pmahendro/djajalistrik/index.php?r=site/index
---
2024/08/21 10:57:20 [error] [exception.CException] exception 'CException' with message 'Property "Order.tax" is not defined.' in /home/pmahendro/public_html/yii/framework/base/CComponent.php:130
Stack trace:
#0 /home/pmahendro/public_html/yii/framework/web/helpers/CHtml.php(2529): CComponent->__get('tax')
#1 /home/pmahendro/public_html/yii/framework/web/helpers/CHtml.php(1802): CHtml::resolveValue(Object(Order), 'tax')
#2 /home/pmahendro/public_html/djajalistrik/protected/modules/transaction/views/order/_form.php(247): CHtml::activeDropDownList(Object(Order), 'tax', Array)
#3 /home/pmahendro/public_html/yii/framework/web/CBaseController.php(126): require('/home/pmahendro...')
#4 /home/pmahendro/public_html/yii/framework/web/CBaseController.php(95): CBaseController->renderInternal('/home/pmahendro...', Array, true)
#5 /home/pmahendro/public_html/yii/framework/web/CController.php(869): CBaseController->renderFile('/home/pmahendro...', Array, true)
#6 /home/pmahendro/public_html/djajalistrik/protected/modules/transaction/views/order/create.php(17): CController->renderPartial('_form', Array)
#7 /home/pmahendro/public_html/yii/framework/web/CBaseController.php(126): require('/home/pmahendro...')
#8 /home/pmahendro/public_html/yii/framework/web/CBaseController.php(95): CBaseController->renderInternal('/home/pmahendro...', Array, true)
#9 /home/pmahendro/public_html/yii/framework/web/CController.php(869): CBaseController->renderFile('/home/pmahendro...', Array, true)
#10 /home/pmahendro/public_html/yii/framework/web/CController.php(782): CController->renderPartial('create', Array, true)
#11 /home/pmahendro/public_html/djajalistrik/protected/modules/transaction/controllers/OrderController.php(74): CController->render('create', Array)
#12 /home/pmahendro/public_html/yii/framework/web/actions/CInlineAction.php(49): OrderController->actionCreate()
#13 /home/pmahendro/public_html/yii/framework/web/CController.php(308): CInlineAction->runWithParams(Array)
#14 /home/pmahendro/public_html/yii/framework/web/filters/CFilterChain.php(133): CController->runAction(Object(CInlineAction))
#15 /home/pmahendro/public_html/djajalistrik/protected/modules/transaction/controllers/OrderController.php(29): CFilterChain->run()
#16 /home/pmahendro/public_html/yii/framework/web/filters/CInlineFilter.php(58): OrderController->filterAccess(Object(CFilterChain))
#17 /home/pmahendro/public_html/yii/framework/web/filters/CFilterChain.php(130): CInlineFilter->filter(Object(CFilterChain))
#18 /home/pmahendro/public_html/yii/framework/web/CController.php(291): CFilterChain->run()
#19 /home/pmahendro/public_html/yii/framework/web/CController.php(265): CController->runActionWithFilters(Object(CInlineAction), Array)
#20 /home/pmahendro/public_html/yii/framework/web/CWebApplication.php(282): CController->run('create')
#21 /home/pmahendro/public_html/yii/framework/web/CWebApplication.php(141): CWebApplication->runController('transaction/ord...')
#22 /home/pmahendro/public_html/yii/framework/base/CApplication.php(180): CWebApplication->processRequest()
#23 /home/pmahendro/public_html/djajalistrik/index.php(13): CApplication->run()
#24 {main}
REQUEST_URI=/~pmahendro/djajalistrik/index.php?r=transaction/order/create
HTTP_REFERER=http://localhost/~pmahendro/djajalistrik/index.php?r=transaction/order/create
---
2025/04/23 10:54:11 [error] [system.db.CDbCommand] CDbCommand::fetchAll() failed: SQLSTATE[HY000]: General error: 1525 Incorrect DATE value: ''. The SQL statement executed was: SELECT i.id, i.number, i.date AS transaction_date, o.reference_number AS order_number, c.company AS customer_company, b.name AS branch_name, i.grand_total, COALESCE(p.payment, 0)
                FROM tbldl_invoice_header i
                INNER JOIN tbldl_order_header o ON o.id = i.order_header_id
                INNER JOIN tbldl_customer c ON c.id = i.customer_id
                INNER JOIN tbldl_branch b ON b.id = i.branch_id
                LEFT OUTER JOIN (
                    SELECT h.id, h.invoice_header_id, COALESCE(SUM(d.amount), 0) AS payment
                    FROM tbldl_sale_payment_header h 
                    INNER JOIN tbldl_sale_payment_detail d ON h.id = d.sale_payment_header_id
                    WHERE h.date < :end_date
                    GROUP BY h.id
                ) p
                ON i.id = p.invoice_header_id
                WHERE i.date < :end_date AND i.grand_total - COALESCE(p.payment, 0) > 0.
in /home/pmahendro/public_html/djajalistrik/protected/models/custom/InvoiceHeader.php (148)
in /home/pmahendro/public_html/djajalistrik/protected/modules/report/controllers/InvoiceOutstandingController.php (31)
in /home/pmahendro/public_html/djajalistrik/protected/modules/report/controllers/InvoiceOutstandingController.php (17)
2025/04/23 10:54:11 [error] [exception.CDbException] exception 'CDbException' with message 'CDbCommand failed to execute the SQL statement: SQLSTATE[HY000]: General error: 1525 Incorrect DATE value: ''. The SQL statement executed was: SELECT i.id, i.number, i.date AS transaction_date, o.reference_number AS order_number, c.company AS customer_company, b.name AS branch_name, i.grand_total, COALESCE(p.payment, 0)
                FROM tbldl_invoice_header i
                INNER JOIN tbldl_order_header o ON o.id = i.order_header_id
                INNER JOIN tbldl_customer c ON c.id = i.customer_id
                INNER JOIN tbldl_branch b ON b.id = i.branch_id
                LEFT OUTER JOIN (
                    SELECT h.id, h.invoice_header_id, COALESCE(SUM(d.amount), 0) AS payment
                    FROM tbldl_sale_payment_header h 
                    INNER JOIN tbldl_sale_payment_detail d ON h.id = d.sale_payment_header_id
                    WHERE h.date < :end_date
                    GROUP BY h.id
                ) p
                ON i.id = p.invoice_header_id
                WHERE i.date < :end_date AND i.grand_total - COALESCE(p.payment, 0) > 0' in /home/pmahendro/public_html/yii/framework/db/CDbCommand.php:543
Stack trace:
#0 /home/pmahendro/public_html/yii/framework/db/CDbCommand.php(396): CDbCommand->queryInternal('fetchAll', Array, Array)
#1 /home/pmahendro/public_html/djajalistrik/protected/models/custom/InvoiceHeader.php(148): CDbCommand->queryAll(true, Array)
#2 /home/pmahendro/public_html/djajalistrik/protected/modules/report/controllers/InvoiceOutstandingController.php(31): InvoiceHeader->searchByReportOutstanding('', '', '')
#3 /home/pmahendro/public_html/yii/framework/web/actions/CInlineAction.php(49): InvoiceOutstandingController->actionReport()
#4 /home/pmahendro/public_html/yii/framework/web/CController.php(308): CInlineAction->runWithParams(Array)
#5 /home/pmahendro/public_html/yii/framework/web/filters/CFilterChain.php(133): CController->runAction(Object(CInlineAction))
#6 /home/pmahendro/public_html/djajalistrik/protected/modules/report/controllers/InvoiceOutstandingController.php(17): CFilterChain->run()
#7 /home/pmahendro/public_html/yii/framework/web/filters/CInlineFilter.php(58): InvoiceOutstandingController->filterAccess(Object(CFilterChain))
#8 /home/pmahendro/public_html/yii/framework/web/filters/CFilterChain.php(130): CInlineFilter->filter(Object(CFilterChain))
#9 /home/pmahendro/public_html/yii/framework/web/CController.php(291): CFilterChain->run()
#10 /home/pmahendro/public_html/yii/framework/web/CController.php(265): CController->runActionWithFilters(Object(CInlineAction), Array)
#11 /home/pmahendro/public_html/yii/framework/web/CWebApplication.php(282): CController->run('report')
#12 /home/pmahendro/public_html/yii/framework/web/CWebApplication.php(141): CWebApplication->runController('report/invoiceO...')
#13 /home/pmahendro/public_html/yii/framework/base/CApplication.php(180): CWebApplication->processRequest()
#14 /home/pmahendro/public_html/djajalistrik/index.php(13): CApplication->run()
#15 {main}
REQUEST_URI=/~pmahendro/djajalistrik/index.php?r=report/invoiceOutstanding/report
HTTP_REFERER=http://localhost/~pmahendro/djajalistrik/index.php?r=transaction/receive/admin
---
2025/04/23 10:59:14 [error] [system.db.CDbCommand] CDbCommand::fetchAll() failed: SQLSTATE[HY093]: Invalid parameter number: number of bound variables does not match number of tokens. The SQL statement executed was: SELECT i.id, i.number, i.date AS transaction_date, o.reference_number AS order_number, c.company AS customer_company, b.name AS branch_name, i.grand_total, COALESCE(p.payment, 0)
                FROM tbldl_invoice_header i
                INNER JOIN tbldl_order_header o ON o.id = i.order_header_id
                INNER JOIN tbldl_customer c ON c.id = i.customer_id
                INNER JOIN tbldl_branch b ON b.id = i.branch_id
                WHERE i.date < :end_date AND i.grand_total - COALESCE(t.total_payment, 0) > 0 AND i.is_inactive = 0.
in /home/pmahendro/public_html/djajalistrik/protected/models/custom/InvoiceHeader.php (140)
in /home/pmahendro/public_html/djajalistrik/protected/modules/report/controllers/InvoiceOutstandingController.php (31)
in /home/pmahendro/public_html/djajalistrik/protected/modules/report/controllers/InvoiceOutstandingController.php (17)
2025/04/23 10:59:14 [error] [exception.CDbException] exception 'CDbException' with message 'CDbCommand failed to execute the SQL statement: SQLSTATE[HY093]: Invalid parameter number: number of bound variables does not match number of tokens. The SQL statement executed was: SELECT i.id, i.number, i.date AS transaction_date, o.reference_number AS order_number, c.company AS customer_company, b.name AS branch_name, i.grand_total, COALESCE(p.payment, 0)
                FROM tbldl_invoice_header i
                INNER JOIN tbldl_order_header o ON o.id = i.order_header_id
                INNER JOIN tbldl_customer c ON c.id = i.customer_id
                INNER JOIN tbldl_branch b ON b.id = i.branch_id
                WHERE i.date < :end_date AND i.grand_total - COALESCE(t.total_payment, 0) > 0 AND i.is_inactive = 0' in /home/pmahendro/public_html/yii/framework/db/CDbCommand.php:543
Stack trace:
#0 /home/pmahendro/public_html/yii/framework/db/CDbCommand.php(396): CDbCommand->queryInternal('fetchAll', Array, Array)
#1 /home/pmahendro/public_html/djajalistrik/protected/models/custom/InvoiceHeader.php(140): CDbCommand->queryAll(true, Array)
#2 /home/pmahendro/public_html/djajalistrik/protected/modules/report/controllers/InvoiceOutstandingController.php(31): InvoiceHeader->searchByReportOutstanding('2025-04-23', '', '')
#3 /home/pmahendro/public_html/yii/framework/web/actions/CInlineAction.php(49): InvoiceOutstandingController->actionReport()
#4 /home/pmahendro/public_html/yii/framework/web/CController.php(308): CInlineAction->runWithParams(Array)
#5 /home/pmahendro/public_html/yii/framework/web/filters/CFilterChain.php(133): CController->runAction(Object(CInlineAction))
#6 /home/pmahendro/public_html/djajalistrik/protected/modules/report/controllers/InvoiceOutstandingController.php(17): CFilterChain->run()
#7 /home/pmahendro/public_html/yii/framework/web/filters/CInlineFilter.php(58): InvoiceOutstandingController->filterAccess(Object(CFilterChain))
#8 /home/pmahendro/public_html/yii/framework/web/filters/CFilterChain.php(130): CInlineFilter->filter(Object(CFilterChain))
#9 /home/pmahendro/public_html/yii/framework/web/CController.php(291): CFilterChain->run()
#10 /home/pmahendro/public_html/yii/framework/web/CController.php(265): CController->runActionWithFilters(Object(CInlineAction), Array)
#11 /home/pmahendro/public_html/yii/framework/web/CWebApplication.php(282): CController->run('report')
#12 /home/pmahendro/public_html/yii/framework/web/CWebApplication.php(141): CWebApplication->runController('report/invoiceO...')
#13 /home/pmahendro/public_html/yii/framework/base/CApplication.php(180): CWebApplication->processRequest()
#14 /home/pmahendro/public_html/djajalistrik/index.php(13): CApplication->run()
#15 {main}
REQUEST_URI=/~pmahendro/djajalistrik/index.php?r=report/invoiceOutstanding/report
HTTP_REFERER=http://localhost/~pmahendro/djajalistrik/index.php?r=transaction/receive/admin
---
2025/04/23 10:59:37 [error] [system.db.CDbCommand] CDbCommand::fetchAll() failed: SQLSTATE[HY093]: Invalid parameter number: number of bound variables does not match number of tokens. The SQL statement executed was: SELECT i.id, i.number, i.date AS transaction_date, o.reference_number AS order_number, c.company AS customer_company, b.name AS branch_name, i.grand_total, COALESCE(i.total_payment, 0)
                FROM tbldl_invoice_header i
                INNER JOIN tbldl_order_header o ON o.id = i.order_header_id
                INNER JOIN tbldl_customer c ON c.id = i.customer_id
                INNER JOIN tbldl_branch b ON b.id = i.branch_id
                WHERE i.date < :end_date AND i.grand_total - COALESCE(t.total_payment, 0) > 0 AND i.is_inactive = 0.
in /home/pmahendro/public_html/djajalistrik/protected/models/custom/InvoiceHeader.php (140)
in /home/pmahendro/public_html/djajalistrik/protected/modules/report/controllers/InvoiceOutstandingController.php (31)
in /home/pmahendro/public_html/djajalistrik/protected/modules/report/controllers/InvoiceOutstandingController.php (17)
2025/04/23 10:59:37 [error] [exception.CDbException] exception 'CDbException' with message 'CDbCommand failed to execute the SQL statement: SQLSTATE[HY093]: Invalid parameter number: number of bound variables does not match number of tokens. The SQL statement executed was: SELECT i.id, i.number, i.date AS transaction_date, o.reference_number AS order_number, c.company AS customer_company, b.name AS branch_name, i.grand_total, COALESCE(i.total_payment, 0)
                FROM tbldl_invoice_header i
                INNER JOIN tbldl_order_header o ON o.id = i.order_header_id
                INNER JOIN tbldl_customer c ON c.id = i.customer_id
                INNER JOIN tbldl_branch b ON b.id = i.branch_id
                WHERE i.date < :end_date AND i.grand_total - COALESCE(t.total_payment, 0) > 0 AND i.is_inactive = 0' in /home/pmahendro/public_html/yii/framework/db/CDbCommand.php:543
Stack trace:
#0 /home/pmahendro/public_html/yii/framework/db/CDbCommand.php(396): CDbCommand->queryInternal('fetchAll', Array, Array)
#1 /home/pmahendro/public_html/djajalistrik/protected/models/custom/InvoiceHeader.php(140): CDbCommand->queryAll(true, Array)
#2 /home/pmahendro/public_html/djajalistrik/protected/modules/report/controllers/InvoiceOutstandingController.php(31): InvoiceHeader->searchByReportOutstanding('2025-04-23', '', '')
#3 /home/pmahendro/public_html/yii/framework/web/actions/CInlineAction.php(49): InvoiceOutstandingController->actionReport()
#4 /home/pmahendro/public_html/yii/framework/web/CController.php(308): CInlineAction->runWithParams(Array)
#5 /home/pmahendro/public_html/yii/framework/web/filters/CFilterChain.php(133): CController->runAction(Object(CInlineAction))
#6 /home/pmahendro/public_html/djajalistrik/protected/modules/report/controllers/InvoiceOutstandingController.php(17): CFilterChain->run()
#7 /home/pmahendro/public_html/yii/framework/web/filters/CInlineFilter.php(58): InvoiceOutstandingController->filterAccess(Object(CFilterChain))
#8 /home/pmahendro/public_html/yii/framework/web/filters/CFilterChain.php(130): CInlineFilter->filter(Object(CFilterChain))
#9 /home/pmahendro/public_html/yii/framework/web/CController.php(291): CFilterChain->run()
#10 /home/pmahendro/public_html/yii/framework/web/CController.php(265): CController->runActionWithFilters(Object(CInlineAction), Array)
#11 /home/pmahendro/public_html/yii/framework/web/CWebApplication.php(282): CController->run('report')
#12 /home/pmahendro/public_html/yii/framework/web/CWebApplication.php(141): CWebApplication->runController('report/invoiceO...')
#13 /home/pmahendro/public_html/yii/framework/base/CApplication.php(180): CWebApplication->processRequest()
#14 /home/pmahendro/public_html/djajalistrik/index.php(13): CApplication->run()
#15 {main}
REQUEST_URI=/~pmahendro/djajalistrik/index.php?r=report/invoiceOutstanding/report
HTTP_REFERER=http://localhost/~pmahendro/djajalistrik/index.php?r=transaction/receive/admin
---
2025/04/23 11:00:54 [error] [system.db.CDbCommand] CDbCommand::fetchAll() failed: SQLSTATE[HY093]: Invalid parameter number: number of bound variables does not match number of tokens. The SQL statement executed was: SELECT i.id, i.number, i.date AS transaction_date, o.reference_number AS order_number, c.company AS customer_company, b.name AS branch_name, i.grand_total, COALESCE(i.total_payment, 0) AS total_payment
                FROM tbldl_invoice_header i
                INNER JOIN tbldl_order_header o ON o.id = i.order_header_id
                INNER JOIN tbldl_customer c ON c.id = i.customer_id
                INNER JOIN tbldl_branch b ON b.id = i.branch_id
                WHERE i.date < :end_date AND i.grand_total - COALESCE(t.total_payment, 0) > 0 AND i.is_inactive = 0.
in /home/pmahendro/public_html/djajalistrik/protected/models/custom/InvoiceHeader.php (140)
in /home/pmahendro/public_html/djajalistrik/protected/modules/report/controllers/InvoiceOutstandingController.php (31)
in /home/pmahendro/public_html/djajalistrik/protected/modules/report/controllers/InvoiceOutstandingController.php (17)
2025/04/23 11:00:54 [error] [exception.CDbException] exception 'CDbException' with message 'CDbCommand failed to execute the SQL statement: SQLSTATE[HY093]: Invalid parameter number: number of bound variables does not match number of tokens. The SQL statement executed was: SELECT i.id, i.number, i.date AS transaction_date, o.reference_number AS order_number, c.company AS customer_company, b.name AS branch_name, i.grand_total, COALESCE(i.total_payment, 0) AS total_payment
                FROM tbldl_invoice_header i
                INNER JOIN tbldl_order_header o ON o.id = i.order_header_id
                INNER JOIN tbldl_customer c ON c.id = i.customer_id
                INNER JOIN tbldl_branch b ON b.id = i.branch_id
                WHERE i.date < :end_date AND i.grand_total - COALESCE(t.total_payment, 0) > 0 AND i.is_inactive = 0' in /home/pmahendro/public_html/yii/framework/db/CDbCommand.php:543
Stack trace:
#0 /home/pmahendro/public_html/yii/framework/db/CDbCommand.php(396): CDbCommand->queryInternal('fetchAll', Array, Array)
#1 /home/pmahendro/public_html/djajalistrik/protected/models/custom/InvoiceHeader.php(140): CDbCommand->queryAll(true, Array)
#2 /home/pmahendro/public_html/djajalistrik/protected/modules/report/controllers/InvoiceOutstandingController.php(31): InvoiceHeader->searchByReportOutstanding('2025-04-23', '', '')
#3 /home/pmahendro/public_html/yii/framework/web/actions/CInlineAction.php(49): InvoiceOutstandingController->actionReport()
#4 /home/pmahendro/public_html/yii/framework/web/CController.php(308): CInlineAction->runWithParams(Array)
#5 /home/pmahendro/public_html/yii/framework/web/filters/CFilterChain.php(133): CController->runAction(Object(CInlineAction))
#6 /home/pmahendro/public_html/djajalistrik/protected/modules/report/controllers/InvoiceOutstandingController.php(17): CFilterChain->run()
#7 /home/pmahendro/public_html/yii/framework/web/filters/CInlineFilter.php(58): InvoiceOutstandingController->filterAccess(Object(CFilterChain))
#8 /home/pmahendro/public_html/yii/framework/web/filters/CFilterChain.php(130): CInlineFilter->filter(Object(CFilterChain))
#9 /home/pmahendro/public_html/yii/framework/web/CController.php(291): CFilterChain->run()
#10 /home/pmahendro/public_html/yii/framework/web/CController.php(265): CController->runActionWithFilters(Object(CInlineAction), Array)
#11 /home/pmahendro/public_html/yii/framework/web/CWebApplication.php(282): CController->run('report')
#12 /home/pmahendro/public_html/yii/framework/web/CWebApplication.php(141): CWebApplication->runController('report/invoiceO...')
#13 /home/pmahendro/public_html/yii/framework/base/CApplication.php(180): CWebApplication->processRequest()
#14 /home/pmahendro/public_html/djajalistrik/index.php(13): CApplication->run()
#15 {main}
REQUEST_URI=/~pmahendro/djajalistrik/index.php?r=report/invoiceOutstanding/report
HTTP_REFERER=http://localhost/~pmahendro/djajalistrik/index.php?r=transaction/receive/admin
---
2025/04/23 11:01:49 [error] [system.db.CDbCommand] CDbCommand::fetchAll() failed: SQLSTATE[42S22]: Column not found: 1054 Unknown column 't.total_payment' in 'where clause'. The SQL statement executed was: SELECT i.id, i.number, i.date AS transaction_date, o.reference_number AS order_number, c.company AS customer_company, b.name AS branch_name, i.grand_total, COALESCE(i.total_payment, 0) AS total_payment
                FROM tbldl_invoice_header i
                INNER JOIN tbldl_order_header o ON o.id = i.order_header_id
                INNER JOIN tbldl_customer c ON c.id = i.customer_id
                INNER JOIN tbldl_branch b ON b.id = i.branch_id
                WHERE i.date < :end_date AND i.grand_total - COALESCE(t.total_payment, 0) > 0 AND i.is_inactive = 0.
in /home/pmahendro/public_html/djajalistrik/protected/models/custom/InvoiceHeader.php (139)
in /home/pmahendro/public_html/djajalistrik/protected/modules/report/controllers/InvoiceOutstandingController.php (31)
in /home/pmahendro/public_html/djajalistrik/protected/modules/report/controllers/InvoiceOutstandingController.php (17)
2025/04/23 11:01:49 [error] [exception.CDbException] exception 'CDbException' with message 'CDbCommand failed to execute the SQL statement: SQLSTATE[42S22]: Column not found: 1054 Unknown column 't.total_payment' in 'where clause'. The SQL statement executed was: SELECT i.id, i.number, i.date AS transaction_date, o.reference_number AS order_number, c.company AS customer_company, b.name AS branch_name, i.grand_total, COALESCE(i.total_payment, 0) AS total_payment
                FROM tbldl_invoice_header i
                INNER JOIN tbldl_order_header o ON o.id = i.order_header_id
                INNER JOIN tbldl_customer c ON c.id = i.customer_id
                INNER JOIN tbldl_branch b ON b.id = i.branch_id
                WHERE i.date < :end_date AND i.grand_total - COALESCE(t.total_payment, 0) > 0 AND i.is_inactive = 0' in /home/pmahendro/public_html/yii/framework/db/CDbCommand.php:543
Stack trace:
#0 /home/pmahendro/public_html/yii/framework/db/CDbCommand.php(396): CDbCommand->queryInternal('fetchAll', Array, Array)
#1 /home/pmahendro/public_html/djajalistrik/protected/models/custom/InvoiceHeader.php(139): CDbCommand->queryAll(true, Array)
#2 /home/pmahendro/public_html/djajalistrik/protected/modules/report/controllers/InvoiceOutstandingController.php(31): InvoiceHeader->searchByReportOutstanding('2025-04-23', '', '')
#3 /home/pmahendro/public_html/yii/framework/web/actions/CInlineAction.php(49): InvoiceOutstandingController->actionReport()
#4 /home/pmahendro/public_html/yii/framework/web/CController.php(308): CInlineAction->runWithParams(Array)
#5 /home/pmahendro/public_html/yii/framework/web/filters/CFilterChain.php(133): CController->runAction(Object(CInlineAction))
#6 /home/pmahendro/public_html/djajalistrik/protected/modules/report/controllers/InvoiceOutstandingController.php(17): CFilterChain->run()
#7 /home/pmahendro/public_html/yii/framework/web/filters/CInlineFilter.php(58): InvoiceOutstandingController->filterAccess(Object(CFilterChain))
#8 /home/pmahendro/public_html/yii/framework/web/filters/CFilterChain.php(130): CInlineFilter->filter(Object(CFilterChain))
#9 /home/pmahendro/public_html/yii/framework/web/CController.php(291): CFilterChain->run()
#10 /home/pmahendro/public_html/yii/framework/web/CController.php(265): CController->runActionWithFilters(Object(CInlineAction), Array)
#11 /home/pmahendro/public_html/yii/framework/web/CWebApplication.php(282): CController->run('report')
#12 /home/pmahendro/public_html/yii/framework/web/CWebApplication.php(141): CWebApplication->runController('report/invoiceO...')
#13 /home/pmahendro/public_html/yii/framework/base/CApplication.php(180): CWebApplication->processRequest()
#14 /home/pmahendro/public_html/djajalistrik/index.php(13): CApplication->run()
#15 {main}
REQUEST_URI=/~pmahendro/djajalistrik/index.php?r=report/invoiceOutstanding/report
HTTP_REFERER=http://localhost/~pmahendro/djajalistrik/index.php?r=transaction/receive/admin
---
2025/05/22 11:50:38 [error] [php] Trying to get property of non-object (/home/pmahendro/public_html/yii/framework/base/CComponent.php(612) : eval()'d code:1)
Stack trace:
#0 /home/pmahendro/public_html/yii/framework/zii/widgets/grid/CGridColumn.php(151): CDataColumn->renderDataCellContent()
#1 /home/pmahendro/public_html/yii/framework/zii/widgets/grid/CGridView.php(616): CDataColumn->renderDataCell()
#2 /home/pmahendro/public_html/yii/framework/zii/widgets/grid/CGridView.php(572): CGridView->renderTableRow()
#3 /home/pmahendro/public_html/yii/framework/zii/widgets/grid/CGridView.php(482): CGridView->renderTableBody()
#4 /home/pmahendro/public_html/yii/framework/zii/widgets/CBaseListView.php(167): CGridView->renderItems()
#5 unknown(0): CGridView->renderSection()
#6 /home/pmahendro/public_html/yii/framework/zii/widgets/CBaseListView.php(150): preg_replace_callback()
#7 /home/pmahendro/public_html/yii/framework/zii/widgets/CBaseListView.php(135): CGridView->renderContent()
#8 /home/pmahendro/public_html/yii/framework/web/CBaseController.php(173): CGridView->run()
#9 /home/pmahendro/public_html/djajalistrik/protected/modules/transaction/views/purchaseReturn/admin.php(105): PurchaseReturnController->widget()
#10 /home/pmahendro/public_html/yii/framework/web/CBaseController.php(126): require()
#11 /home/pmahendro/public_html/yii/framework/web/CBaseController.php(95): PurchaseReturnController->renderInternal()
#12 /home/pmahendro/public_html/yii/framework/web/CController.php(869): PurchaseReturnController->renderFile()
#13 /home/pmahendro/public_html/yii/framework/web/CController.php(782): PurchaseReturnController->renderPartial()
#14 /home/pmahendro/public_html/djajalistrik/protected/modules/transaction/controllers/PurchaseReturnController.php(264): PurchaseReturnController->render()
#15 /home/pmahendro/public_html/yii/framework/web/actions/CInlineAction.php(49): PurchaseReturnController->actionAdmin()
#16 /home/pmahendro/public_html/yii/framework/web/CController.php(308): CInlineAction->runWithParams()
#17 /home/pmahendro/public_html/yii/framework/web/filters/CFilterChain.php(133): PurchaseReturnController->runAction()
#18 /home/pmahendro/public_html/djajalistrik/protected/modules/transaction/controllers/PurchaseReturnController.php(29): CFilterChain->run()
#19 /home/pmahendro/public_html/yii/framework/web/filters/CInlineFilter.php(58): PurchaseReturnController->filterAccess()
#20 /home/pmahendro/public_html/yii/framework/web/filters/CFilterChain.php(130): CInlineFilter->filter()
#21 /home/pmahendro/public_html/yii/framework/web/CController.php(291): CFilterChain->run()
#22 /home/pmahendro/public_html/yii/framework/web/CController.php(265): PurchaseReturnController->runActionWithFilters()
#23 /home/pmahendro/public_html/yii/framework/web/CWebApplication.php(282): PurchaseReturnController->run()
#24 /home/pmahendro/public_html/yii/framework/web/CWebApplication.php(141): CWebApplication->runController()
#25 /home/pmahendro/public_html/yii/framework/base/CApplication.php(180): CWebApplication->processRequest()
#26 /home/pmahendro/public_html/djajalistrik/index.php(13): CWebApplication->run()
REQUEST_URI=/~pmahendro/djajalistrik/index.php?r=transaction/purchaseReturn/admin
in /home/pmahendro/public_html/djajalistrik/protected/modules/transaction/views/purchaseReturn/admin.php (105)
in /home/pmahendro/public_html/djajalistrik/protected/modules/transaction/controllers/PurchaseReturnController.php (264)
in /home/pmahendro/public_html/djajalistrik/protected/modules/transaction/controllers/PurchaseReturnController.php (29)
2025/05/22 11:52:30 [error] [php] Trying to get property of non-object (/home/pmahendro/public_html/yii/framework/base/CComponent.php(612) : eval()'d code:1)
Stack trace:
#0 /home/pmahendro/public_html/yii/framework/zii/widgets/grid/CGridColumn.php(151): CDataColumn->renderDataCellContent()
#1 /home/pmahendro/public_html/yii/framework/zii/widgets/grid/CGridView.php(616): CDataColumn->renderDataCell()
#2 /home/pmahendro/public_html/yii/framework/zii/widgets/grid/CGridView.php(572): CGridView->renderTableRow()
#3 /home/pmahendro/public_html/yii/framework/zii/widgets/grid/CGridView.php(482): CGridView->renderTableBody()
#4 /home/pmahendro/public_html/yii/framework/zii/widgets/CBaseListView.php(167): CGridView->renderItems()
#5 unknown(0): CGridView->renderSection()
#6 /home/pmahendro/public_html/yii/framework/zii/widgets/CBaseListView.php(150): preg_replace_callback()
#7 /home/pmahendro/public_html/yii/framework/zii/widgets/CBaseListView.php(135): CGridView->renderContent()
#8 /home/pmahendro/public_html/yii/framework/web/CBaseController.php(173): CGridView->run()
#9 /home/pmahendro/public_html/djajalistrik/protected/modules/transaction/views/purchaseReturn/admin.php(105): PurchaseReturnController->widget()
#10 /home/pmahendro/public_html/yii/framework/web/CBaseController.php(126): require()
#11 /home/pmahendro/public_html/yii/framework/web/CBaseController.php(95): PurchaseReturnController->renderInternal()
#12 /home/pmahendro/public_html/yii/framework/web/CController.php(869): PurchaseReturnController->renderFile()
#13 /home/pmahendro/public_html/yii/framework/web/CController.php(782): PurchaseReturnController->renderPartial()
#14 /home/pmahendro/public_html/djajalistrik/protected/modules/transaction/controllers/PurchaseReturnController.php(264): PurchaseReturnController->render()
#15 /home/pmahendro/public_html/yii/framework/web/actions/CInlineAction.php(49): PurchaseReturnController->actionAdmin()
#16 /home/pmahendro/public_html/yii/framework/web/CController.php(308): CInlineAction->runWithParams()
#17 /home/pmahendro/public_html/yii/framework/web/filters/CFilterChain.php(133): PurchaseReturnController->runAction()
#18 /home/pmahendro/public_html/djajalistrik/protected/modules/transaction/controllers/PurchaseReturnController.php(29): CFilterChain->run()
#19 /home/pmahendro/public_html/yii/framework/web/filters/CInlineFilter.php(58): PurchaseReturnController->filterAccess()
#20 /home/pmahendro/public_html/yii/framework/web/filters/CFilterChain.php(130): CInlineFilter->filter()
#21 /home/pmahendro/public_html/yii/framework/web/CController.php(291): CFilterChain->run()
#22 /home/pmahendro/public_html/yii/framework/web/CController.php(265): PurchaseReturnController->runActionWithFilters()
#23 /home/pmahendro/public_html/yii/framework/web/CWebApplication.php(282): PurchaseReturnController->run()
#24 /home/pmahendro/public_html/yii/framework/web/CWebApplication.php(141): CWebApplication->runController()
#25 /home/pmahendro/public_html/yii/framework/base/CApplication.php(180): CWebApplication->processRequest()
#26 /home/pmahendro/public_html/djajalistrik/index.php(13): CWebApplication->run()
REQUEST_URI=/~pmahendro/djajalistrik/index.php?r=transaction/purchaseReturn/admin
in /home/pmahendro/public_html/djajalistrik/protected/modules/transaction/views/purchaseReturn/admin.php (105)
in /home/pmahendro/public_html/djajalistrik/protected/modules/transaction/controllers/PurchaseReturnController.php (264)
in /home/pmahendro/public_html/djajalistrik/protected/modules/transaction/controllers/PurchaseReturnController.php (29)
2025/05/22 11:55:35 [error] [php] Trying to get property of non-object (/home/pmahendro/public_html/yii/framework/base/CComponent.php(612) : eval()'d code:1)
Stack trace:
#0 /home/pmahendro/public_html/yii/framework/zii/widgets/grid/CGridColumn.php(151): CDataColumn->renderDataCellContent()
#1 /home/pmahendro/public_html/yii/framework/zii/widgets/grid/CGridView.php(616): CDataColumn->renderDataCell()
#2 /home/pmahendro/public_html/yii/framework/zii/widgets/grid/CGridView.php(572): CGridView->renderTableRow()
#3 /home/pmahendro/public_html/yii/framework/zii/widgets/grid/CGridView.php(482): CGridView->renderTableBody()
#4 /home/pmahendro/public_html/yii/framework/zii/widgets/CBaseListView.php(167): CGridView->renderItems()
#5 unknown(0): CGridView->renderSection()
#6 /home/pmahendro/public_html/yii/framework/zii/widgets/CBaseListView.php(150): preg_replace_callback()
#7 /home/pmahendro/public_html/yii/framework/zii/widgets/CBaseListView.php(135): CGridView->renderContent()
#8 /home/pmahendro/public_html/yii/framework/web/CBaseController.php(173): CGridView->run()
#9 /home/pmahendro/public_html/djajalistrik/protected/modules/transaction/views/purchaseReturn/admin.php(105): PurchaseReturnController->widget()
#10 /home/pmahendro/public_html/yii/framework/web/CBaseController.php(126): require()
#11 /home/pmahendro/public_html/yii/framework/web/CBaseController.php(95): PurchaseReturnController->renderInternal()
#12 /home/pmahendro/public_html/yii/framework/web/CController.php(869): PurchaseReturnController->renderFile()
#13 /home/pmahendro/public_html/yii/framework/web/CController.php(782): PurchaseReturnController->renderPartial()
#14 /home/pmahendro/public_html/djajalistrik/protected/modules/transaction/controllers/PurchaseReturnController.php(264): PurchaseReturnController->render()
#15 /home/pmahendro/public_html/yii/framework/web/actions/CInlineAction.php(49): PurchaseReturnController->actionAdmin()
#16 /home/pmahendro/public_html/yii/framework/web/CController.php(308): CInlineAction->runWithParams()
#17 /home/pmahendro/public_html/yii/framework/web/filters/CFilterChain.php(133): PurchaseReturnController->runAction()
#18 /home/pmahendro/public_html/djajalistrik/protected/modules/transaction/controllers/PurchaseReturnController.php(29): CFilterChain->run()
#19 /home/pmahendro/public_html/yii/framework/web/filters/CInlineFilter.php(58): PurchaseReturnController->filterAccess()
#20 /home/pmahendro/public_html/yii/framework/web/filters/CFilterChain.php(130): CInlineFilter->filter()
#21 /home/pmahendro/public_html/yii/framework/web/CController.php(291): CFilterChain->run()
#22 /home/pmahendro/public_html/yii/framework/web/CController.php(265): PurchaseReturnController->runActionWithFilters()
#23 /home/pmahendro/public_html/yii/framework/web/CWebApplication.php(282): PurchaseReturnController->run()
#24 /home/pmahendro/public_html/yii/framework/web/CWebApplication.php(141): CWebApplication->runController()
#25 /home/pmahendro/public_html/yii/framework/base/CApplication.php(180): CWebApplication->processRequest()
#26 /home/pmahendro/public_html/djajalistrik/index.php(13): CWebApplication->run()
REQUEST_URI=/~pmahendro/djajalistrik/index.php?r=transaction/purchaseReturn/admin
in /home/pmahendro/public_html/djajalistrik/protected/modules/transaction/views/purchaseReturn/admin.php (105)
in /home/pmahendro/public_html/djajalistrik/protected/modules/transaction/controllers/PurchaseReturnController.php (264)
in /home/pmahendro/public_html/djajalistrik/protected/modules/transaction/controllers/PurchaseReturnController.php (29)
2025/05/22 11:55:50 [error] [php] Trying to get property of non-object (/home/pmahendro/public_html/yii/framework/base/CComponent.php(612) : eval()'d code:1)
Stack trace:
#0 /home/pmahendro/public_html/yii/framework/zii/widgets/grid/CGridColumn.php(151): CDataColumn->renderDataCellContent()
#1 /home/pmahendro/public_html/yii/framework/zii/widgets/grid/CGridView.php(616): CDataColumn->renderDataCell()
#2 /home/pmahendro/public_html/yii/framework/zii/widgets/grid/CGridView.php(572): CGridView->renderTableRow()
#3 /home/pmahendro/public_html/yii/framework/zii/widgets/grid/CGridView.php(482): CGridView->renderTableBody()
#4 /home/pmahendro/public_html/yii/framework/zii/widgets/CBaseListView.php(167): CGridView->renderItems()
#5 unknown(0): CGridView->renderSection()
#6 /home/pmahendro/public_html/yii/framework/zii/widgets/CBaseListView.php(150): preg_replace_callback()
#7 /home/pmahendro/public_html/yii/framework/zii/widgets/CBaseListView.php(135): CGridView->renderContent()
#8 /home/pmahendro/public_html/yii/framework/web/CBaseController.php(173): CGridView->run()
#9 /home/pmahendro/public_html/djajalistrik/protected/modules/transaction/views/purchaseReturn/admin.php(105): PurchaseReturnController->widget()
#10 /home/pmahendro/public_html/yii/framework/web/CBaseController.php(126): require()
#11 /home/pmahendro/public_html/yii/framework/web/CBaseController.php(95): PurchaseReturnController->renderInternal()
#12 /home/pmahendro/public_html/yii/framework/web/CController.php(869): PurchaseReturnController->renderFile()
#13 /home/pmahendro/public_html/yii/framework/web/CController.php(782): PurchaseReturnController->renderPartial()
#14 /home/pmahendro/public_html/djajalistrik/protected/modules/transaction/controllers/PurchaseReturnController.php(264): PurchaseReturnController->render()
#15 /home/pmahendro/public_html/yii/framework/web/actions/CInlineAction.php(49): PurchaseReturnController->actionAdmin()
#16 /home/pmahendro/public_html/yii/framework/web/CController.php(308): CInlineAction->runWithParams()
#17 /home/pmahendro/public_html/yii/framework/web/filters/CFilterChain.php(133): PurchaseReturnController->runAction()
#18 /home/pmahendro/public_html/djajalistrik/protected/modules/transaction/controllers/PurchaseReturnController.php(29): CFilterChain->run()
#19 /home/pmahendro/public_html/yii/framework/web/filters/CInlineFilter.php(58): PurchaseReturnController->filterAccess()
#20 /home/pmahendro/public_html/yii/framework/web/filters/CFilterChain.php(130): CInlineFilter->filter()
#21 /home/pmahendro/public_html/yii/framework/web/CController.php(291): CFilterChain->run()
#22 /home/pmahendro/public_html/yii/framework/web/CController.php(265): PurchaseReturnController->runActionWithFilters()
#23 /home/pmahendro/public_html/yii/framework/web/CWebApplication.php(282): PurchaseReturnController->run()
#24 /home/pmahendro/public_html/yii/framework/web/CWebApplication.php(141): CWebApplication->runController()
#25 /home/pmahendro/public_html/yii/framework/base/CApplication.php(180): CWebApplication->processRequest()
#26 /home/pmahendro/public_html/djajalistrik/index.php(13): CWebApplication->run()
REQUEST_URI=/~pmahendro/djajalistrik/index.php?r=transaction/purchaseReturn/admin
in /home/pmahendro/public_html/djajalistrik/protected/modules/transaction/views/purchaseReturn/admin.php (105)
in /home/pmahendro/public_html/djajalistrik/protected/modules/transaction/controllers/PurchaseReturnController.php (264)
in /home/pmahendro/public_html/djajalistrik/protected/modules/transaction/controllers/PurchaseReturnController.php (29)
2025/05/22 11:56:29 [error] [php] Trying to get property of non-object (/home/pmahendro/public_html/yii/framework/base/CComponent.php(612) : eval()'d code:1)
Stack trace:
#0 /home/pmahendro/public_html/yii/framework/zii/widgets/grid/CGridColumn.php(151): CDataColumn->renderDataCellContent()
#1 /home/pmahendro/public_html/yii/framework/zii/widgets/grid/CGridView.php(616): CDataColumn->renderDataCell()
#2 /home/pmahendro/public_html/yii/framework/zii/widgets/grid/CGridView.php(572): CGridView->renderTableRow()
#3 /home/pmahendro/public_html/yii/framework/zii/widgets/grid/CGridView.php(482): CGridView->renderTableBody()
#4 /home/pmahendro/public_html/yii/framework/zii/widgets/CBaseListView.php(167): CGridView->renderItems()
#5 unknown(0): CGridView->renderSection()
#6 /home/pmahendro/public_html/yii/framework/zii/widgets/CBaseListView.php(150): preg_replace_callback()
#7 /home/pmahendro/public_html/yii/framework/zii/widgets/CBaseListView.php(135): CGridView->renderContent()
#8 /home/pmahendro/public_html/yii/framework/web/CBaseController.php(173): CGridView->run()
#9 /home/pmahendro/public_html/djajalistrik/protected/modules/transaction/views/purchaseReturn/admin.php(105): PurchaseReturnController->widget()
#10 /home/pmahendro/public_html/yii/framework/web/CBaseController.php(126): require()
#11 /home/pmahendro/public_html/yii/framework/web/CBaseController.php(95): PurchaseReturnController->renderInternal()
#12 /home/pmahendro/public_html/yii/framework/web/CController.php(869): PurchaseReturnController->renderFile()
#13 /home/pmahendro/public_html/yii/framework/web/CController.php(782): PurchaseReturnController->renderPartial()
#14 /home/pmahendro/public_html/djajalistrik/protected/modules/transaction/controllers/PurchaseReturnController.php(264): PurchaseReturnController->render()
#15 /home/pmahendro/public_html/yii/framework/web/actions/CInlineAction.php(49): PurchaseReturnController->actionAdmin()
#16 /home/pmahendro/public_html/yii/framework/web/CController.php(308): CInlineAction->runWithParams()
#17 /home/pmahendro/public_html/yii/framework/web/filters/CFilterChain.php(133): PurchaseReturnController->runAction()
#18 /home/pmahendro/public_html/djajalistrik/protected/modules/transaction/controllers/PurchaseReturnController.php(29): CFilterChain->run()
#19 /home/pmahendro/public_html/yii/framework/web/filters/CInlineFilter.php(58): PurchaseReturnController->filterAccess()
#20 /home/pmahendro/public_html/yii/framework/web/filters/CFilterChain.php(130): CInlineFilter->filter()
#21 /home/pmahendro/public_html/yii/framework/web/CController.php(291): CFilterChain->run()
#22 /home/pmahendro/public_html/yii/framework/web/CController.php(265): PurchaseReturnController->runActionWithFilters()
#23 /home/pmahendro/public_html/yii/framework/web/CWebApplication.php(282): PurchaseReturnController->run()
#24 /home/pmahendro/public_html/yii/framework/web/CWebApplication.php(141): CWebApplication->runController()
#25 /home/pmahendro/public_html/yii/framework/base/CApplication.php(180): CWebApplication->processRequest()
#26 /home/pmahendro/public_html/djajalistrik/index.php(13): CWebApplication->run()
REQUEST_URI=/~pmahendro/djajalistrik/index.php?r=transaction/purchaseReturn/admin
in /home/pmahendro/public_html/djajalistrik/protected/modules/transaction/views/purchaseReturn/admin.php (105)
in /home/pmahendro/public_html/djajalistrik/protected/modules/transaction/controllers/PurchaseReturnController.php (264)
in /home/pmahendro/public_html/djajalistrik/protected/modules/transaction/controllers/PurchaseReturnController.php (29)
2025/05/22 11:57:10 [error] [php] Trying to get property of non-object (/home/pmahendro/public_html/yii/framework/base/CComponent.php(612) : eval()'d code:1)
Stack trace:
#0 /home/pmahendro/public_html/yii/framework/zii/widgets/grid/CGridColumn.php(151): CDataColumn->renderDataCellContent()
#1 /home/pmahendro/public_html/yii/framework/zii/widgets/grid/CGridView.php(616): CDataColumn->renderDataCell()
#2 /home/pmahendro/public_html/yii/framework/zii/widgets/grid/CGridView.php(572): CGridView->renderTableRow()
#3 /home/pmahendro/public_html/yii/framework/zii/widgets/grid/CGridView.php(482): CGridView->renderTableBody()
#4 /home/pmahendro/public_html/yii/framework/zii/widgets/CBaseListView.php(167): CGridView->renderItems()
#5 unknown(0): CGridView->renderSection()
#6 /home/pmahendro/public_html/yii/framework/zii/widgets/CBaseListView.php(150): preg_replace_callback()
#7 /home/pmahendro/public_html/yii/framework/zii/widgets/CBaseListView.php(135): CGridView->renderContent()
#8 /home/pmahendro/public_html/yii/framework/web/CBaseController.php(173): CGridView->run()
#9 /home/pmahendro/public_html/djajalistrik/protected/modules/transaction/views/purchaseReturn/admin.php(105): PurchaseReturnController->widget()
#10 /home/pmahendro/public_html/yii/framework/web/CBaseController.php(126): require()
#11 /home/pmahendro/public_html/yii/framework/web/CBaseController.php(95): PurchaseReturnController->renderInternal()
#12 /home/pmahendro/public_html/yii/framework/web/CController.php(869): PurchaseReturnController->renderFile()
#13 /home/pmahendro/public_html/yii/framework/web/CController.php(782): PurchaseReturnController->renderPartial()
#14 /home/pmahendro/public_html/djajalistrik/protected/modules/transaction/controllers/PurchaseReturnController.php(264): PurchaseReturnController->render()
#15 /home/pmahendro/public_html/yii/framework/web/actions/CInlineAction.php(49): PurchaseReturnController->actionAdmin()
#16 /home/pmahendro/public_html/yii/framework/web/CController.php(308): CInlineAction->runWithParams()
#17 /home/pmahendro/public_html/yii/framework/web/filters/CFilterChain.php(133): PurchaseReturnController->runAction()
#18 /home/pmahendro/public_html/djajalistrik/protected/modules/transaction/controllers/PurchaseReturnController.php(29): CFilterChain->run()
#19 /home/pmahendro/public_html/yii/framework/web/filters/CInlineFilter.php(58): PurchaseReturnController->filterAccess()
#20 /home/pmahendro/public_html/yii/framework/web/filters/CFilterChain.php(130): CInlineFilter->filter()
#21 /home/pmahendro/public_html/yii/framework/web/CController.php(291): CFilterChain->run()
#22 /home/pmahendro/public_html/yii/framework/web/CController.php(265): PurchaseReturnController->runActionWithFilters()
#23 /home/pmahendro/public_html/yii/framework/web/CWebApplication.php(282): PurchaseReturnController->run()
#24 /home/pmahendro/public_html/yii/framework/web/CWebApplication.php(141): CWebApplication->runController()
#25 /home/pmahendro/public_html/yii/framework/base/CApplication.php(180): CWebApplication->processRequest()
#26 /home/pmahendro/public_html/djajalistrik/index.php(13): CWebApplication->run()
REQUEST_URI=/~pmahendro/djajalistrik/index.php?r=transaction/purchaseReturn/admin
in /home/pmahendro/public_html/djajalistrik/protected/modules/transaction/views/purchaseReturn/admin.php (105)
in /home/pmahendro/public_html/djajalistrik/protected/modules/transaction/controllers/PurchaseReturnController.php (264)
in /home/pmahendro/public_html/djajalistrik/protected/modules/transaction/controllers/PurchaseReturnController.php (29)
2025/05/22 12:00:57 [error] [php] Trying to get property of non-object (/home/pmahendro/public_html/djajalistrik/protected/models/custom/PurchaseReturnHeader.php:27)
Stack trace:
#0 /home/pmahendro/public_html/yii/framework/zii/widgets/grid/CDataColumn.php(137): CDataColumn->evaluateExpression()
#1 /home/pmahendro/public_html/yii/framework/zii/widgets/grid/CGridColumn.php(151): CDataColumn->renderDataCellContent()
#2 /home/pmahendro/public_html/yii/framework/zii/widgets/grid/CGridView.php(616): CDataColumn->renderDataCell()
#3 /home/pmahendro/public_html/yii/framework/zii/widgets/grid/CGridView.php(572): CGridView->renderTableRow()
#4 /home/pmahendro/public_html/yii/framework/zii/widgets/grid/CGridView.php(482): CGridView->renderTableBody()
#5 /home/pmahendro/public_html/yii/framework/zii/widgets/CBaseListView.php(167): CGridView->renderItems()
#6 unknown(0): CGridView->renderSection()
#7 /home/pmahendro/public_html/yii/framework/zii/widgets/CBaseListView.php(150): preg_replace_callback()
#8 /home/pmahendro/public_html/yii/framework/zii/widgets/CBaseListView.php(135): CGridView->renderContent()
#9 /home/pmahendro/public_html/yii/framework/web/CBaseController.php(173): CGridView->run()
#10 /home/pmahendro/public_html/djajalistrik/protected/modules/transaction/views/purchaseReturn/admin.php(105): PurchaseReturnController->widget()
#11 /home/pmahendro/public_html/yii/framework/web/CBaseController.php(126): require()
#12 /home/pmahendro/public_html/yii/framework/web/CBaseController.php(95): PurchaseReturnController->renderInternal()
#13 /home/pmahendro/public_html/yii/framework/web/CController.php(869): PurchaseReturnController->renderFile()
#14 /home/pmahendro/public_html/yii/framework/web/CController.php(782): PurchaseReturnController->renderPartial()
#15 /home/pmahendro/public_html/djajalistrik/protected/modules/transaction/controllers/PurchaseReturnController.php(264): PurchaseReturnController->render()
#16 /home/pmahendro/public_html/yii/framework/web/actions/CInlineAction.php(49): PurchaseReturnController->actionAdmin()
#17 /home/pmahendro/public_html/yii/framework/web/CController.php(308): CInlineAction->runWithParams()
#18 /home/pmahendro/public_html/yii/framework/web/filters/CFilterChain.php(133): PurchaseReturnController->runAction()
#19 /home/pmahendro/public_html/djajalistrik/protected/modules/transaction/controllers/PurchaseReturnController.php(29): CFilterChain->run()
#20 /home/pmahendro/public_html/yii/framework/web/filters/CInlineFilter.php(58): PurchaseReturnController->filterAccess()
#21 /home/pmahendro/public_html/yii/framework/web/filters/CFilterChain.php(130): CInlineFilter->filter()
#22 /home/pmahendro/public_html/yii/framework/web/CController.php(291): CFilterChain->run()
#23 /home/pmahendro/public_html/yii/framework/web/CController.php(265): PurchaseReturnController->runActionWithFilters()
#24 /home/pmahendro/public_html/yii/framework/web/CWebApplication.php(282): PurchaseReturnController->run()
#25 /home/pmahendro/public_html/yii/framework/web/CWebApplication.php(141): CWebApplication->runController()
#26 /home/pmahendro/public_html/yii/framework/base/CApplication.php(180): CWebApplication->processRequest()
#27 /home/pmahendro/public_html/djajalistrik/index.php(13): CWebApplication->run()
REQUEST_URI=/~pmahendro/djajalistrik/index.php?r=transaction/purchaseReturn/admin
in /home/pmahendro/public_html/djajalistrik/protected/models/custom/PurchaseReturnHeader.php (27)
in /home/pmahendro/public_html/djajalistrik/protected/modules/transaction/views/purchaseReturn/admin.php (105)
in /home/pmahendro/public_html/djajalistrik/protected/modules/transaction/controllers/PurchaseReturnController.php (264)
2025/05/22 12:02:39 [error] [php] Trying to get property of non-object (/home/pmahendro/public_html/djajalistrik/protected/models/custom/PurchaseReturnHeader.php:28)
Stack trace:
#0 /home/pmahendro/public_html/yii/framework/zii/widgets/grid/CDataColumn.php(137): CDataColumn->evaluateExpression()
#1 /home/pmahendro/public_html/yii/framework/zii/widgets/grid/CGridColumn.php(151): CDataColumn->renderDataCellContent()
#2 /home/pmahendro/public_html/yii/framework/zii/widgets/grid/CGridView.php(616): CDataColumn->renderDataCell()
#3 /home/pmahendro/public_html/yii/framework/zii/widgets/grid/CGridView.php(572): CGridView->renderTableRow()
#4 /home/pmahendro/public_html/yii/framework/zii/widgets/grid/CGridView.php(482): CGridView->renderTableBody()
#5 /home/pmahendro/public_html/yii/framework/zii/widgets/CBaseListView.php(167): CGridView->renderItems()
#6 unknown(0): CGridView->renderSection()
#7 /home/pmahendro/public_html/yii/framework/zii/widgets/CBaseListView.php(150): preg_replace_callback()
#8 /home/pmahendro/public_html/yii/framework/zii/widgets/CBaseListView.php(135): CGridView->renderContent()
#9 /home/pmahendro/public_html/yii/framework/web/CBaseController.php(173): CGridView->run()
#10 /home/pmahendro/public_html/djajalistrik/protected/modules/transaction/views/purchaseReturn/admin.php(105): PurchaseReturnController->widget()
#11 /home/pmahendro/public_html/yii/framework/web/CBaseController.php(126): require()
#12 /home/pmahendro/public_html/yii/framework/web/CBaseController.php(95): PurchaseReturnController->renderInternal()
#13 /home/pmahendro/public_html/yii/framework/web/CController.php(869): PurchaseReturnController->renderFile()
#14 /home/pmahendro/public_html/yii/framework/web/CController.php(782): PurchaseReturnController->renderPartial()
#15 /home/pmahendro/public_html/djajalistrik/protected/modules/transaction/controllers/PurchaseReturnController.php(264): PurchaseReturnController->render()
#16 /home/pmahendro/public_html/yii/framework/web/actions/CInlineAction.php(49): PurchaseReturnController->actionAdmin()
#17 /home/pmahendro/public_html/yii/framework/web/CController.php(308): CInlineAction->runWithParams()
#18 /home/pmahendro/public_html/yii/framework/web/filters/CFilterChain.php(133): PurchaseReturnController->runAction()
#19 /home/pmahendro/public_html/djajalistrik/protected/modules/transaction/controllers/PurchaseReturnController.php(29): CFilterChain->run()
#20 /home/pmahendro/public_html/yii/framework/web/filters/CInlineFilter.php(58): PurchaseReturnController->filterAccess()
#21 /home/pmahendro/public_html/yii/framework/web/filters/CFilterChain.php(130): CInlineFilter->filter()
#22 /home/pmahendro/public_html/yii/framework/web/CController.php(291): CFilterChain->run()
#23 /home/pmahendro/public_html/yii/framework/web/CController.php(265): PurchaseReturnController->runActionWithFilters()
#24 /home/pmahendro/public_html/yii/framework/web/CWebApplication.php(282): PurchaseReturnController->run()
#25 /home/pmahendro/public_html/yii/framework/web/CWebApplication.php(141): CWebApplication->runController()
#26 /home/pmahendro/public_html/yii/framework/base/CApplication.php(180): CWebApplication->processRequest()
#27 /home/pmahendro/public_html/djajalistrik/index.php(13): CWebApplication->run()
REQUEST_URI=/~pmahendro/djajalistrik/index.php?r=transaction/purchaseReturn/admin
in /home/pmahendro/public_html/djajalistrik/protected/models/custom/PurchaseReturnHeader.php (28)
in /home/pmahendro/public_html/djajalistrik/protected/modules/transaction/views/purchaseReturn/admin.php (105)
in /home/pmahendro/public_html/djajalistrik/protected/modules/transaction/controllers/PurchaseReturnController.php (264)
2025/05/26 20:33:22 [error] [exception.CException] exception 'CException' with message 'Property "InvoiceHeader.is_approved" is not defined.' in /home/pmahendro/public_html/yii/framework/base/CComponent.php:173
Stack trace:
#0 /home/pmahendro/public_html/yii/framework/db/ar/CActiveRecord.php(161): CComponent->__set('is_approved', NULL)
#1 /home/pmahendro/public_html/djajalistrik/protected/modules/transaction/controllers/InvoiceController.php(79): CActiveRecord->__set('is_approved', NULL)
#2 [internal function]: InvoiceController->actionCreate('44041')
#3 /home/pmahendro/public_html/yii/framework/web/actions/CAction.php(108): ReflectionMethod->invokeArgs(Object(InvoiceController), Array)
#4 /home/pmahendro/public_html/yii/framework/web/actions/CInlineAction.php(47): CAction->runWithParamsInternal(Object(InvoiceController), Object(ReflectionMethod), Array)
#5 /home/pmahendro/public_html/yii/framework/web/CController.php(308): CInlineAction->runWithParams(Array)
#6 /home/pmahendro/public_html/yii/framework/web/filters/CFilterChain.php(133): CController->runAction(Object(CInlineAction))
#7 /home/pmahendro/public_html/djajalistrik/protected/modules/transaction/controllers/InvoiceController.php(29): CFilterChain->run()
#8 /home/pmahendro/public_html/yii/framework/web/filters/CInlineFilter.php(58): InvoiceController->filterAccess(Object(CFilterChain))
#9 /home/pmahendro/public_html/yii/framework/web/filters/CFilterChain.php(130): CInlineFilter->filter(Object(CFilterChain))
#10 /home/pmahendro/public_html/yii/framework/web/CController.php(291): CFilterChain->run()
#11 /home/pmahendro/public_html/yii/framework/web/CController.php(265): CController->runActionWithFilters(Object(CInlineAction), Array)
#12 /home/pmahendro/public_html/yii/framework/web/CWebApplication.php(282): CController->run('create')
#13 /home/pmahendro/public_html/yii/framework/web/CWebApplication.php(141): CWebApplication->runController('transaction/inv...')
#14 /home/pmahendro/public_html/yii/framework/base/CApplication.php(180): CWebApplication->processRequest()
#15 /home/pmahendro/public_html/djajalistrik/index.php(13): CApplication->run()
#16 {main}
REQUEST_URI=/~pmahendro/djajalistrik/index.php?r=transaction/invoice/create&orderHeaderId=44041
HTTP_REFERER=http://localhost/~pmahendro/djajalistrik/index.php?r=transaction/invoice/orderList
---
2025/05/27 13:56:43 [error] [php] Undefined variable: orderNumber (/home/pmahendro/public_html/djajalistrik/protected/modules/transaction/controllers/InvoiceController.php:326)
Stack trace:
#0 /home/pmahendro/public_html/yii/framework/web/filters/CFilterChain.php(133): InvoiceController->runAction()
#1 /home/pmahendro/public_html/djajalistrik/protected/modules/transaction/controllers/InvoiceController.php(29): CFilterChain->run()
#2 /home/pmahendro/public_html/yii/framework/web/filters/CInlineFilter.php(58): InvoiceController->filterAccess()
#3 /home/pmahendro/public_html/yii/framework/web/filters/CFilterChain.php(130): CInlineFilter->filter()
#4 /home/pmahendro/public_html/yii/framework/web/CController.php(291): CFilterChain->run()
#5 /home/pmahendro/public_html/yii/framework/web/CController.php(265): InvoiceController->runActionWithFilters()
#6 /home/pmahendro/public_html/yii/framework/web/CWebApplication.php(282): InvoiceController->run()
#7 /home/pmahendro/public_html/yii/framework/web/CWebApplication.php(141): CWebApplication->runController()
#8 /home/pmahendro/public_html/yii/framework/base/CApplication.php(180): CWebApplication->processRequest()
#9 /home/pmahendro/public_html/djajalistrik/index.php(13): CWebApplication->run()
REQUEST_URI=/~pmahendro/djajalistrik/index.php?r=transaction/invoice/taxNumberApproval
in /home/pmahendro/public_html/djajalistrik/protected/modules/transaction/controllers/InvoiceController.php (326)
in /home/pmahendro/public_html/djajalistrik/protected/modules/transaction/controllers/InvoiceController.php (29)
in /home/pmahendro/public_html/djajalistrik/index.php (13)
2025/05/27 13:57:06 [error] [php] Undefined variable: orderNumber (/home/pmahendro/public_html/djajalistrik/protected/modules/transaction/controllers/InvoiceController.php:326)
Stack trace:
#0 /home/pmahendro/public_html/yii/framework/web/filters/CFilterChain.php(133): InvoiceController->runAction()
#1 /home/pmahendro/public_html/djajalistrik/protected/modules/transaction/controllers/InvoiceController.php(29): CFilterChain->run()
#2 /home/pmahendro/public_html/yii/framework/web/filters/CInlineFilter.php(58): InvoiceController->filterAccess()
#3 /home/pmahendro/public_html/yii/framework/web/filters/CFilterChain.php(130): CInlineFilter->filter()
#4 /home/pmahendro/public_html/yii/framework/web/CController.php(291): CFilterChain->run()
#5 /home/pmahendro/public_html/yii/framework/web/CController.php(265): InvoiceController->runActionWithFilters()
#6 /home/pmahendro/public_html/yii/framework/web/CWebApplication.php(282): InvoiceController->run()
#7 /home/pmahendro/public_html/yii/framework/web/CWebApplication.php(141): CWebApplication->runController()
#8 /home/pmahendro/public_html/yii/framework/base/CApplication.php(180): CWebApplication->processRequest()
#9 /home/pmahendro/public_html/djajalistrik/index.php(13): CWebApplication->run()
REQUEST_URI=/~pmahendro/djajalistrik/index.php?r=transaction/invoice/taxNumberApproval
in /home/pmahendro/public_html/djajalistrik/protected/modules/transaction/controllers/InvoiceController.php (326)
in /home/pmahendro/public_html/djajalistrik/protected/modules/transaction/controllers/InvoiceController.php (29)
in /home/pmahendro/public_html/djajalistrik/index.php (13)
2025/05/27 13:57:50 [error] [php] Undefined variable: orderNumber (/home/pmahendro/public_html/djajalistrik/protected/modules/transaction/views/invoice/taxNumberApproval.php:85)
Stack trace:
#0 /home/pmahendro/public_html/yii/framework/web/CController.php(869): InvoiceController->renderFile()
#1 /home/pmahendro/public_html/yii/framework/web/CController.php(782): InvoiceController->renderPartial()
#2 /home/pmahendro/public_html/djajalistrik/protected/modules/transaction/controllers/InvoiceController.php(323): InvoiceController->render()
#3 /home/pmahendro/public_html/yii/framework/web/actions/CInlineAction.php(49): InvoiceController->actionTaxNumberApproval()
#4 /home/pmahendro/public_html/yii/framework/web/CController.php(308): CInlineAction->runWithParams()
#5 /home/pmahendro/public_html/yii/framework/web/filters/CFilterChain.php(133): InvoiceController->runAction()
#6 /home/pmahendro/public_html/djajalistrik/protected/modules/transaction/controllers/InvoiceController.php(29): CFilterChain->run()
#7 /home/pmahendro/public_html/yii/framework/web/filters/CInlineFilter.php(58): InvoiceController->filterAccess()
#8 /home/pmahendro/public_html/yii/framework/web/filters/CFilterChain.php(130): CInlineFilter->filter()
#9 /home/pmahendro/public_html/yii/framework/web/CController.php(291): CFilterChain->run()
#10 /home/pmahendro/public_html/yii/framework/web/CController.php(265): InvoiceController->runActionWithFilters()
#11 /home/pmahendro/public_html/yii/framework/web/CWebApplication.php(282): InvoiceController->run()
#12 /home/pmahendro/public_html/yii/framework/web/CWebApplication.php(141): CWebApplication->runController()
#13 /home/pmahendro/public_html/yii/framework/base/CApplication.php(180): CWebApplication->processRequest()
#14 /home/pmahendro/public_html/djajalistrik/index.php(13): CWebApplication->run()
REQUEST_URI=/~pmahendro/djajalistrik/index.php?r=transaction/invoice/taxNumberApproval
in /home/pmahendro/public_html/djajalistrik/protected/modules/transaction/views/invoice/taxNumberApproval.php (85)
in /home/pmahendro/public_html/djajalistrik/protected/modules/transaction/controllers/InvoiceController.php (323)
in /home/pmahendro/public_html/djajalistrik/protected/modules/transaction/controllers/InvoiceController.php (29)
2025/05/27 13:58:47 [error] [php] Undefined variable: orderNumber (/home/pmahendro/public_html/djajalistrik/protected/modules/transaction/views/invoice/taxNumberApproval.php:85)
Stack trace:
#0 /home/pmahendro/public_html/yii/framework/web/CController.php(869): InvoiceController->renderFile()
#1 /home/pmahendro/public_html/yii/framework/web/CController.php(782): InvoiceController->renderPartial()
#2 /home/pmahendro/public_html/djajalistrik/protected/modules/transaction/controllers/InvoiceController.php(323): InvoiceController->render()
#3 /home/pmahendro/public_html/yii/framework/web/actions/CInlineAction.php(49): InvoiceController->actionTaxNumberApproval()
#4 /home/pmahendro/public_html/yii/framework/web/CController.php(308): CInlineAction->runWithParams()
#5 /home/pmahendro/public_html/yii/framework/web/filters/CFilterChain.php(133): InvoiceController->runAction()
#6 /home/pmahendro/public_html/djajalistrik/protected/modules/transaction/controllers/InvoiceController.php(29): CFilterChain->run()
#7 /home/pmahendro/public_html/yii/framework/web/filters/CInlineFilter.php(58): InvoiceController->filterAccess()
#8 /home/pmahendro/public_html/yii/framework/web/filters/CFilterChain.php(130): CInlineFilter->filter()
#9 /home/pmahendro/public_html/yii/framework/web/CController.php(291): CFilterChain->run()
#10 /home/pmahendro/public_html/yii/framework/web/CController.php(265): InvoiceController->runActionWithFilters()
#11 /home/pmahendro/public_html/yii/framework/web/CWebApplication.php(282): InvoiceController->run()
#12 /home/pmahendro/public_html/yii/framework/web/CWebApplication.php(141): CWebApplication->runController()
#13 /home/pmahendro/public_html/yii/framework/base/CApplication.php(180): CWebApplication->processRequest()
#14 /home/pmahendro/public_html/djajalistrik/index.php(13): CWebApplication->run()
REQUEST_URI=/~pmahendro/djajalistrik/index.php?r=transaction/invoice/taxNumberApproval
in /home/pmahendro/public_html/djajalistrik/protected/modules/transaction/views/invoice/taxNumberApproval.php (85)
in /home/pmahendro/public_html/djajalistrik/protected/modules/transaction/controllers/InvoiceController.php (323)
in /home/pmahendro/public_html/djajalistrik/protected/modules/transaction/controllers/InvoiceController.php (29)
2025/05/27 14:21:15 [error] [exception.CHttpException.404] exception 'CHttpException' with message 'Unable to resolve the request "approval".' in /home/pmahendro/public_html/yii/framework/web/CWebApplication.php:286
Stack trace:
#0 /home/pmahendro/public_html/yii/framework/web/CWebApplication.php(141): CWebApplication->runController('approval')
#1 /home/pmahendro/public_html/yii/framework/base/CApplication.php(180): CWebApplication->processRequest()
#2 /home/pmahendro/public_html/djajalistrik/index.php(13): CApplication->run()
#3 {main}
REQUEST_URI=/~pmahendro/djajalistrik/index.php?r=approval&id=27035
HTTP_REFERER=http://localhost/~pmahendro/djajalistrik/index.php?r=transaction/invoice/taxNumberApproval
---
2025/05/27 14:22:56 [error] [php] Undefined variable: detailsDataProvider (/home/pmahendro/public_html/djajalistrik/protected/modules/transaction/views/invoice/approval.php:63)
Stack trace:
#0 /home/pmahendro/public_html/yii/framework/web/CController.php(869): InvoiceController->renderFile()
#1 /home/pmahendro/public_html/yii/framework/web/CController.php(782): InvoiceController->renderPartial()
#2 /home/pmahendro/public_html/djajalistrik/protected/modules/transaction/controllers/InvoiceController.php(343): InvoiceController->render()
#3 unknown(0): InvoiceController->actionApproval()
#4 /home/pmahendro/public_html/yii/framework/web/actions/CAction.php(108): ReflectionMethod->invokeArgs()
#5 /home/pmahendro/public_html/yii/framework/web/actions/CInlineAction.php(47): CInlineAction->runWithParamsInternal()
#6 /home/pmahendro/public_html/yii/framework/web/CController.php(308): CInlineAction->runWithParams()
#7 /home/pmahendro/public_html/yii/framework/web/filters/CFilterChain.php(133): InvoiceController->runAction()
#8 /home/pmahendro/public_html/djajalistrik/protected/modules/transaction/controllers/InvoiceController.php(29): CFilterChain->run()
#9 /home/pmahendro/public_html/yii/framework/web/filters/CInlineFilter.php(58): InvoiceController->filterAccess()
#10 /home/pmahendro/public_html/yii/framework/web/filters/CFilterChain.php(130): CInlineFilter->filter()
#11 /home/pmahendro/public_html/yii/framework/web/CController.php(291): CFilterChain->run()
#12 /home/pmahendro/public_html/yii/framework/web/CController.php(265): InvoiceController->runActionWithFilters()
#13 /home/pmahendro/public_html/yii/framework/web/CWebApplication.php(282): InvoiceController->run()
#14 /home/pmahendro/public_html/yii/framework/web/CWebApplication.php(141): CWebApplication->runController()
#15 /home/pmahendro/public_html/yii/framework/base/CApplication.php(180): CWebApplication->processRequest()
#16 /home/pmahendro/public_html/djajalistrik/index.php(13): CWebApplication->run()
REQUEST_URI=/~pmahendro/djajalistrik/index.php?r=transaction/invoice/approval&id=27032
in /home/pmahendro/public_html/djajalistrik/protected/modules/transaction/views/invoice/approval.php (63)
in /home/pmahendro/public_html/djajalistrik/protected/modules/transaction/controllers/InvoiceController.php (343)
in /home/pmahendro/public_html/djajalistrik/protected/modules/transaction/controllers/InvoiceController.php (29)
2025/05/27 14:23:43 [error] [php] Undefined variable: criteria (/home/pmahendro/public_html/djajalistrik/protected/modules/transaction/controllers/InvoiceController.php:330)
Stack trace:
#0 /home/pmahendro/public_html/yii/framework/web/actions/CInlineAction.php(47): CInlineAction->runWithParamsInternal()
#1 /home/pmahendro/public_html/yii/framework/web/CController.php(308): CInlineAction->runWithParams()
#2 /home/pmahendro/public_html/yii/framework/web/filters/CFilterChain.php(133): InvoiceController->runAction()
#3 /home/pmahendro/public_html/djajalistrik/protected/modules/transaction/controllers/InvoiceController.php(29): CFilterChain->run()
#4 /home/pmahendro/public_html/yii/framework/web/filters/CInlineFilter.php(58): InvoiceController->filterAccess()
#5 /home/pmahendro/public_html/yii/framework/web/filters/CFilterChain.php(130): CInlineFilter->filter()
#6 /home/pmahendro/public_html/yii/framework/web/CController.php(291): CFilterChain->run()
#7 /home/pmahendro/public_html/yii/framework/web/CController.php(265): InvoiceController->runActionWithFilters()
#8 /home/pmahendro/public_html/yii/framework/web/CWebApplication.php(282): InvoiceController->run()
#9 /home/pmahendro/public_html/yii/framework/web/CWebApplication.php(141): CWebApplication->runController()
#10 /home/pmahendro/public_html/yii/framework/base/CApplication.php(180): CWebApplication->processRequest()
#11 /home/pmahendro/public_html/djajalistrik/index.php(13): CWebApplication->run()
REQUEST_URI=/~pmahendro/djajalistrik/index.php?r=transaction/invoice/approval&id=27032
in /home/pmahendro/public_html/djajalistrik/protected/modules/transaction/controllers/InvoiceController.php (330)
in /home/pmahendro/public_html/djajalistrik/protected/modules/transaction/controllers/InvoiceController.php (29)
in /home/pmahendro/public_html/djajalistrik/index.php (13)
2025/06/02 10:48:14 [error] [exception.CException] exception 'CException' with message 'Property "CPagination.page" is not defined.' in /home/pmahendro/public_html/yii/framework/base/CComponent.php:173
Stack trace:
#0 /home/pmahendro/public_html/djajalistrik/protected/modules/transaction/controllers/InvoiceController.php(389): CComponent->__set('page', '')
#1 /home/pmahendro/public_html/yii/framework/web/actions/CInlineAction.php(49): InvoiceController->actionOutstanding()
#2 /home/pmahendro/public_html/yii/framework/web/CController.php(308): CInlineAction->runWithParams(Array)
#3 /home/pmahendro/public_html/yii/framework/web/filters/CFilterChain.php(133): CController->runAction(Object(CInlineAction))
#4 /home/pmahendro/public_html/djajalistrik/protected/modules/transaction/controllers/InvoiceController.php(29): CFilterChain->run()
#5 /home/pmahendro/public_html/yii/framework/web/filters/CInlineFilter.php(58): InvoiceController->filterAccess(Object(CFilterChain))
#6 /home/pmahendro/public_html/yii/framework/web/filters/CFilterChain.php(130): CInlineFilter->filter(Object(CFilterChain))
#7 /home/pmahendro/public_html/yii/framework/web/CController.php(291): CFilterChain->run()
#8 /home/pmahendro/public_html/yii/framework/web/CController.php(265): CController->runActionWithFilters(Object(CInlineAction), Array)
#9 /home/pmahendro/public_html/yii/framework/web/CWebApplication.php(282): CController->run('outstanding')
#10 /home/pmahendro/public_html/yii/framework/web/CWebApplication.php(141): CWebApplication->runController('transaction/inv...')
#11 /home/pmahendro/public_html/yii/framework/base/CApplication.php(180): CWebApplication->processRequest()
#12 /home/pmahendro/public_html/djajalistrik/index.php(13): CApplication->run()
#13 {main}
REQUEST_URI=/~pmahendro/djajalistrik/index.php?r=transaction/invoice/outstanding
HTTP_REFERER=http://localhost/~pmahendro/djajalistrik/index.php?r=transaction/invoice/admin
---
2025/06/02 11:00:02 [error] [php] Indirect modification of overloaded property CActiveDataProvider::$pagination has no effect (/home/pmahendro/public_html/djajalistrik/protected/modules/transaction/controllers/InvoiceController.php:388)
Stack trace:
#0 /home/pmahendro/public_html/yii/framework/web/filters/CFilterChain.php(133): InvoiceController->runAction()
#1 /home/pmahendro/public_html/djajalistrik/protected/modules/transaction/controllers/InvoiceController.php(29): CFilterChain->run()
#2 /home/pmahendro/public_html/yii/framework/web/filters/CInlineFilter.php(58): InvoiceController->filterAccess()
#3 /home/pmahendro/public_html/yii/framework/web/filters/CFilterChain.php(130): CInlineFilter->filter()
#4 /home/pmahendro/public_html/yii/framework/web/CController.php(291): CFilterChain->run()
#5 /home/pmahendro/public_html/yii/framework/web/CController.php(265): InvoiceController->runActionWithFilters()
#6 /home/pmahendro/public_html/yii/framework/web/CWebApplication.php(282): InvoiceController->run()
#7 /home/pmahendro/public_html/yii/framework/web/CWebApplication.php(141): CWebApplication->runController()
#8 /home/pmahendro/public_html/yii/framework/base/CApplication.php(180): CWebApplication->processRequest()
#9 /home/pmahendro/public_html/djajalistrik/index.php(13): CWebApplication->run()
REQUEST_URI=/~pmahendro/djajalistrik/index.php?r=transaction/invoice/outstanding&InvoiceHeader_page=3&page=4
in /home/pmahendro/public_html/djajalistrik/protected/modules/transaction/controllers/InvoiceController.php (388)
in /home/pmahendro/public_html/djajalistrik/protected/modules/transaction/controllers/InvoiceController.php (29)
in /home/pmahendro/public_html/djajalistrik/index.php (13)
2025/06/02 11:06:10 [error] [php] Undefined variable: model (/home/pmahendro/public_html/djajalistrik/protected/modules/transaction/views/invoice/outstanding.php:80)
Stack trace:
#0 /home/pmahendro/public_html/yii/framework/web/CController.php(869): InvoiceController->renderFile()
#1 /home/pmahendro/public_html/yii/framework/web/CController.php(782): InvoiceController->renderPartial()
#2 /home/pmahendro/public_html/djajalistrik/protected/modules/transaction/controllers/InvoiceController.php(402): InvoiceController->render()
#3 /home/pmahendro/public_html/yii/framework/web/actions/CInlineAction.php(49): InvoiceController->actionOutstanding()
#4 /home/pmahendro/public_html/yii/framework/web/CController.php(308): CInlineAction->runWithParams()
#5 /home/pmahendro/public_html/yii/framework/web/filters/CFilterChain.php(133): InvoiceController->runAction()
#6 /home/pmahendro/public_html/djajalistrik/protected/modules/transaction/controllers/InvoiceController.php(29): CFilterChain->run()
#7 /home/pmahendro/public_html/yii/framework/web/filters/CInlineFilter.php(58): InvoiceController->filterAccess()
#8 /home/pmahendro/public_html/yii/framework/web/filters/CFilterChain.php(130): CInlineFilter->filter()
#9 /home/pmahendro/public_html/yii/framework/web/CController.php(291): CFilterChain->run()
#10 /home/pmahendro/public_html/yii/framework/web/CController.php(265): InvoiceController->runActionWithFilters()
#11 /home/pmahendro/public_html/yii/framework/web/CWebApplication.php(282): InvoiceController->run()
#12 /home/pmahendro/public_html/yii/framework/web/CWebApplication.php(141): CWebApplication->runController()
#13 /home/pmahendro/public_html/yii/framework/base/CApplication.php(180): CWebApplication->processRequest()
#14 /home/pmahendro/public_html/djajalistrik/index.php(13): CWebApplication->run()
REQUEST_URI=/~pmahendro/djajalistrik/index.php?r=transaction/invoice/outstanding&InvoiceHeader_page=3&page=4
in /home/pmahendro/public_html/djajalistrik/protected/modules/transaction/views/invoice/outstanding.php (80)
in /home/pmahendro/public_html/djajalistrik/protected/modules/transaction/controllers/InvoiceController.php (402)
in /home/pmahendro/public_html/djajalistrik/protected/modules/transaction/controllers/InvoiceController.php (29)
2025/06/02 12:49:18 [error] [php] Undefined variable: data (/home/pmahendro/public_html/djajalistrik/protected/modules/transaction/views/invoice/_outstanding.php:39)
Stack trace:
#0 /home/pmahendro/public_html/yii/framework/web/CController.php(869): InvoiceController->renderFile()
#1 /home/pmahendro/public_html/djajalistrik/protected/modules/transaction/views/invoice/outstanding.php(71): InvoiceController->renderPartial()
#2 /home/pmahendro/public_html/yii/framework/web/CBaseController.php(126): require()
#3 /home/pmahendro/public_html/yii/framework/web/CBaseController.php(95): InvoiceController->renderInternal()
#4 /home/pmahendro/public_html/yii/framework/web/CController.php(869): InvoiceController->renderFile()
#5 /home/pmahendro/public_html/yii/framework/web/CController.php(782): InvoiceController->renderPartial()
#6 /home/pmahendro/public_html/djajalistrik/protected/modules/transaction/controllers/InvoiceController.php(402): InvoiceController->render()
#7 /home/pmahendro/public_html/yii/framework/web/actions/CInlineAction.php(49): InvoiceController->actionOutstanding()
#8 /home/pmahendro/public_html/yii/framework/web/CController.php(308): CInlineAction->runWithParams()
#9 /home/pmahendro/public_html/yii/framework/web/filters/CFilterChain.php(133): InvoiceController->runAction()
#10 /home/pmahendro/public_html/djajalistrik/protected/modules/transaction/controllers/InvoiceController.php(29): CFilterChain->run()
#11 /home/pmahendro/public_html/yii/framework/web/filters/CInlineFilter.php(58): InvoiceController->filterAccess()
#12 /home/pmahendro/public_html/yii/framework/web/filters/CFilterChain.php(130): CInlineFilter->filter()
#13 /home/pmahendro/public_html/yii/framework/web/CController.php(291): CFilterChain->run()
#14 /home/pmahendro/public_html/yii/framework/web/CController.php(265): InvoiceController->runActionWithFilters()
#15 /home/pmahendro/public_html/yii/framework/web/CWebApplication.php(282): InvoiceController->run()
#16 /home/pmahendro/public_html/yii/framework/web/CWebApplication.php(141): CWebApplication->runController()
#17 /home/pmahendro/public_html/yii/framework/base/CApplication.php(180): CWebApplication->processRequest()
#18 /home/pmahendro/public_html/djajalistrik/index.php(13): CWebApplication->run()
REQUEST_URI=/~pmahendro/djajalistrik/index.php?r=transaction/invoice/outstanding&InvoiceHeader_page=2&page=3
in /home/pmahendro/public_html/djajalistrik/protected/modules/transaction/views/invoice/_outstanding.php (39)
in /home/pmahendro/public_html/djajalistrik/protected/modules/transaction/views/invoice/outstanding.php (71)
in /home/pmahendro/public_html/djajalistrik/protected/modules/transaction/controllers/InvoiceController.php (402)
2025/06/02 13:03:06 [error] [php] Undefined variable: invoiceHeaderDate (/home/pmahendro/public_html/djajalistrik/protected/modules/transaction/views/invoice/outstanding.php:46)
Stack trace:
#0 /home/pmahendro/public_html/yii/framework/web/CController.php(869): InvoiceController->renderFile()
#1 /home/pmahendro/public_html/yii/framework/web/CController.php(782): InvoiceController->renderPartial()
#2 /home/pmahendro/public_html/djajalistrik/protected/modules/transaction/controllers/InvoiceController.php(402): InvoiceController->render()
#3 /home/pmahendro/public_html/yii/framework/web/actions/CInlineAction.php(49): InvoiceController->actionOutstanding()
#4 /home/pmahendro/public_html/yii/framework/web/CController.php(308): CInlineAction->runWithParams()
#5 /home/pmahendro/public_html/yii/framework/web/filters/CFilterChain.php(133): InvoiceController->runAction()
#6 /home/pmahendro/public_html/djajalistrik/protected/modules/transaction/controllers/InvoiceController.php(29): CFilterChain->run()
#7 /home/pmahendro/public_html/yii/framework/web/filters/CInlineFilter.php(58): InvoiceController->filterAccess()
#8 /home/pmahendro/public_html/yii/framework/web/filters/CFilterChain.php(130): CInlineFilter->filter()
#9 /home/pmahendro/public_html/yii/framework/web/CController.php(291): CFilterChain->run()
#10 /home/pmahendro/public_html/yii/framework/web/CController.php(265): InvoiceController->runActionWithFilters()
#11 /home/pmahendro/public_html/yii/framework/web/CWebApplication.php(282): InvoiceController->run()
#12 /home/pmahendro/public_html/yii/framework/web/CWebApplication.php(141): CWebApplication->runController()
#13 /home/pmahendro/public_html/yii/framework/base/CApplication.php(180): CWebApplication->processRequest()
#14 /home/pmahendro/public_html/djajalistrik/index.php(13): CWebApplication->run()
REQUEST_URI=/~pmahendro/djajalistrik/index.php?r=transaction%2Finvoice%2Foutstanding&page=3&InvoiceHeaderDate=&InvoiceHeader%5Bnumber%5D=0032&InvoiceHeader%5Bcustomer_id%5D=1834&OrderNumber=&yt0=Tampilkan
in /home/pmahendro/public_html/djajalistrik/protected/modules/transaction/views/invoice/outstanding.php (46)
in /home/pmahendro/public_html/djajalistrik/protected/modules/transaction/controllers/InvoiceController.php (402)
in /home/pmahendro/public_html/djajalistrik/protected/modules/transaction/controllers/InvoiceController.php (29)
2025/06/02 13:03:52 [error] [php] Undefined variable: invoiceHeaderDate (/home/pmahendro/public_html/djajalistrik/protected/modules/transaction/views/invoice/outstanding.php:10)
Stack trace:
#0 /home/pmahendro/public_html/yii/framework/web/CController.php(869): InvoiceController->renderFile()
#1 /home/pmahendro/public_html/yii/framework/web/CController.php(782): InvoiceController->renderPartial()
#2 /home/pmahendro/public_html/djajalistrik/protected/modules/transaction/controllers/InvoiceController.php(402): InvoiceController->render()
#3 /home/pmahendro/public_html/yii/framework/web/actions/CInlineAction.php(49): InvoiceController->actionOutstanding()
#4 /home/pmahendro/public_html/yii/framework/web/CController.php(308): CInlineAction->runWithParams()
#5 /home/pmahendro/public_html/yii/framework/web/filters/CFilterChain.php(133): InvoiceController->runAction()
#6 /home/pmahendro/public_html/djajalistrik/protected/modules/transaction/controllers/InvoiceController.php(29): CFilterChain->run()
#7 /home/pmahendro/public_html/yii/framework/web/filters/CInlineFilter.php(58): InvoiceController->filterAccess()
#8 /home/pmahendro/public_html/yii/framework/web/filters/CFilterChain.php(130): CInlineFilter->filter()
#9 /home/pmahendro/public_html/yii/framework/web/CController.php(291): CFilterChain->run()
#10 /home/pmahendro/public_html/yii/framework/web/CController.php(265): InvoiceController->runActionWithFilters()
#11 /home/pmahendro/public_html/yii/framework/web/CWebApplication.php(282): InvoiceController->run()
#12 /home/pmahendro/public_html/yii/framework/web/CWebApplication.php(141): CWebApplication->runController()
#13 /home/pmahendro/public_html/yii/framework/base/CApplication.php(180): CWebApplication->processRequest()
#14 /home/pmahendro/public_html/djajalistrik/index.php(13): CWebApplication->run()
REQUEST_URI=/~pmahendro/djajalistrik/index.php?r=transaction%2Finvoice%2Foutstanding&page=3&InvoiceHeaderDate=&InvoiceHeader%5Bnumber%5D=0032&InvoiceHeader%5Bcustomer_id%5D=1834&OrderNumber=&yt0=Tampilkan
in /home/pmahendro/public_html/djajalistrik/protected/modules/transaction/views/invoice/outstanding.php (10)
in /home/pmahendro/public_html/djajalistrik/protected/modules/transaction/controllers/InvoiceController.php (402)
in /home/pmahendro/public_html/djajalistrik/protected/modules/transaction/controllers/InvoiceController.php (29)
2025/06/02 21:56:47 [error] [php] Undefined variable: orderStatus (/home/pmahendro/public_html/djajalistrik/protected/modules/transaction/controllers/OrderController.php:400)
Stack trace:
#0 /home/pmahendro/public_html/yii/framework/web/filters/CFilterChain.php(133): OrderController->runAction()
#1 /home/pmahendro/public_html/djajalistrik/protected/modules/transaction/controllers/OrderController.php(29): CFilterChain->run()
#2 /home/pmahendro/public_html/yii/framework/web/filters/CInlineFilter.php(58): OrderController->filterAccess()
#3 /home/pmahendro/public_html/yii/framework/web/filters/CFilterChain.php(130): CInlineFilter->filter()
#4 /home/pmahendro/public_html/yii/framework/web/CController.php(291): CFilterChain->run()
#5 /home/pmahendro/public_html/yii/framework/web/CController.php(265): OrderController->runActionWithFilters()
#6 /home/pmahendro/public_html/yii/framework/web/CWebApplication.php(282): OrderController->run()
#7 /home/pmahendro/public_html/yii/framework/web/CWebApplication.php(141): CWebApplication->runController()
#8 /home/pmahendro/public_html/yii/framework/base/CApplication.php(180): CWebApplication->processRequest()
#9 /home/pmahendro/public_html/djajalistrik/index.php(13): CWebApplication->run()
REQUEST_URI=/~pmahendro/djajalistrik/index.php?r=transaction/order/outstanding
in /home/pmahendro/public_html/djajalistrik/protected/modules/transaction/controllers/OrderController.php (400)
in /home/pmahendro/public_html/djajalistrik/protected/modules/transaction/controllers/OrderController.php (29)
in /home/pmahendro/public_html/djajalistrik/index.php (13)
2025/06/03 21:33:19 [error] [php] Object of class SalePaymentReport could not be converted to string (/home/pmahendro/public_html/djajalistrik/protected/modules/report/controllers/SalePaymentController.php:37)
Stack trace:
#0 /home/pmahendro/public_html/yii/framework/web/filters/CFilterChain.php(133): SalePaymentController->runAction()
#1 /home/pmahendro/public_html/djajalistrik/protected/modules/report/controllers/SalePaymentController.php(17): CFilterChain->run()
#2 /home/pmahendro/public_html/yii/framework/web/filters/CInlineFilter.php(58): SalePaymentController->filterAccess()
#3 /home/pmahendro/public_html/yii/framework/web/filters/CFilterChain.php(130): CInlineFilter->filter()
#4 /home/pmahendro/public_html/yii/framework/web/CController.php(291): CFilterChain->run()
#5 /home/pmahendro/public_html/yii/framework/web/CController.php(265): SalePaymentController->runActionWithFilters()
#6 /home/pmahendro/public_html/yii/framework/web/CWebApplication.php(282): SalePaymentController->run()
#7 /home/pmahendro/public_html/yii/framework/web/CWebApplication.php(141): CWebApplication->runController()
#8 /home/pmahendro/public_html/yii/framework/base/CApplication.php(180): CWebApplication->processRequest()
#9 /home/pmahendro/public_html/djajalistrik/index.php(13): CWebApplication->run()
REQUEST_URI=/~pmahendro/djajalistrik/index.php?r=report%2FsalePayment%2Freport&CustomerId=&PageSize=1000&page=1&StartDate=2024-10-01&EndDate=2025-06-03&sort=&SaveExcel=Simpan+ke+Excel
in /home/pmahendro/public_html/djajalistrik/protected/modules/report/controllers/SalePaymentController.php (37)
in /home/pmahendro/public_html/djajalistrik/protected/modules/report/controllers/SalePaymentController.php (17)
in /home/pmahendro/public_html/djajalistrik/index.php (13)
2025/06/05 15:06:20 [error] [php] Cannot modify header information - headers already sent by (output started at /home/pmahendro/public_html/djajalistrik/protected/modules/transaction/controllers/InvoiceController.php:393) (/home/pmahendro/public_html/djajalistrik/protected/modules/transaction/controllers/InvoiceController.php:479)
Stack trace:
#0 /home/pmahendro/public_html/yii/framework/web/actions/CInlineAction.php(49): InvoiceController->actionOutstanding()
#1 /home/pmahendro/public_html/yii/framework/web/CController.php(308): CInlineAction->runWithParams()
#2 /home/pmahendro/public_html/yii/framework/web/filters/CFilterChain.php(133): InvoiceController->runAction()
#3 /home/pmahendro/public_html/djajalistrik/protected/modules/transaction/controllers/InvoiceController.php(29): CFilterChain->run()
#4 /home/pmahendro/public_html/yii/framework/web/filters/CInlineFilter.php(58): InvoiceController->filterAccess()
#5 /home/pmahendro/public_html/yii/framework/web/filters/CFilterChain.php(130): CInlineFilter->filter()
#6 /home/pmahendro/public_html/yii/framework/web/CController.php(291): CFilterChain->run()
#7 /home/pmahendro/public_html/yii/framework/web/CController.php(265): InvoiceController->runActionWithFilters()
#8 /home/pmahendro/public_html/yii/framework/web/CWebApplication.php(282): InvoiceController->run()
#9 /home/pmahendro/public_html/yii/framework/web/CWebApplication.php(141): CWebApplication->runController()
#10 /home/pmahendro/public_html/yii/framework/base/CApplication.php(180): CWebApplication->processRequest()
#11 /home/pmahendro/public_html/djajalistrik/index.php(13): CWebApplication->run()
REQUEST_URI=/~pmahendro/djajalistrik/index.php?r=transaction%2Finvoice%2Foutstanding&page=4&InvoiceHeaderDate=&InvoiceHeader%5Bnumber%5D=&InvoiceHeader%5Bcustomer_id%5D=&OrderNumber=&SaveExcel=Simpan+ke+Excel&InvoiceHeader%5Bnumber%5D=&OrderNumber=&InvoiceHeader%5Bcustomer_id%5D=&InvoiceHeader%5Bbranch_id%5D=&InvoiceHeader%5Btax_number%5D=
in /home/pmahendro/public_html/djajalistrik/protected/modules/transaction/controllers/InvoiceController.php (479)
in /home/pmahendro/public_html/djajalistrik/protected/modules/transaction/controllers/InvoiceController.php (395)
in /home/pmahendro/public_html/djajalistrik/protected/modules/transaction/controllers/InvoiceController.php (29)
2025/06/06 09:33:47 [error] [php] Undefined variable: invoice (/home/pmahendro/public_html/djajalistrik/protected/modules/transaction/views/order/outstanding.php:76)
Stack trace:
#0 /home/pmahendro/public_html/yii/framework/web/CController.php(869): OrderController->renderFile()
#1 /home/pmahendro/public_html/yii/framework/web/CController.php(782): OrderController->renderPartial()
#2 /home/pmahendro/public_html/djajalistrik/protected/modules/transaction/controllers/OrderController.php(400): OrderController->render()
#3 /home/pmahendro/public_html/yii/framework/web/actions/CInlineAction.php(49): OrderController->actionOutstanding()
#4 /home/pmahendro/public_html/yii/framework/web/CController.php(308): CInlineAction->runWithParams()
#5 /home/pmahendro/public_html/yii/framework/web/filters/CFilterChain.php(133): OrderController->runAction()
#6 /home/pmahendro/public_html/djajalistrik/protected/modules/transaction/controllers/OrderController.php(29): CFilterChain->run()
#7 /home/pmahendro/public_html/yii/framework/web/filters/CInlineFilter.php(58): OrderController->filterAccess()
#8 /home/pmahendro/public_html/yii/framework/web/filters/CFilterChain.php(130): CInlineFilter->filter()
#9 /home/pmahendro/public_html/yii/framework/web/CController.php(291): CFilterChain->run()
#10 /home/pmahendro/public_html/yii/framework/web/CController.php(265): OrderController->runActionWithFilters()
#11 /home/pmahendro/public_html/yii/framework/web/CWebApplication.php(282): OrderController->run()
#12 /home/pmahendro/public_html/yii/framework/web/CWebApplication.php(141): CWebApplication->runController()
#13 /home/pmahendro/public_html/yii/framework/base/CApplication.php(180): CWebApplication->processRequest()
#14 /home/pmahendro/public_html/djajalistrik/index.php(13): CWebApplication->run()
REQUEST_URI=/~pmahendro/djajalistrik/index.php?r=transaction/order/outstanding
in /home/pmahendro/public_html/djajalistrik/protected/modules/transaction/views/order/outstanding.php (76)
in /home/pmahendro/public_html/djajalistrik/protected/modules/transaction/controllers/OrderController.php (400)
in /home/pmahendro/public_html/djajalistrik/protected/modules/transaction/controllers/OrderController.php (29)
2025/06/06 09:47:42 [error] [php] Undefined variable: orderHeaderDate (/home/pmahendro/public_html/djajalistrik/protected/modules/transaction/views/invoice/taxNumberApproval.php:35)
Stack trace:
#0 /home/pmahendro/public_html/yii/framework/web/CController.php(869): InvoiceController->renderFile()
#1 /home/pmahendro/public_html/yii/framework/web/CController.php(782): InvoiceController->renderPartial()
#2 /home/pmahendro/public_html/djajalistrik/protected/modules/transaction/controllers/InvoiceController.php(323): InvoiceController->render()
#3 /home/pmahendro/public_html/yii/framework/web/actions/CInlineAction.php(49): InvoiceController->actionTaxNumberApproval()
#4 /home/pmahendro/public_html/yii/framework/web/CController.php(308): CInlineAction->runWithParams()
#5 /home/pmahendro/public_html/yii/framework/web/filters/CFilterChain.php(133): InvoiceController->runAction()
#6 /home/pmahendro/public_html/djajalistrik/protected/modules/transaction/controllers/InvoiceController.php(29): CFilterChain->run()
#7 /home/pmahendro/public_html/yii/framework/web/filters/CInlineFilter.php(58): InvoiceController->filterAccess()
#8 /home/pmahendro/public_html/yii/framework/web/filters/CFilterChain.php(130): CInlineFilter->filter()
#9 /home/pmahendro/public_html/yii/framework/web/CController.php(291): CFilterChain->run()
#10 /home/pmahendro/public_html/yii/framework/web/CController.php(265): InvoiceController->runActionWithFilters()
#11 /home/pmahendro/public_html/yii/framework/web/CWebApplication.php(282): InvoiceController->run()
#12 /home/pmahendro/public_html/yii/framework/web/CWebApplication.php(141): CWebApplication->runController()
#13 /home/pmahendro/public_html/yii/framework/base/CApplication.php(180): CWebApplication->processRequest()
#14 /home/pmahendro/public_html/djajalistrik/index.php(13): CWebApplication->run()
REQUEST_URI=/~pmahendro/djajalistrik/index.php?r=transaction/invoice/taxNumberApproval
in /home/pmahendro/public_html/djajalistrik/protected/modules/transaction/views/invoice/taxNumberApproval.php (35)
in /home/pmahendro/public_html/djajalistrik/protected/modules/transaction/controllers/InvoiceController.php (323)
in /home/pmahendro/public_html/djajalistrik/protected/modules/transaction/controllers/InvoiceController.php (29)
2025/06/06 10:17:02 [error] [system.db.CDbCommand] CDbCommand::fetchAll() failed: SQLSTATE[HY000]: General error: 1525 Incorrect DATE value: ''. The SQL statement executed was: SELECT i.id, i.number, i.date AS transaction_date, o.reference_number AS order_number, c.company AS customer_company, b.name AS branch_name, 
                    i.grand_total, COALESCE(i.total_payment, 0) AS total_payment, i.grand_total - i.total_payment AS remaining
                FROM tbldl_invoice_header i
                INNER JOIN tbldl_order_header o ON o.id = i.order_header_id
                INNER JOIN tbldl_customer c ON c.id = i.customer_id
                INNER JOIN tbldl_branch b ON b.id = i.branch_id
                WHERE i.date < :end_date AND i.grand_total - COALESCE(i.total_payment, 0) > 100 AND i.is_inactive = 0.
in /home/pmahendro/public_html/djajalistrik/protected/models/custom/InvoiceHeader.php (170)
in /home/pmahendro/public_html/djajalistrik/protected/modules/report/controllers/InvoiceOutstandingController.php (30)
in /home/pmahendro/public_html/djajalistrik/protected/modules/report/controllers/InvoiceOutstandingController.php (17)
2025/06/06 10:17:02 [error] [exception.CDbException] exception 'CDbException' with message 'CDbCommand failed to execute the SQL statement: SQLSTATE[HY000]: General error: 1525 Incorrect DATE value: ''. The SQL statement executed was: SELECT i.id, i.number, i.date AS transaction_date, o.reference_number AS order_number, c.company AS customer_company, b.name AS branch_name, 
                    i.grand_total, COALESCE(i.total_payment, 0) AS total_payment, i.grand_total - i.total_payment AS remaining
                FROM tbldl_invoice_header i
                INNER JOIN tbldl_order_header o ON o.id = i.order_header_id
                INNER JOIN tbldl_customer c ON c.id = i.customer_id
                INNER JOIN tbldl_branch b ON b.id = i.branch_id
                WHERE i.date < :end_date AND i.grand_total - COALESCE(i.total_payment, 0) > 100 AND i.is_inactive = 0' in /home/pmahendro/public_html/yii/framework/db/CDbCommand.php:543
Stack trace:
#0 /home/pmahendro/public_html/yii/framework/db/CDbCommand.php(396): CDbCommand->queryInternal('fetchAll', Array, Array)
#1 /home/pmahendro/public_html/djajalistrik/protected/models/custom/InvoiceHeader.php(170): CDbCommand->queryAll(true, Array)
#2 /home/pmahendro/public_html/djajalistrik/protected/modules/report/controllers/InvoiceOutstandingController.php(30): InvoiceHeader->searchByReportOutstanding('', '', '')
#3 /home/pmahendro/public_html/yii/framework/web/actions/CInlineAction.php(49): InvoiceOutstandingController->actionReport()
#4 /home/pmahendro/public_html/yii/framework/web/CController.php(308): CInlineAction->runWithParams(Array)
#5 /home/pmahendro/public_html/yii/framework/web/filters/CFilterChain.php(133): CController->runAction(Object(CInlineAction))
#6 /home/pmahendro/public_html/djajalistrik/protected/modules/report/controllers/InvoiceOutstandingController.php(17): CFilterChain->run()
#7 /home/pmahendro/public_html/yii/framework/web/filters/CInlineFilter.php(58): InvoiceOutstandingController->filterAccess(Object(CFilterChain))
#8 /home/pmahendro/public_html/yii/framework/web/filters/CFilterChain.php(130): CInlineFilter->filter(Object(CFilterChain))
#9 /home/pmahendro/public_html/yii/framework/web/CController.php(291): CFilterChain->run()
#10 /home/pmahendro/public_html/yii/framework/web/CController.php(265): CController->runActionWithFilters(Object(CInlineAction), Array)
#11 /home/pmahendro/public_html/yii/framework/web/CWebApplication.php(282): CController->run('report')
#12 /home/pmahendro/public_html/yii/framework/web/CWebApplication.php(141): CWebApplication->runController('report/invoiceO...')
#13 /home/pmahendro/public_html/yii/framework/base/CApplication.php(180): CWebApplication->processRequest()
#14 /home/pmahendro/public_html/djajalistrik/index.php(13): CApplication->run()
#15 {main}
REQUEST_URI=/~pmahendro/djajalistrik/index.php?r=report/invoiceOutstanding/report
HTTP_REFERER=http://localhost/~pmahendro/djajalistrik/index.php?r=transaction/order/outstanding
---
2025/06/06 10:22:40 [error] [php] Trying to get property of non-object (/home/pmahendro/public_html/djajalistrik/protected/modules/report/views/invoiceOutstanding/_report.php:43)
Stack trace:
#0 /home/pmahendro/public_html/yii/framework/web/CController.php(869): InvoiceOutstandingController->renderFile()
#1 /home/pmahendro/public_html/djajalistrik/protected/modules/report/views/invoiceOutstanding/report.php(85): InvoiceOutstandingController->renderPartial()
#2 /home/pmahendro/public_html/yii/framework/web/CBaseController.php(126): require()
#3 /home/pmahendro/public_html/yii/framework/web/CBaseController.php(95): InvoiceOutstandingController->renderInternal()
#4 /home/pmahendro/public_html/yii/framework/web/CController.php(869): InvoiceOutstandingController->renderFile()
#5 /home/pmahendro/public_html/yii/framework/web/CController.php(782): InvoiceOutstandingController->renderPartial()
#6 /home/pmahendro/public_html/djajalistrik/protected/modules/report/controllers/InvoiceOutstandingController.php(38): InvoiceOutstandingController->render()
#7 /home/pmahendro/public_html/yii/framework/web/actions/CInlineAction.php(49): InvoiceOutstandingController->actionReport()
#8 /home/pmahendro/public_html/yii/framework/web/CController.php(308): CInlineAction->runWithParams()
#9 /home/pmahendro/public_html/yii/framework/web/filters/CFilterChain.php(133): InvoiceOutstandingController->runAction()
#10 /home/pmahendro/public_html/djajalistrik/protected/modules/report/controllers/InvoiceOutstandingController.php(17): CFilterChain->run()
#11 /home/pmahendro/public_html/yii/framework/web/filters/CInlineFilter.php(58): InvoiceOutstandingController->filterAccess()
#12 /home/pmahendro/public_html/yii/framework/web/filters/CFilterChain.php(130): CInlineFilter->filter()
#13 /home/pmahendro/public_html/yii/framework/web/CController.php(291): CFilterChain->run()
#14 /home/pmahendro/public_html/yii/framework/web/CController.php(265): InvoiceOutstandingController->runActionWithFilters()
#15 /home/pmahendro/public_html/yii/framework/web/CWebApplication.php(282): InvoiceOutstandingController->run()
#16 /home/pmahendro/public_html/yii/framework/web/CWebApplication.php(141): CWebApplication->runController()
#17 /home/pmahendro/public_html/yii/framework/base/CApplication.php(180): CWebApplication->processRequest()
#18 /home/pmahendro/public_html/djajalistrik/index.php(13): CWebApplication->run()
REQUEST_URI=/~pmahendro/djajalistrik/index.php?r=report/invoiceOutstanding/report
in /home/pmahendro/public_html/djajalistrik/protected/modules/report/views/invoiceOutstanding/_report.php (43)
in /home/pmahendro/public_html/djajalistrik/protected/modules/report/views/invoiceOutstanding/report.php (85)
in /home/pmahendro/public_html/djajalistrik/protected/modules/report/controllers/InvoiceOutstandingController.php (38)
2025/06/06 10:23:10 [error] [php] Trying to get property of non-object (/home/pmahendro/public_html/djajalistrik/protected/modules/report/views/invoiceOutstanding/_report.php:43)
Stack trace:
#0 /home/pmahendro/public_html/yii/framework/web/CController.php(869): InvoiceOutstandingController->renderFile()
#1 /home/pmahendro/public_html/djajalistrik/protected/modules/report/views/invoiceOutstanding/report.php(85): InvoiceOutstandingController->renderPartial()
#2 /home/pmahendro/public_html/yii/framework/web/CBaseController.php(126): require()
#3 /home/pmahendro/public_html/yii/framework/web/CBaseController.php(95): InvoiceOutstandingController->renderInternal()
#4 /home/pmahendro/public_html/yii/framework/web/CController.php(869): InvoiceOutstandingController->renderFile()
#5 /home/pmahendro/public_html/yii/framework/web/CController.php(782): InvoiceOutstandingController->renderPartial()
#6 /home/pmahendro/public_html/djajalistrik/protected/modules/report/controllers/InvoiceOutstandingController.php(38): InvoiceOutstandingController->render()
#7 /home/pmahendro/public_html/yii/framework/web/actions/CInlineAction.php(49): InvoiceOutstandingController->actionReport()
#8 /home/pmahendro/public_html/yii/framework/web/CController.php(308): CInlineAction->runWithParams()
#9 /home/pmahendro/public_html/yii/framework/web/filters/CFilterChain.php(133): InvoiceOutstandingController->runAction()
#10 /home/pmahendro/public_html/djajalistrik/protected/modules/report/controllers/InvoiceOutstandingController.php(17): CFilterChain->run()
#11 /home/pmahendro/public_html/yii/framework/web/filters/CInlineFilter.php(58): InvoiceOutstandingController->filterAccess()
#12 /home/pmahendro/public_html/yii/framework/web/filters/CFilterChain.php(130): CInlineFilter->filter()
#13 /home/pmahendro/public_html/yii/framework/web/CController.php(291): CFilterChain->run()
#14 /home/pmahendro/public_html/yii/framework/web/CController.php(265): InvoiceOutstandingController->runActionWithFilters()
#15 /home/pmahendro/public_html/yii/framework/web/CWebApplication.php(282): InvoiceOutstandingController->run()
#16 /home/pmahendro/public_html/yii/framework/web/CWebApplication.php(141): CWebApplication->runController()
#17 /home/pmahendro/public_html/yii/framework/base/CApplication.php(180): CWebApplication->processRequest()
#18 /home/pmahendro/public_html/djajalistrik/index.php(13): CWebApplication->run()
REQUEST_URI=/~pmahendro/djajalistrik/index.php?r=report/invoiceOutstanding/report
in /home/pmahendro/public_html/djajalistrik/protected/modules/report/views/invoiceOutstanding/_report.php (43)
in /home/pmahendro/public_html/djajalistrik/protected/modules/report/views/invoiceOutstanding/report.php (85)
in /home/pmahendro/public_html/djajalistrik/protected/modules/report/controllers/InvoiceOutstandingController.php (38)
2025/06/06 12:28:34 [error] [php] Undefined variable: invoiceReport (/home/pmahendro/public_html/djajalistrik/protected/modules/report/views/invoiceOutstanding/report.php:66)
Stack trace:
#0 /home/pmahendro/public_html/yii/framework/web/CController.php(869): InvoiceOutstandingController->renderFile()
#1 /home/pmahendro/public_html/yii/framework/web/CController.php(782): InvoiceOutstandingController->renderPartial()
#2 /home/pmahendro/public_html/djajalistrik/protected/modules/report/controllers/InvoiceOutstandingController.php(38): InvoiceOutstandingController->render()
#3 /home/pmahendro/public_html/yii/framework/web/actions/CInlineAction.php(49): InvoiceOutstandingController->actionReport()
#4 /home/pmahendro/public_html/yii/framework/web/CController.php(308): CInlineAction->runWithParams()
#5 /home/pmahendro/public_html/yii/framework/web/filters/CFilterChain.php(133): InvoiceOutstandingController->runAction()
#6 /home/pmahendro/public_html/djajalistrik/protected/modules/report/controllers/InvoiceOutstandingController.php(17): CFilterChain->run()
#7 /home/pmahendro/public_html/yii/framework/web/filters/CInlineFilter.php(58): InvoiceOutstandingController->filterAccess()
#8 /home/pmahendro/public_html/yii/framework/web/filters/CFilterChain.php(130): CInlineFilter->filter()
#9 /home/pmahendro/public_html/yii/framework/web/CController.php(291): CFilterChain->run()
#10 /home/pmahendro/public_html/yii/framework/web/CController.php(265): InvoiceOutstandingController->runActionWithFilters()
#11 /home/pmahendro/public_html/yii/framework/web/CWebApplication.php(282): InvoiceOutstandingController->run()
#12 /home/pmahendro/public_html/yii/framework/web/CWebApplication.php(141): CWebApplication->runController()
#13 /home/pmahendro/public_html/yii/framework/base/CApplication.php(180): CWebApplication->processRequest()
#14 /home/pmahendro/public_html/djajalistrik/index.php(13): CWebApplication->run()
REQUEST_URI=/~pmahendro/djajalistrik/index.php?r=report/invoiceOutstanding/report
in /home/pmahendro/public_html/djajalistrik/protected/modules/report/views/invoiceOutstanding/report.php (66)
in /home/pmahendro/public_html/djajalistrik/protected/modules/report/controllers/InvoiceOutstandingController.php (38)
in /home/pmahendro/public_html/djajalistrik/protected/modules/report/controllers/InvoiceOutstandingController.php (17)
2025/06/06 12:29:08 [error] [php] Trying to get property of non-object (/home/pmahendro/public_html/djajalistrik/protected/components/ReportHelper.php:7)
Stack trace:
#0 /home/pmahendro/public_html/yii/framework/web/CBaseController.php(95): InvoiceOutstandingController->renderInternal()
#1 /home/pmahendro/public_html/yii/framework/web/CController.php(869): InvoiceOutstandingController->renderFile()
#2 /home/pmahendro/public_html/yii/framework/web/CController.php(782): InvoiceOutstandingController->renderPartial()
#3 /home/pmahendro/public_html/djajalistrik/protected/modules/report/controllers/InvoiceOutstandingController.php(38): InvoiceOutstandingController->render()
#4 /home/pmahendro/public_html/yii/framework/web/actions/CInlineAction.php(49): InvoiceOutstandingController->actionReport()
#5 /home/pmahendro/public_html/yii/framework/web/CController.php(308): CInlineAction->runWithParams()
#6 /home/pmahendro/public_html/yii/framework/web/filters/CFilterChain.php(133): InvoiceOutstandingController->runAction()
#7 /home/pmahendro/public_html/djajalistrik/protected/modules/report/controllers/InvoiceOutstandingController.php(17): CFilterChain->run()
#8 /home/pmahendro/public_html/yii/framework/web/filters/CInlineFilter.php(58): InvoiceOutstandingController->filterAccess()
#9 /home/pmahendro/public_html/yii/framework/web/filters/CFilterChain.php(130): CInlineFilter->filter()
#10 /home/pmahendro/public_html/yii/framework/web/CController.php(291): CFilterChain->run()
#11 /home/pmahendro/public_html/yii/framework/web/CController.php(265): InvoiceOutstandingController->runActionWithFilters()
#12 /home/pmahendro/public_html/yii/framework/web/CWebApplication.php(282): InvoiceOutstandingController->run()
#13 /home/pmahendro/public_html/yii/framework/web/CWebApplication.php(141): CWebApplication->runController()
#14 /home/pmahendro/public_html/yii/framework/base/CApplication.php(180): CWebApplication->processRequest()
#15 /home/pmahendro/public_html/djajalistrik/index.php(13): CWebApplication->run()
REQUEST_URI=/~pmahendro/djajalistrik/index.php?r=report/invoiceOutstanding/report
in /home/pmahendro/public_html/djajalistrik/protected/components/ReportHelper.php (7)
in /home/pmahendro/public_html/djajalistrik/protected/modules/report/views/invoiceOutstanding/report.php (66)
in /home/pmahendro/public_html/djajalistrik/protected/modules/report/controllers/InvoiceOutstandingController.php (38)
2025/06/06 12:36:13 [error] [php] Trying to get property of non-object (/home/pmahendro/public_html/djajalistrik/protected/components/ReportHelper.php:7)
Stack trace:
#0 /home/pmahendro/public_html/yii/framework/web/CBaseController.php(95): InvoiceOutstandingController->renderInternal()
#1 /home/pmahendro/public_html/yii/framework/web/CController.php(869): InvoiceOutstandingController->renderFile()
#2 /home/pmahendro/public_html/yii/framework/web/CController.php(782): InvoiceOutstandingController->renderPartial()
#3 /home/pmahendro/public_html/djajalistrik/protected/modules/report/controllers/InvoiceOutstandingController.php(38): InvoiceOutstandingController->render()
#4 /home/pmahendro/public_html/yii/framework/web/actions/CInlineAction.php(49): InvoiceOutstandingController->actionReport()
#5 /home/pmahendro/public_html/yii/framework/web/CController.php(308): CInlineAction->runWithParams()
#6 /home/pmahendro/public_html/yii/framework/web/filters/CFilterChain.php(133): InvoiceOutstandingController->runAction()
#7 /home/pmahendro/public_html/djajalistrik/protected/modules/report/controllers/InvoiceOutstandingController.php(17): CFilterChain->run()
#8 /home/pmahendro/public_html/yii/framework/web/filters/CInlineFilter.php(58): InvoiceOutstandingController->filterAccess()
#9 /home/pmahendro/public_html/yii/framework/web/filters/CFilterChain.php(130): CInlineFilter->filter()
#10 /home/pmahendro/public_html/yii/framework/web/CController.php(291): CFilterChain->run()
#11 /home/pmahendro/public_html/yii/framework/web/CController.php(265): InvoiceOutstandingController->runActionWithFilters()
#12 /home/pmahendro/public_html/yii/framework/web/CWebApplication.php(282): InvoiceOutstandingController->run()
#13 /home/pmahendro/public_html/yii/framework/web/CWebApplication.php(141): CWebApplication->runController()
#14 /home/pmahendro/public_html/yii/framework/base/CApplication.php(180): CWebApplication->processRequest()
#15 /home/pmahendro/public_html/djajalistrik/index.php(13): CWebApplication->run()
REQUEST_URI=/~pmahendro/djajalistrik/index.php?r=report/invoiceOutstanding/report
in /home/pmahendro/public_html/djajalistrik/protected/components/ReportHelper.php (7)
in /home/pmahendro/public_html/djajalistrik/protected/modules/report/views/invoiceOutstanding/report.php (66)
in /home/pmahendro/public_html/djajalistrik/protected/modules/report/controllers/InvoiceOutstandingController.php (38)
2025/06/06 12:51:59 [error] [php] Trying to get property of non-object (/home/pmahendro/public_html/djajalistrik/protected/modules/report/views/invoiceOutstanding/report.php:86)
Stack trace:
#0 /home/pmahendro/public_html/yii/framework/web/CController.php(869): InvoiceOutstandingController->renderFile()
#1 /home/pmahendro/public_html/yii/framework/web/CController.php(782): InvoiceOutstandingController->renderPartial()
#2 /home/pmahendro/public_html/djajalistrik/protected/modules/report/controllers/InvoiceOutstandingController.php(38): InvoiceOutstandingController->render()
#3 /home/pmahendro/public_html/yii/framework/web/actions/CInlineAction.php(49): InvoiceOutstandingController->actionReport()
#4 /home/pmahendro/public_html/yii/framework/web/CController.php(308): CInlineAction->runWithParams()
#5 /home/pmahendro/public_html/yii/framework/web/filters/CFilterChain.php(133): InvoiceOutstandingController->runAction()
#6 /home/pmahendro/public_html/djajalistrik/protected/modules/report/controllers/InvoiceOutstandingController.php(17): CFilterChain->run()
#7 /home/pmahendro/public_html/yii/framework/web/filters/CInlineFilter.php(58): InvoiceOutstandingController->filterAccess()
#8 /home/pmahendro/public_html/yii/framework/web/filters/CFilterChain.php(130): CInlineFilter->filter()
#9 /home/pmahendro/public_html/yii/framework/web/CController.php(291): CFilterChain->run()
#10 /home/pmahendro/public_html/yii/framework/web/CController.php(265): InvoiceOutstandingController->runActionWithFilters()
#11 /home/pmahendro/public_html/yii/framework/web/CWebApplication.php(282): InvoiceOutstandingController->run()
#12 /home/pmahendro/public_html/yii/framework/web/CWebApplication.php(141): CWebApplication->runController()
#13 /home/pmahendro/public_html/yii/framework/base/CApplication.php(180): CWebApplication->processRequest()
#14 /home/pmahendro/public_html/djajalistrik/index.php(13): CWebApplication->run()
REQUEST_URI=/~pmahendro/djajalistrik/index.php?r=report%2FinvoiceOutstanding%2Freport&InvoiceHeader%5Bcustomer_id%5D=1818&InvoiceHeader%5Bbranch_id%5D=&EndDate=2025-06-06&sort=&yt0=Show
in /home/pmahendro/public_html/djajalistrik/protected/modules/report/views/invoiceOutstanding/report.php (86)
in /home/pmahendro/public_html/djajalistrik/protected/modules/report/controllers/InvoiceOutstandingController.php (38)
in /home/pmahendro/public_html/djajalistrik/protected/modules/report/controllers/InvoiceOutstandingController.php (17)
2025/06/06 13:11:38 [error] [php] Undefined variable: invoiceHeader (/home/pmahendro/public_html/djajalistrik/protected/modules/report/views/orderOutstanding/report.php:22)
Stack trace:
#0 /home/pmahendro/public_html/yii/framework/web/CController.php(869): OrderOutstandingController->renderFile()
#1 /home/pmahendro/public_html/yii/framework/web/CController.php(782): OrderOutstandingController->renderPartial()
#2 /home/pmahendro/public_html/djajalistrik/protected/modules/report/controllers/OrderOutstandingController.php(42): OrderOutstandingController->render()
#3 /home/pmahendro/public_html/yii/framework/web/actions/CInlineAction.php(49): OrderOutstandingController->actionReport()
#4 /home/pmahendro/public_html/yii/framework/web/CController.php(308): CInlineAction->runWithParams()
#5 /home/pmahendro/public_html/yii/framework/web/filters/CFilterChain.php(133): OrderOutstandingController->runAction()
#6 /home/pmahendro/public_html/djajalistrik/protected/modules/report/controllers/OrderOutstandingController.php(17): CFilterChain->run()
#7 /home/pmahendro/public_html/yii/framework/web/filters/CInlineFilter.php(58): OrderOutstandingController->filterAccess()
#8 /home/pmahendro/public_html/yii/framework/web/filters/CFilterChain.php(130): CInlineFilter->filter()
#9 /home/pmahendro/public_html/yii/framework/web/CController.php(291): CFilterChain->run()
#10 /home/pmahendro/public_html/yii/framework/web/CController.php(265): OrderOutstandingController->runActionWithFilters()
#11 /home/pmahendro/public_html/yii/framework/web/CWebApplication.php(282): OrderOutstandingController->run()
#12 /home/pmahendro/public_html/yii/framework/web/CWebApplication.php(141): CWebApplication->runController()
#13 /home/pmahendro/public_html/yii/framework/base/CApplication.php(180): CWebApplication->processRequest()
#14 /home/pmahendro/public_html/djajalistrik/index.php(13): CWebApplication->run()
REQUEST_URI=/~pmahendro/djajalistrik/index.php?r=report/orderOutstanding/report
in /home/pmahendro/public_html/djajalistrik/protected/modules/report/views/orderOutstanding/report.php (22)
in /home/pmahendro/public_html/djajalistrik/protected/modules/report/controllers/OrderOutstandingController.php (42)
in /home/pmahendro/public_html/djajalistrik/protected/modules/report/controllers/OrderOutstandingController.php (17)
2025/06/06 13:12:25 [error] [exception.CException] exception 'CException' with message 'Property "OrderHeader.transaction_date" is not defined.' in /home/pmahendro/public_html/yii/framework/base/CComponent.php:130
Stack trace:
#0 /home/pmahendro/public_html/yii/framework/db/ar/CActiveRecord.php(145): CComponent->__get('transaction_dat...')
#1 /home/pmahendro/public_html/djajalistrik/protected/modules/report/views/orderOutstanding/_report.php(51): CActiveRecord->__get('transaction_dat...')
#2 /home/pmahendro/public_html/yii/framework/web/CBaseController.php(126): require('/home/pmahendro...')
#3 /home/pmahendro/public_html/yii/framework/web/CBaseController.php(95): CBaseController->renderInternal('/home/pmahendro...', Array, true)
#4 /home/pmahendro/public_html/yii/framework/web/CController.php(869): CBaseController->renderFile('/home/pmahendro...', Array, true)
#5 /home/pmahendro/public_html/djajalistrik/protected/modules/report/views/orderOutstanding/report.php(83): CController->renderPartial('_report', Array)
#6 /home/pmahendro/public_html/yii/framework/web/CBaseController.php(126): require('/home/pmahendro...')
#7 /home/pmahendro/public_html/yii/framework/web/CBaseController.php(95): CBaseController->renderInternal('/home/pmahendro...', Array, true)
#8 /home/pmahendro/public_html/yii/framework/web/CController.php(869): CBaseController->renderFile('/home/pmahendro...', Array, true)
#9 /home/pmahendro/public_html/yii/framework/web/CController.php(782): CController->renderPartial('report', Array, true)
#10 /home/pmahendro/public_html/djajalistrik/protected/modules/report/controllers/OrderOutstandingController.php(42): CController->render('report', Array)
#11 /home/pmahendro/public_html/yii/framework/web/actions/CInlineAction.php(49): OrderOutstandingController->actionReport()
#12 /home/pmahendro/public_html/yii/framework/web/CController.php(308): CInlineAction->runWithParams(Array)
#13 /home/pmahendro/public_html/yii/framework/web/filters/CFilterChain.php(133): CController->runAction(Object(CInlineAction))
#14 /home/pmahendro/public_html/djajalistrik/protected/modules/report/controllers/OrderOutstandingController.php(17): CFilterChain->run()
#15 /home/pmahendro/public_html/yii/framework/web/filters/CInlineFilter.php(58): OrderOutstandingController->filterAccess(Object(CFilterChain))
#16 /home/pmahendro/public_html/yii/framework/web/filters/CFilterChain.php(130): CInlineFilter->filter(Object(CFilterChain))
#17 /home/pmahendro/public_html/yii/framework/web/CController.php(291): CFilterChain->run()
#18 /home/pmahendro/public_html/yii/framework/web/CController.php(265): CController->runActionWithFilters(Object(CInlineAction), Array)
#19 /home/pmahendro/public_html/yii/framework/web/CWebApplication.php(282): CController->run('report')
#20 /home/pmahendro/public_html/yii/framework/web/CWebApplication.php(141): CWebApplication->runController('report/orderOut...')
#21 /home/pmahendro/public_html/yii/framework/base/CApplication.php(180): CWebApplication->processRequest()
#22 /home/pmahendro/public_html/djajalistrik/index.php(13): CApplication->run()
#23 {main}
REQUEST_URI=/~pmahendro/djajalistrik/index.php?r=report/orderOutstanding/report
---
2025/06/09 17:22:40 [error] [exception.CException] exception 'CException' with message 'CDbCriteria and its behaviors do not have a method or closure named "condition".' in /home/pmahendro/public_html/yii/framework/base/CComponent.php:266
Stack trace:
#0 /home/pmahendro/public_html/djajalistrik/protected/modules/transaction/controllers/SalePaymentController.php(32): CComponent->__call('condition', Array)
#1 /home/pmahendro/public_html/djajalistrik/protected/modules/transaction/controllers/SalePaymentController.php(32): CDbCriteria->condition('t.is_inactive =...')
#2 /home/pmahendro/public_html/yii/framework/web/actions/CInlineAction.php(49): SalePaymentController->actionCustomerList()
#3 /home/pmahendro/public_html/yii/framework/web/CController.php(308): CInlineAction->runWithParams(Array)
#4 /home/pmahendro/public_html/yii/framework/web/filters/CFilterChain.php(133): CController->runAction(Object(CInlineAction))
#5 /home/pmahendro/public_html/djajalistrik/protected/modules/transaction/controllers/SalePaymentController.php(25): CFilterChain->run()
#6 /home/pmahendro/public_html/yii/framework/web/filters/CInlineFilter.php(58): SalePaymentController->filterAccess(Object(CFilterChain))
#7 /home/pmahendro/public_html/yii/framework/web/filters/CFilterChain.php(130): CInlineFilter->filter(Object(CFilterChain))
#8 /home/pmahendro/public_html/yii/framework/web/CController.php(291): CFilterChain->run()
#9 /home/pmahendro/public_html/yii/framework/web/CController.php(265): CController->runActionWithFilters(Object(CInlineAction), Array)
#10 /home/pmahendro/public_html/yii/framework/web/CWebApplication.php(282): CController->run('customerList')
#11 /home/pmahendro/public_html/yii/framework/web/CWebApplication.php(141): CWebApplication->runController('transaction/sal...')
#12 /home/pmahendro/public_html/yii/framework/base/CApplication.php(180): CWebApplication->processRequest()
#13 /home/pmahendro/public_html/djajalistrik/index.php(13): CApplication->run()
#14 {main}
REQUEST_URI=/~pmahendro/djajalistrik/index.php?r=transaction/salePayment/customerList
HTTP_REFERER=http://localhost/~pmahendro/djajalistrik/index.php?r=transaction/salePayment/admin
---
2025/06/09 17:45:02 [error] [php] Undefined variable: error (/home/pmahendro/public_html/djajalistrik/protected/modules/transaction/views/salePayment/_detail.php:1)
Stack trace:
#0 /home/pmahendro/public_html/yii/framework/web/CController.php(869): SalePaymentController->renderFile()
#1 /home/pmahendro/public_html/djajalistrik/protected/modules/transaction/views/salePayment/_form.php(73): SalePaymentController->renderPartial()
#2 /home/pmahendro/public_html/yii/framework/web/CBaseController.php(126): require()
#3 /home/pmahendro/public_html/yii/framework/web/CBaseController.php(95): SalePaymentController->renderInternal()
#4 /home/pmahendro/public_html/yii/framework/web/CController.php(869): SalePaymentController->renderFile()
#5 /home/pmahendro/public_html/djajalistrik/protected/modules/transaction/views/salePayment/create.php(15): SalePaymentController->renderPartial()
#6 /home/pmahendro/public_html/yii/framework/web/CBaseController.php(126): require()
#7 /home/pmahendro/public_html/yii/framework/web/CBaseController.php(95): SalePaymentController->renderInternal()
#8 /home/pmahendro/public_html/yii/framework/web/CController.php(869): SalePaymentController->renderFile()
#9 /home/pmahendro/public_html/yii/framework/web/CController.php(782): SalePaymentController->renderPartial()
#10 /home/pmahendro/public_html/djajalistrik/protected/modules/transaction/controllers/SalePaymentController.php(77): SalePaymentController->render()
#11 unknown(0): SalePaymentController->actionCreate()
#12 /home/pmahendro/public_html/yii/framework/web/actions/CAction.php(108): ReflectionMethod->invokeArgs()
#13 /home/pmahendro/public_html/yii/framework/web/actions/CInlineAction.php(47): CInlineAction->runWithParamsInternal()
#14 /home/pmahendro/public_html/yii/framework/web/CController.php(308): CInlineAction->runWithParams()
#15 /home/pmahendro/public_html/yii/framework/web/filters/CFilterChain.php(133): SalePaymentController->runAction()
#16 /home/pmahendro/public_html/djajalistrik/protected/modules/transaction/controllers/SalePaymentController.php(25): CFilterChain->run()
#17 /home/pmahendro/public_html/yii/framework/web/filters/CInlineFilter.php(58): SalePaymentController->filterAccess()
#18 /home/pmahendro/public_html/yii/framework/web/filters/CFilterChain.php(130): CInlineFilter->filter()
#19 /home/pmahendro/public_html/yii/framework/web/CController.php(291): CFilterChain->run()
#20 /home/pmahendro/public_html/yii/framework/web/CController.php(265): SalePaymentController->runActionWithFilters()
#21 /home/pmahendro/public_html/yii/framework/web/CWebApplication.php(282): SalePaymentController->run()
#22 /home/pmahendro/public_html/yii/framework/web/CWebApplication.php(141): CWebApplication->runController()
#23 /home/pmahendro/public_html/yii/framework/base/CApplication.php(180): CWebApplication->processRequest()
#24 /home/pmahendro/public_html/djajalistrik/index.php(13): CWebApplication->run()
REQUEST_URI=/~pmahendro/djajalistrik/index.php?r=transaction/salePayment/create&customerId=1094
in /home/pmahendro/public_html/djajalistrik/protected/modules/transaction/views/salePayment/_detail.php (1)
in /home/pmahendro/public_html/djajalistrik/protected/modules/transaction/views/salePayment/_form.php (73)
in /home/pmahendro/public_html/djajalistrik/protected/modules/transaction/views/salePayment/create.php (15)
2025/06/09 17:55:31 [error] [php] Undefined variable: salePayment (/home/pmahendro/public_html/djajalistrik/protected/modules/transaction/views/salePayment/_detail.php:11)
Stack trace:
#0 /home/pmahendro/public_html/yii/framework/web/CController.php(869): SalePaymentController->renderFile()
#1 /home/pmahendro/public_html/djajalistrik/protected/modules/transaction/controllers/SalePaymentController.php(269): SalePaymentController->renderPartial()
#2 unknown(0): SalePaymentController->actionAjaxHtmlAddInvoices()
#3 /home/pmahendro/public_html/yii/framework/web/actions/CAction.php(108): ReflectionMethod->invokeArgs()
#4 /home/pmahendro/public_html/yii/framework/web/actions/CInlineAction.php(47): CInlineAction->runWithParamsInternal()
#5 /home/pmahendro/public_html/yii/framework/web/CController.php(308): CInlineAction->runWithParams()
#6 /home/pmahendro/public_html/yii/framework/web/filters/CFilterChain.php(133): SalePaymentController->runAction()
#7 /home/pmahendro/public_html/djajalistrik/protected/modules/transaction/controllers/SalePaymentController.php(25): CFilterChain->run()
#8 /home/pmahendro/public_html/yii/framework/web/filters/CInlineFilter.php(58): SalePaymentController->filterAccess()
#9 /home/pmahendro/public_html/yii/framework/web/filters/CFilterChain.php(130): CInlineFilter->filter()
#10 /home/pmahendro/public_html/yii/framework/web/CController.php(291): CFilterChain->run()
#11 /home/pmahendro/public_html/yii/framework/web/CController.php(265): SalePaymentController->runActionWithFilters()
#12 /home/pmahendro/public_html/yii/framework/web/CWebApplication.php(282): SalePaymentController->run()
#13 /home/pmahendro/public_html/yii/framework/web/CWebApplication.php(141): CWebApplication->runController()
#14 /home/pmahendro/public_html/yii/framework/base/CApplication.php(180): CWebApplication->processRequest()
#15 /home/pmahendro/public_html/djajalistrik/index.php(13): CWebApplication->run()
REQUEST_URI=/~pmahendro/djajalistrik/index.php?r=transaction/salePayment/ajaxHtmlAddInvoices&id=
in /home/pmahendro/public_html/djajalistrik/protected/modules/transaction/views/salePayment/_detail.php (11)
in /home/pmahendro/public_html/djajalistrik/protected/modules/transaction/controllers/SalePaymentController.php (269)
in /home/pmahendro/public_html/djajalistrik/protected/modules/transaction/controllers/SalePaymentController.php (25)
2025/06/09 17:55:35 [error] [php] Undefined variable: salePayment (/home/pmahendro/public_html/djajalistrik/protected/modules/transaction/views/salePayment/_detail.php:11)
Stack trace:
#0 /home/pmahendro/public_html/yii/framework/web/CController.php(869): SalePaymentController->renderFile()
#1 /home/pmahendro/public_html/djajalistrik/protected/modules/transaction/controllers/SalePaymentController.php(269): SalePaymentController->renderPartial()
#2 unknown(0): SalePaymentController->actionAjaxHtmlAddInvoices()
#3 /home/pmahendro/public_html/yii/framework/web/actions/CAction.php(108): ReflectionMethod->invokeArgs()
#4 /home/pmahendro/public_html/yii/framework/web/actions/CInlineAction.php(47): CInlineAction->runWithParamsInternal()
#5 /home/pmahendro/public_html/yii/framework/web/CController.php(308): CInlineAction->runWithParams()
#6 /home/pmahendro/public_html/yii/framework/web/filters/CFilterChain.php(133): SalePaymentController->runAction()
#7 /home/pmahendro/public_html/djajalistrik/protected/modules/transaction/controllers/SalePaymentController.php(25): CFilterChain->run()
#8 /home/pmahendro/public_html/yii/framework/web/filters/CInlineFilter.php(58): SalePaymentController->filterAccess()
#9 /home/pmahendro/public_html/yii/framework/web/filters/CFilterChain.php(130): CInlineFilter->filter()
#10 /home/pmahendro/public_html/yii/framework/web/CController.php(291): CFilterChain->run()
#11 /home/pmahendro/public_html/yii/framework/web/CController.php(265): SalePaymentController->runActionWithFilters()
#12 /home/pmahendro/public_html/yii/framework/web/CWebApplication.php(282): SalePaymentController->run()
#13 /home/pmahendro/public_html/yii/framework/web/CWebApplication.php(141): CWebApplication->runController()
#14 /home/pmahendro/public_html/yii/framework/base/CApplication.php(180): CWebApplication->processRequest()
#15 /home/pmahendro/public_html/djajalistrik/index.php(13): CWebApplication->run()
REQUEST_URI=/~pmahendro/djajalistrik/index.php?r=transaction/salePayment/ajaxHtmlAddInvoices&id=
in /home/pmahendro/public_html/djajalistrik/protected/modules/transaction/views/salePayment/_detail.php (11)
in /home/pmahendro/public_html/djajalistrik/protected/modules/transaction/controllers/SalePaymentController.php (269)
in /home/pmahendro/public_html/djajalistrik/protected/modules/transaction/controllers/SalePaymentController.php (25)
2025/06/09 17:56:45 [error] [php] Undefined variable: salePayment (/home/pmahendro/public_html/djajalistrik/protected/modules/transaction/views/salePayment/_detail.php:11)
Stack trace:
#0 /home/pmahendro/public_html/yii/framework/web/CController.php(869): SalePaymentController->renderFile()
#1 /home/pmahendro/public_html/djajalistrik/protected/modules/transaction/controllers/SalePaymentController.php(269): SalePaymentController->renderPartial()
#2 unknown(0): SalePaymentController->actionAjaxHtmlAddInvoices()
#3 /home/pmahendro/public_html/yii/framework/web/actions/CAction.php(108): ReflectionMethod->invokeArgs()
#4 /home/pmahendro/public_html/yii/framework/web/actions/CInlineAction.php(47): CInlineAction->runWithParamsInternal()
#5 /home/pmahendro/public_html/yii/framework/web/CController.php(308): CInlineAction->runWithParams()
#6 /home/pmahendro/public_html/yii/framework/web/filters/CFilterChain.php(133): SalePaymentController->runAction()
#7 /home/pmahendro/public_html/djajalistrik/protected/modules/transaction/controllers/SalePaymentController.php(25): CFilterChain->run()
#8 /home/pmahendro/public_html/yii/framework/web/filters/CInlineFilter.php(58): SalePaymentController->filterAccess()
#9 /home/pmahendro/public_html/yii/framework/web/filters/CFilterChain.php(130): CInlineFilter->filter()
#10 /home/pmahendro/public_html/yii/framework/web/CController.php(291): CFilterChain->run()
#11 /home/pmahendro/public_html/yii/framework/web/CController.php(265): SalePaymentController->runActionWithFilters()
#12 /home/pmahendro/public_html/yii/framework/web/CWebApplication.php(282): SalePaymentController->run()
#13 /home/pmahendro/public_html/yii/framework/web/CWebApplication.php(141): CWebApplication->runController()
#14 /home/pmahendro/public_html/yii/framework/base/CApplication.php(180): CWebApplication->processRequest()
#15 /home/pmahendro/public_html/djajalistrik/index.php(13): CWebApplication->run()
REQUEST_URI=/~pmahendro/djajalistrik/index.php?r=transaction/salePayment/ajaxHtmlAddInvoices&id=
in /home/pmahendro/public_html/djajalistrik/protected/modules/transaction/views/salePayment/_detail.php (11)
in /home/pmahendro/public_html/djajalistrik/protected/modules/transaction/controllers/SalePaymentController.php (269)
in /home/pmahendro/public_html/djajalistrik/protected/modules/transaction/controllers/SalePaymentController.php (25)
2025/06/09 17:56:48 [error] [php] Undefined variable: salePayment (/home/pmahendro/public_html/djajalistrik/protected/modules/transaction/views/salePayment/_detail.php:11)
Stack trace:
#0 /home/pmahendro/public_html/yii/framework/web/CController.php(869): SalePaymentController->renderFile()
#1 /home/pmahendro/public_html/djajalistrik/protected/modules/transaction/controllers/SalePaymentController.php(269): SalePaymentController->renderPartial()
#2 unknown(0): SalePaymentController->actionAjaxHtmlAddInvoices()
#3 /home/pmahendro/public_html/yii/framework/web/actions/CAction.php(108): ReflectionMethod->invokeArgs()
#4 /home/pmahendro/public_html/yii/framework/web/actions/CInlineAction.php(47): CInlineAction->runWithParamsInternal()
#5 /home/pmahendro/public_html/yii/framework/web/CController.php(308): CInlineAction->runWithParams()
#6 /home/pmahendro/public_html/yii/framework/web/filters/CFilterChain.php(133): SalePaymentController->runAction()
#7 /home/pmahendro/public_html/djajalistrik/protected/modules/transaction/controllers/SalePaymentController.php(25): CFilterChain->run()
#8 /home/pmahendro/public_html/yii/framework/web/filters/CInlineFilter.php(58): SalePaymentController->filterAccess()
#9 /home/pmahendro/public_html/yii/framework/web/filters/CFilterChain.php(130): CInlineFilter->filter()
#10 /home/pmahendro/public_html/yii/framework/web/CController.php(291): CFilterChain->run()
#11 /home/pmahendro/public_html/yii/framework/web/CController.php(265): SalePaymentController->runActionWithFilters()
#12 /home/pmahendro/public_html/yii/framework/web/CWebApplication.php(282): SalePaymentController->run()
#13 /home/pmahendro/public_html/yii/framework/web/CWebApplication.php(141): CWebApplication->runController()
#14 /home/pmahendro/public_html/yii/framework/base/CApplication.php(180): CWebApplication->processRequest()
#15 /home/pmahendro/public_html/djajalistrik/index.php(13): CWebApplication->run()
REQUEST_URI=/~pmahendro/djajalistrik/index.php?r=transaction/salePayment/ajaxHtmlAddInvoices&id=
in /home/pmahendro/public_html/djajalistrik/protected/modules/transaction/views/salePayment/_detail.php (11)
in /home/pmahendro/public_html/djajalistrik/protected/modules/transaction/controllers/SalePaymentController.php (269)
in /home/pmahendro/public_html/djajalistrik/protected/modules/transaction/controllers/SalePaymentController.php (25)
2025/06/09 18:12:19 [error] [php] Trying to get property of non-object (/home/pmahendro/public_html/djajalistrik/protected/modules/transaction/components/SalePayment.php:79)
Stack trace:
#0 unknown(0): SalePaymentController->actionCreate()
#1 /home/pmahendro/public_html/yii/framework/web/actions/CAction.php(108): ReflectionMethod->invokeArgs()
#2 /home/pmahendro/public_html/yii/framework/web/actions/CInlineAction.php(47): CInlineAction->runWithParamsInternal()
#3 /home/pmahendro/public_html/yii/framework/web/CController.php(308): CInlineAction->runWithParams()
#4 /home/pmahendro/public_html/yii/framework/web/filters/CFilterChain.php(133): SalePaymentController->runAction()
#5 /home/pmahendro/public_html/djajalistrik/protected/modules/transaction/controllers/SalePaymentController.php(25): CFilterChain->run()
#6 /home/pmahendro/public_html/yii/framework/web/filters/CInlineFilter.php(58): SalePaymentController->filterAccess()
#7 /home/pmahendro/public_html/yii/framework/web/filters/CFilterChain.php(130): CInlineFilter->filter()
#8 /home/pmahendro/public_html/yii/framework/web/CController.php(291): CFilterChain->run()
#9 /home/pmahendro/public_html/yii/framework/web/CController.php(265): SalePaymentController->runActionWithFilters()
#10 /home/pmahendro/public_html/yii/framework/web/CWebApplication.php(282): SalePaymentController->run()
#11 /home/pmahendro/public_html/yii/framework/web/CWebApplication.php(141): CWebApplication->runController()
#12 /home/pmahendro/public_html/yii/framework/base/CApplication.php(180): CWebApplication->processRequest()
#13 /home/pmahendro/public_html/djajalistrik/index.php(13): CWebApplication->run()
REQUEST_URI=/~pmahendro/djajalistrik/index.php?r=transaction/salePayment/create&customerId=1094
in /home/pmahendro/public_html/djajalistrik/protected/modules/transaction/components/SalePayment.php (79)
in /home/pmahendro/public_html/djajalistrik/protected/modules/transaction/components/SalePayment.php (42)
in /home/pmahendro/public_html/djajalistrik/protected/modules/transaction/controllers/SalePaymentController.php (62)
2025/06/09 18:12:42 [error] [php] Trying to get property of non-object (/home/pmahendro/public_html/djajalistrik/protected/modules/transaction/views/salePayment/view.php:24)
Stack trace:
#0 /home/pmahendro/public_html/yii/framework/web/CController.php(869): SalePaymentController->renderFile()
#1 /home/pmahendro/public_html/yii/framework/web/CController.php(782): SalePaymentController->renderPartial()
#2 /home/pmahendro/public_html/djajalistrik/protected/modules/transaction/controllers/SalePaymentController.php(135): SalePaymentController->render()
#3 unknown(0): SalePaymentController->actionView()
#4 /home/pmahendro/public_html/yii/framework/web/actions/CAction.php(108): ReflectionMethod->invokeArgs()
#5 /home/pmahendro/public_html/yii/framework/web/actions/CInlineAction.php(47): CInlineAction->runWithParamsInternal()
#6 /home/pmahendro/public_html/yii/framework/web/CController.php(308): CInlineAction->runWithParams()
#7 /home/pmahendro/public_html/yii/framework/web/filters/CFilterChain.php(133): SalePaymentController->runAction()
#8 /home/pmahendro/public_html/djajalistrik/protected/modules/transaction/controllers/SalePaymentController.php(25): CFilterChain->run()
#9 /home/pmahendro/public_html/yii/framework/web/filters/CInlineFilter.php(58): SalePaymentController->filterAccess()
#10 /home/pmahendro/public_html/yii/framework/web/filters/CFilterChain.php(130): CInlineFilter->filter()
#11 /home/pmahendro/public_html/yii/framework/web/CController.php(291): CFilterChain->run()
#12 /home/pmahendro/public_html/yii/framework/web/CController.php(265): SalePaymentController->runActionWithFilters()
#13 /home/pmahendro/public_html/yii/framework/web/CWebApplication.php(282): SalePaymentController->run()
#14 /home/pmahendro/public_html/yii/framework/web/CWebApplication.php(141): CWebApplication->runController()
#15 /home/pmahendro/public_html/yii/framework/base/CApplication.php(180): CWebApplication->processRequest()
#16 /home/pmahendro/public_html/djajalistrik/index.php(13): CWebApplication->run()
REQUEST_URI=/~pmahendro/djajalistrik/index.php?r=transaction/salePayment/view&id=24902
in /home/pmahendro/public_html/djajalistrik/protected/modules/transaction/views/salePayment/view.php (24)
in /home/pmahendro/public_html/djajalistrik/protected/modules/transaction/controllers/SalePaymentController.php (135)
in /home/pmahendro/public_html/djajalistrik/protected/modules/transaction/controllers/SalePaymentController.php (25)
2025/06/09 18:15:27 [error] [php] Trying to get property of non-object (/home/pmahendro/public_html/djajalistrik/protected/modules/transaction/views/salePayment/view.php:24)
Stack trace:
#0 /home/pmahendro/public_html/yii/framework/web/CController.php(869): SalePaymentController->renderFile()
#1 /home/pmahendro/public_html/yii/framework/web/CController.php(782): SalePaymentController->renderPartial()
#2 /home/pmahendro/public_html/djajalistrik/protected/modules/transaction/controllers/SalePaymentController.php(135): SalePaymentController->render()
#3 unknown(0): SalePaymentController->actionView()
#4 /home/pmahendro/public_html/yii/framework/web/actions/CAction.php(108): ReflectionMethod->invokeArgs()
#5 /home/pmahendro/public_html/yii/framework/web/actions/CInlineAction.php(47): CInlineAction->runWithParamsInternal()
#6 /home/pmahendro/public_html/yii/framework/web/CController.php(308): CInlineAction->runWithParams()
#7 /home/pmahendro/public_html/yii/framework/web/filters/CFilterChain.php(133): SalePaymentController->runAction()
#8 /home/pmahendro/public_html/djajalistrik/protected/modules/transaction/controllers/SalePaymentController.php(25): CFilterChain->run()
#9 /home/pmahendro/public_html/yii/framework/web/filters/CInlineFilter.php(58): SalePaymentController->filterAccess()
#10 /home/pmahendro/public_html/yii/framework/web/filters/CFilterChain.php(130): CInlineFilter->filter()
#11 /home/pmahendro/public_html/yii/framework/web/CController.php(291): CFilterChain->run()
#12 /home/pmahendro/public_html/yii/framework/web/CController.php(265): SalePaymentController->runActionWithFilters()
#13 /home/pmahendro/public_html/yii/framework/web/CWebApplication.php(282): SalePaymentController->run()
#14 /home/pmahendro/public_html/yii/framework/web/CWebApplication.php(141): CWebApplication->runController()
#15 /home/pmahendro/public_html/yii/framework/base/CApplication.php(180): CWebApplication->processRequest()
#16 /home/pmahendro/public_html/djajalistrik/index.php(13): CWebApplication->run()
REQUEST_URI=/~pmahendro/djajalistrik/index.php?r=transaction/salePayment/view&id=24902
in /home/pmahendro/public_html/djajalistrik/protected/modules/transaction/views/salePayment/view.php (24)
in /home/pmahendro/public_html/djajalistrik/protected/modules/transaction/controllers/SalePaymentController.php (135)
in /home/pmahendro/public_html/djajalistrik/protected/modules/transaction/controllers/SalePaymentController.php (25)
2025/06/09 18:20:03 [error] [php] Trying to get property of non-object (/home/pmahendro/public_html/djajalistrik/protected/modules/transaction/views/salePayment/memo.php:48)
Stack trace:
#0 /home/pmahendro/public_html/yii/framework/web/CController.php(869): SalePaymentController->renderFile()
#1 /home/pmahendro/public_html/yii/framework/web/CController.php(782): SalePaymentController->renderPartial()
#2 /home/pmahendro/public_html/djajalistrik/protected/modules/transaction/controllers/SalePaymentController.php(163): SalePaymentController->render()
#3 unknown(0): SalePaymentController->actionMemo()
#4 /home/pmahendro/public_html/yii/framework/web/actions/CAction.php(108): ReflectionMethod->invokeArgs()
#5 /home/pmahendro/public_html/yii/framework/web/actions/CInlineAction.php(47): CInlineAction->runWithParamsInternal()
#6 /home/pmahendro/public_html/yii/framework/web/CController.php(308): CInlineAction->runWithParams()
#7 /home/pmahendro/public_html/yii/framework/web/filters/CFilterChain.php(133): SalePaymentController->runAction()
#8 /home/pmahendro/public_html/djajalistrik/protected/modules/transaction/controllers/SalePaymentController.php(25): CFilterChain->run()
#9 /home/pmahendro/public_html/yii/framework/web/filters/CInlineFilter.php(58): SalePaymentController->filterAccess()
#10 /home/pmahendro/public_html/yii/framework/web/filters/CFilterChain.php(130): CInlineFilter->filter()
#11 /home/pmahendro/public_html/yii/framework/web/CController.php(291): CFilterChain->run()
#12 /home/pmahendro/public_html/yii/framework/web/CController.php(265): SalePaymentController->runActionWithFilters()
#13 /home/pmahendro/public_html/yii/framework/web/CWebApplication.php(282): SalePaymentController->run()
#14 /home/pmahendro/public_html/yii/framework/web/CWebApplication.php(141): CWebApplication->runController()
#15 /home/pmahendro/public_html/yii/framework/base/CApplication.php(180): CWebApplication->processRequest()
#16 /home/pmahendro/public_html/djajalistrik/index.php(13): CWebApplication->run()
REQUEST_URI=/~pmahendro/djajalistrik/index.php?r=transaction/salePayment/memo&id=24902
in /home/pmahendro/public_html/djajalistrik/protected/modules/transaction/views/salePayment/memo.php (48)
in /home/pmahendro/public_html/djajalistrik/protected/modules/transaction/controllers/SalePaymentController.php (163)
in /home/pmahendro/public_html/djajalistrik/protected/modules/transaction/controllers/SalePaymentController.php (25)
2025/06/09 18:35:16 [error] [php] Trying to get property of non-object (/home/pmahendro/public_html/yii/framework/base/CComponent.php(612) : eval()'d code:1)
Stack trace:
#0 /home/pmahendro/public_html/yii/framework/zii/widgets/grid/CGridColumn.php(151): CDataColumn->renderDataCellContent()
#1 /home/pmahendro/public_html/yii/framework/zii/widgets/grid/CGridView.php(616): CDataColumn->renderDataCell()
#2 /home/pmahendro/public_html/yii/framework/zii/widgets/grid/CGridView.php(572): CGridView->renderTableRow()
#3 /home/pmahendro/public_html/yii/framework/zii/widgets/grid/CGridView.php(482): CGridView->renderTableBody()
#4 /home/pmahendro/public_html/yii/framework/zii/widgets/CBaseListView.php(167): CGridView->renderItems()
#5 unknown(0): CGridView->renderSection()
#6 /home/pmahendro/public_html/yii/framework/zii/widgets/CBaseListView.php(150): preg_replace_callback()
#7 /home/pmahendro/public_html/yii/framework/zii/widgets/CBaseListView.php(135): CGridView->renderContent()
#8 /home/pmahendro/public_html/yii/framework/web/CBaseController.php(173): CGridView->run()
#9 /home/pmahendro/public_html/djajalistrik/protected/modules/transaction/views/salePayment/admin.php(109): SalePaymentController->widget()
#10 /home/pmahendro/public_html/yii/framework/web/CBaseController.php(126): require()
#11 /home/pmahendro/public_html/yii/framework/web/CBaseController.php(95): SalePaymentController->renderInternal()
#12 /home/pmahendro/public_html/yii/framework/web/CController.php(869): SalePaymentController->renderFile()
#13 /home/pmahendro/public_html/yii/framework/web/CController.php(782): SalePaymentController->renderPartial()
#14 /home/pmahendro/public_html/djajalistrik/protected/modules/transaction/controllers/SalePaymentController.php(217): SalePaymentController->render()
#15 /home/pmahendro/public_html/yii/framework/web/actions/CInlineAction.php(49): SalePaymentController->actionAdmin()
#16 /home/pmahendro/public_html/yii/framework/web/CController.php(308): CInlineAction->runWithParams()
#17 /home/pmahendro/public_html/yii/framework/web/filters/CFilterChain.php(133): SalePaymentController->runAction()
#18 /home/pmahendro/public_html/djajalistrik/protected/modules/transaction/controllers/SalePaymentController.php(25): CFilterChain->run()
#19 /home/pmahendro/public_html/yii/framework/web/filters/CInlineFilter.php(58): SalePaymentController->filterAccess()
#20 /home/pmahendro/public_html/yii/framework/web/filters/CFilterChain.php(130): CInlineFilter->filter()
#21 /home/pmahendro/public_html/yii/framework/web/CController.php(291): CFilterChain->run()
#22 /home/pmahendro/public_html/yii/framework/web/CController.php(265): SalePaymentController->runActionWithFilters()
#23 /home/pmahendro/public_html/yii/framework/web/CWebApplication.php(282): SalePaymentController->run()
#24 /home/pmahendro/public_html/yii/framework/web/CWebApplication.php(141): CWebApplication->runController()
#25 /home/pmahendro/public_html/yii/framework/base/CApplication.php(180): CWebApplication->processRequest()
#26 /home/pmahendro/public_html/djajalistrik/index.php(13): CWebApplication->run()
REQUEST_URI=/~pmahendro/djajalistrik/index.php?r=transaction/salePayment/admin
in /home/pmahendro/public_html/djajalistrik/protected/modules/transaction/views/salePayment/admin.php (109)
in /home/pmahendro/public_html/djajalistrik/protected/modules/transaction/controllers/SalePaymentController.php (217)
in /home/pmahendro/public_html/djajalistrik/protected/modules/transaction/controllers/SalePaymentController.php (25)
2025/06/09 18:36:51 [error] [system.db.CDbCommand] CDbCommand::fetchColumn() failed: SQLSTATE[23000]: Integrity constraint violation: 1052 Column 'customer_id' in where clause is ambiguous. The SQL statement executed was: SELECT COUNT(DISTINCT `t`.`id`) FROM `tbldl_sale_payment_header` `t`  LEFT OUTER JOIN `tbldl_invoice_header` `invoiceHeader` ON (`t`.`invoice_header_id`=`invoiceHeader`.`id`) AND (invoiceHeader.is_inactive = :is_inactive)  LEFT OUTER JOIN `tbldl_order_header` `orderHeader` ON (`invoiceHeader`.`order_header_id`=`orderHeader`.`id`) AND (orderHeader.is_inactive = :is_inactive)  LEFT OUTER JOIN `tbldl_customer` `customer` ON (`invoiceHeader`.`customer_id`=`customer`.`id`) AND (customer.is_inactive = :is_inactive)  LEFT OUTER JOIN `tbldl_branch` `branch` ON (`t`.`branch_id`=`branch`.`id`) AND (branch.is_inactive = :is_inactive)  WHERE ((t.is_inactive = :is_inactive) AND (customer_id=:ycp0)).
in /home/pmahendro/public_html/djajalistrik/protected/modules/transaction/views/salePayment/admin.php (105)
in /home/pmahendro/public_html/djajalistrik/protected/modules/transaction/controllers/SalePaymentController.php (217)
in /home/pmahendro/public_html/djajalistrik/protected/modules/transaction/controllers/SalePaymentController.php (25)
2025/06/09 18:36:51 [error] [exception.CDbException] exception 'CDbException' with message 'CDbCommand failed to execute the SQL statement: SQLSTATE[23000]: Integrity constraint violation: 1052 Column 'customer_id' in where clause is ambiguous. The SQL statement executed was: SELECT COUNT(DISTINCT `t`.`id`) FROM `tbldl_sale_payment_header` `t`  LEFT OUTER JOIN `tbldl_invoice_header` `invoiceHeader` ON (`t`.`invoice_header_id`=`invoiceHeader`.`id`) AND (invoiceHeader.is_inactive = :is_inactive)  LEFT OUTER JOIN `tbldl_order_header` `orderHeader` ON (`invoiceHeader`.`order_header_id`=`orderHeader`.`id`) AND (orderHeader.is_inactive = :is_inactive)  LEFT OUTER JOIN `tbldl_customer` `customer` ON (`invoiceHeader`.`customer_id`=`customer`.`id`) AND (customer.is_inactive = :is_inactive)  LEFT OUTER JOIN `tbldl_branch` `branch` ON (`t`.`branch_id`=`branch`.`id`) AND (branch.is_inactive = :is_inactive)  WHERE ((t.is_inactive = :is_inactive) AND (customer_id=:ycp0))' in /home/pmahendro/public_html/yii/framework/db/CDbCommand.php:543
Stack trace:
#0 /home/pmahendro/public_html/yii/framework/db/CDbCommand.php(433): CDbCommand->queryInternal('fetchColumn', 0, Array)
#1 /home/pmahendro/public_html/yii/framework/db/ar/CActiveFinder.php(759): CDbCommand->queryScalar()
#2 /home/pmahendro/public_html/yii/framework/db/ar/CActiveFinder.php(151): CJoinElement->count(Object(CDbCriteria))
#3 /home/pmahendro/public_html/yii/framework/db/ar/CActiveRecord.php(1605): CActiveFinder->count(Object(CDbCriteria))
#4 /home/pmahendro/public_html/yii/framework/web/CActiveDataProvider.php(228): CActiveRecord->count(Object(CDbCriteria))
#5 /home/pmahendro/public_html/yii/framework/web/CDataProvider.php(224): CActiveDataProvider->calculateTotalItemCount()
#6 /home/pmahendro/public_html/yii/framework/web/CActiveDataProvider.php(178): CDataProvider->getTotalItemCount()
#7 /home/pmahendro/public_html/yii/framework/web/CDataProvider.php(168): CActiveDataProvider->fetchData()
#8 /home/pmahendro/public_html/yii/framework/zii/widgets/CBaseListView.php(111): CDataProvider->getData()
#9 /home/pmahendro/public_html/yii/framework/zii/widgets/grid/CGridView.php(339): CBaseListView->init()
#10 /home/pmahendro/public_html/yii/framework/web/CBaseController.php(147): CGridView->init()
#11 /home/pmahendro/public_html/yii/framework/web/CBaseController.php(172): CBaseController->createWidget('zii.widgets.gri...', Array)
#12 /home/pmahendro/public_html/djajalistrik/protected/modules/transaction/views/salePayment/admin.php(105): CBaseController->widget('zii.widgets.gri...', Array)
#13 /home/pmahendro/public_html/yii/framework/web/CBaseController.php(126): require('/home/pmahendro...')
#14 /home/pmahendro/public_html/yii/framework/web/CBaseController.php(95): CBaseController->renderInternal('/home/pmahendro...', Array, true)
#15 /home/pmahendro/public_html/yii/framework/web/CController.php(869): CBaseController->renderFile('/home/pmahendro...', Array, true)
#16 /home/pmahendro/public_html/yii/framework/web/CController.php(782): CController->renderPartial('admin', Array, true)
#17 /home/pmahendro/public_html/djajalistrik/protected/modules/transaction/controllers/SalePaymentController.php(217): CController->render('admin', Array)
#18 /home/pmahendro/public_html/yii/framework/web/actions/CInlineAction.php(49): SalePaymentController->actionAdmin()
#19 /home/pmahendro/public_html/yii/framework/web/CController.php(308): CInlineAction->runWithParams(Array)
#20 /home/pmahendro/public_html/yii/framework/web/filters/CFilterChain.php(133): CController->runAction(Object(CInlineAction))
#21 /home/pmahendro/public_html/djajalistrik/protected/modules/transaction/controllers/SalePaymentController.php(25): CFilterChain->run()
#22 /home/pmahendro/public_html/yii/framework/web/filters/CInlineFilter.php(58): SalePaymentController->filterAccess(Object(CFilterChain))
#23 /home/pmahendro/public_html/yii/framework/web/filters/CFilterChain.php(130): CInlineFilter->filter(Object(CFilterChain))
#24 /home/pmahendro/public_html/yii/framework/web/CController.php(291): CFilterChain->run()
#25 /home/pmahendro/public_html/yii/framework/web/CController.php(265): CController->runActionWithFilters(Object(CInlineAction), Array)
#26 /home/pmahendro/public_html/yii/framework/web/CWebApplication.php(282): CController->run('admin')
#27 /home/pmahendro/public_html/yii/framework/web/CWebApplication.php(141): CWebApplication->runController('transaction/sal...')
#28 /home/pmahendro/public_html/yii/framework/base/CApplication.php(180): CWebApplication->processRequest()
#29 /home/pmahendro/public_html/djajalistrik/index.php(13): CApplication->run()
#30 {main}
REQUEST_URI=/~pmahendro/djajalistrik/index.php?SalePaymentHeader%5Bnumber%5D=&SalePaymentHeader%5Bcustomer_id%5D=2&SalePaymentHeader_page=1&ajax=sale-payment-grid&r=transaction%2FsalePayment%2Fadmin
HTTP_REFERER=http://localhost/~pmahendro/djajalistrik/index.php?r=transaction/salePayment/admin
---
2025/06/10 11:41:17 [error] [php] Trying to get property of non-object (/home/pmahendro/public_html/djajalistrik/protected/models/custom/OrderHeader.php:425)
Stack trace:
#0 /home/pmahendro/public_html/yii/framework/base/CComponent.php(612) : eval()'d code(1): OrderHeader->__get()
#1 /home/pmahendro/public_html/yii/framework/base/CComponent.php(612): eval()
#2 /home/pmahendro/public_html/yii/framework/zii/widgets/grid/CDataColumn.php(137): CDataColumn->evaluateExpression()
#3 /home/pmahendro/public_html/yii/framework/zii/widgets/grid/CGridColumn.php(151): CDataColumn->renderDataCellContent()
#4 /home/pmahendro/public_html/yii/framework/zii/widgets/grid/CGridView.php(616): CDataColumn->renderDataCell()
#5 /home/pmahendro/public_html/yii/framework/zii/widgets/grid/CGridView.php(572): CGridView->renderTableRow()
#6 /home/pmahendro/public_html/yii/framework/zii/widgets/grid/CGridView.php(482): CGridView->renderTableBody()
#7 /home/pmahendro/public_html/yii/framework/zii/widgets/CBaseListView.php(167): CGridView->renderItems()
#8 unknown(0): CGridView->renderSection()
#9 /home/pmahendro/public_html/yii/framework/zii/widgets/CBaseListView.php(150): preg_replace_callback()
#10 /home/pmahendro/public_html/yii/framework/zii/widgets/CBaseListView.php(135): CGridView->renderContent()
#11 /home/pmahendro/public_html/yii/framework/web/CBaseController.php(173): CGridView->run()
#12 /home/pmahendro/public_html/djajalistrik/protected/modules/transaction/views/order/outstanding.php(151): OrderController->widget()
#13 /home/pmahendro/public_html/yii/framework/web/CBaseController.php(126): require()
#14 /home/pmahendro/public_html/yii/framework/web/CBaseController.php(95): OrderController->renderInternal()
#15 /home/pmahendro/public_html/yii/framework/web/CController.php(869): OrderController->renderFile()
#16 /home/pmahendro/public_html/yii/framework/web/CController.php(782): OrderController->renderPartial()
#17 /home/pmahendro/public_html/djajalistrik/protected/modules/transaction/controllers/OrderController.php(400): OrderController->render()
#18 /home/pmahendro/public_html/yii/framework/web/actions/CInlineAction.php(49): OrderController->actionOutstanding()
#19 /home/pmahendro/public_html/yii/framework/web/CController.php(308): CInlineAction->runWithParams()
#20 /home/pmahendro/public_html/yii/framework/web/filters/CFilterChain.php(133): OrderController->runAction()
#21 /home/pmahendro/public_html/djajalistrik/protected/modules/transaction/controllers/OrderController.php(29): CFilterChain->run()
#22 /home/pmahendro/public_html/yii/framework/web/filters/CInlineFilter.php(58): OrderController->filterAccess()
#23 /home/pmahendro/public_html/yii/framework/web/filters/CFilterChain.php(130): CInlineFilter->filter()
#24 /home/pmahendro/public_html/yii/framework/web/CController.php(291): CFilterChain->run()
#25 /home/pmahendro/public_html/yii/framework/web/CController.php(265): OrderController->runActionWithFilters()
#26 /home/pmahendro/public_html/yii/framework/web/CWebApplication.php(282): OrderController->run()
#27 /home/pmahendro/public_html/yii/framework/web/CWebApplication.php(141): CWebApplication->runController()
#28 /home/pmahendro/public_html/yii/framework/base/CApplication.php(180): CWebApplication->processRequest()
#29 /home/pmahendro/public_html/djajalistrik/index.php(13): CWebApplication->run()
REQUEST_URI=/~pmahendro/djajalistrik/index.php?r=transaction/order/outstanding
in /home/pmahendro/public_html/djajalistrik/protected/models/custom/OrderHeader.php (425)
in /home/pmahendro/public_html/djajalistrik/protected/modules/transaction/views/order/outstanding.php (151)
in /home/pmahendro/public_html/djajalistrik/protected/modules/transaction/controllers/OrderController.php (400)
2025/06/12 09:25:38 [error] [exception.CHttpException.404] exception 'CHttpException' with message 'The system is unable to find the requested action "taxform".' in /home/pmahendro/public_html/yii/framework/web/CController.php:483
Stack trace:
#0 /home/pmahendro/public_html/yii/framework/web/CController.php(270): CController->missingAction('taxform')
#1 /home/pmahendro/public_html/yii/framework/web/CWebApplication.php(282): CController->run('taxform')
#2 /home/pmahendro/public_html/yii/framework/web/CWebApplication.php(141): CWebApplication->runController('transaction/inv...')
#3 /home/pmahendro/public_html/yii/framework/base/CApplication.php(180): CWebApplication->processRequest()
#4 /home/pmahendro/public_html/djajalistrik/index.php(13): CApplication->run()
#5 {main}
REQUEST_URI=/~pmahendro/djajalistrik/index.php?r=transaction/invoice/taxform&id=27242
HTTP_REFERER=http://localhost/~pmahendro/djajalistrik/index.php?r=transaction/invoice/view&id=27242
---
2025/06/12 09:25:50 [error] [exception.CHttpException.404] exception 'CHttpException' with message 'The system is unable to find the requested action "taxForm".' in /home/pmahendro/public_html/yii/framework/web/CController.php:483
Stack trace:
#0 /home/pmahendro/public_html/yii/framework/web/CController.php(270): CController->missingAction('taxForm')
#1 /home/pmahendro/public_html/yii/framework/web/CWebApplication.php(282): CController->run('taxForm')
#2 /home/pmahendro/public_html/yii/framework/web/CWebApplication.php(141): CWebApplication->runController('transaction/inv...')
#3 /home/pmahendro/public_html/yii/framework/base/CApplication.php(180): CWebApplication->processRequest()
#4 /home/pmahendro/public_html/djajalistrik/index.php(13): CApplication->run()
#5 {main}
REQUEST_URI=/~pmahendro/djajalistrik/index.php?r=transaction/invoice/taxForm&id=27242
---
2025/06/12 09:28:21 [error] [exception.CException] exception 'CException' with message 'Property "InvoiceHeader.deliveryHeader" is not defined.' in /home/pmahendro/public_html/yii/framework/base/CComponent.php:130
Stack trace:
#0 /home/pmahendro/public_html/yii/framework/db/ar/CActiveRecord.php(145): CComponent->__get('deliveryHeader')
#1 /home/pmahendro/public_html/djajalistrik/protected/modules/transaction/views/invoice/taxform.php(101): CActiveRecord->__get('deliveryHeader')
#2 /home/pmahendro/public_html/yii/framework/web/CBaseController.php(126): require('/home/pmahendro...')
#3 /home/pmahendro/public_html/yii/framework/web/CBaseController.php(95): CBaseController->renderInternal('/home/pmahendro...', Array, true)
#4 /home/pmahendro/public_html/yii/framework/web/CController.php(869): CBaseController->renderFile('/home/pmahendro...', Array, true)
#5 /home/pmahendro/public_html/yii/framework/web/CController.php(782): CController->renderPartial('taxform', Array, true)
#6 /home/pmahendro/public_html/djajalistrik/protected/modules/transaction/controllers/InvoiceController.php(249): CController->render('taxform', Array)
#7 [internal function]: InvoiceController->actionTaxform('27242')
#8 /home/pmahendro/public_html/yii/framework/web/actions/CAction.php(108): ReflectionMethod->invokeArgs(Object(InvoiceController), Array)
#9 /home/pmahendro/public_html/yii/framework/web/actions/CInlineAction.php(47): CAction->runWithParamsInternal(Object(InvoiceController), Object(ReflectionMethod), Array)
#10 /home/pmahendro/public_html/yii/framework/web/CController.php(308): CInlineAction->runWithParams(Array)
#11 /home/pmahendro/public_html/yii/framework/web/filters/CFilterChain.php(133): CController->runAction(Object(CInlineAction))
#12 /home/pmahendro/public_html/djajalistrik/protected/modules/transaction/controllers/InvoiceController.php(29): CFilterChain->run()
#13 /home/pmahendro/public_html/yii/framework/web/filters/CInlineFilter.php(58): InvoiceController->filterAccess(Object(CFilterChain))
#14 /home/pmahendro/public_html/yii/framework/web/filters/CFilterChain.php(130): CInlineFilter->filter(Object(CFilterChain))
#15 /home/pmahendro/public_html/yii/framework/web/CController.php(291): CFilterChain->run()
#16 /home/pmahendro/public_html/yii/framework/web/CController.php(265): CController->runActionWithFilters(Object(CInlineAction), Array)
#17 /home/pmahendro/public_html/yii/framework/web/CWebApplication.php(282): CController->run('taxForm')
#18 /home/pmahendro/public_html/yii/framework/web/CWebApplication.php(141): CWebApplication->runController('transaction/inv...')
#19 /home/pmahendro/public_html/yii/framework/base/CApplication.php(180): CWebApplication->processRequest()
#20 /home/pmahendro/public_html/djajalistrik/index.php(13): CApplication->run()
#21 {main}
REQUEST_URI=/~pmahendro/djajalistrik/index.php?r=transaction/invoice/taxForm&id=27242
---
2025/06/13 11:39:50 [error] [php] Array to string conversion (/home/pmahendro/public_html/yii/framework/web/CUrlManager.php:442)
Stack trace:
#0 /home/pmahendro/public_html/yii/framework/web/CUrlManager.php(310): CUrlManager->createUrlDefault()
#1 /home/pmahendro/public_html/yii/framework/base/CApplication.php(543): CUrlManager->createUrl()
#2 /home/pmahendro/public_html/yii/framework/web/CController.php(967): CWebApplication->createUrl()
#3 /home/pmahendro/public_html/djajalistrik/protected/modules/transaction/views/order/admin.php(82): OrderController->createUrl()
#4 /home/pmahendro/public_html/yii/framework/web/CBaseController.php(126): require()
#5 /home/pmahendro/public_html/yii/framework/web/CBaseController.php(95): OrderController->renderInternal()
#6 /home/pmahendro/public_html/yii/framework/web/CController.php(869): OrderController->renderFile()
#7 /home/pmahendro/public_html/yii/framework/web/CController.php(782): OrderController->renderPartial()
#8 /home/pmahendro/public_html/djajalistrik/protected/modules/transaction/controllers/OrderController.php(359): OrderController->render()
#9 /home/pmahendro/public_html/yii/framework/web/actions/CInlineAction.php(49): OrderController->actionAdmin()
#10 /home/pmahendro/public_html/yii/framework/web/CController.php(308): CInlineAction->runWithParams()
#11 /home/pmahendro/public_html/yii/framework/web/filters/CFilterChain.php(133): OrderController->runAction()
#12 /home/pmahendro/public_html/djajalistrik/protected/modules/transaction/controllers/OrderController.php(29): CFilterChain->run()
#13 /home/pmahendro/public_html/yii/framework/web/filters/CInlineFilter.php(58): OrderController->filterAccess()
#14 /home/pmahendro/public_html/yii/framework/web/filters/CFilterChain.php(130): CInlineFilter->filter()
#15 /home/pmahendro/public_html/yii/framework/web/CController.php(291): CFilterChain->run()
#16 /home/pmahendro/public_html/yii/framework/web/CController.php(265): OrderController->runActionWithFilters()
#17 /home/pmahendro/public_html/yii/framework/web/CWebApplication.php(282): OrderController->run()
#18 /home/pmahendro/public_html/yii/framework/web/CWebApplication.php(141): CWebApplication->runController()
#19 /home/pmahendro/public_html/yii/framework/base/CApplication.php(180): CWebApplication->processRequest()
#20 /home/pmahendro/public_html/djajalistrik/index.php(13): CWebApplication->run()
REQUEST_URI=/~pmahendro/djajalistrik/index.php?r=transaction/order/admin
in /home/pmahendro/public_html/djajalistrik/protected/modules/transaction/views/order/admin.php (82)
in /home/pmahendro/public_html/djajalistrik/protected/modules/transaction/controllers/OrderController.php (359)
in /home/pmahendro/public_html/djajalistrik/protected/modules/transaction/controllers/OrderController.php (29)
2025/06/13 11:40:12 [error] [exception.CHttpException.404] exception 'CHttpException' with message 'The requested page does not exist.' in /home/pmahendro/public_html/djajalistrik/protected/modules/transaction/controllers/OrderController.php:704
Stack trace:
#0 /home/pmahendro/public_html/djajalistrik/protected/modules/transaction/controllers/OrderController.php(119): OrderController->loadModel('')
#1 [internal function]: OrderController->actionView('')
#2 /home/pmahendro/public_html/yii/framework/web/actions/CAction.php(108): ReflectionMethod->invokeArgs(Object(OrderController), Array)
#3 /home/pmahendro/public_html/yii/framework/web/actions/CInlineAction.php(47): CAction->runWithParamsInternal(Object(OrderController), Object(ReflectionMethod), Array)
#4 /home/pmahendro/public_html/yii/framework/web/CController.php(308): CInlineAction->runWithParams(Array)
#5 /home/pmahendro/public_html/yii/framework/web/filters/CFilterChain.php(133): CController->runAction(Object(CInlineAction))
#6 /home/pmahendro/public_html/djajalistrik/protected/modules/transaction/controllers/OrderController.php(29): CFilterChain->run()
#7 /home/pmahendro/public_html/yii/framework/web/filters/CInlineFilter.php(58): OrderController->filterAccess(Object(CFilterChain))
#8 /home/pmahendro/public_html/yii/framework/web/filters/CFilterChain.php(130): CInlineFilter->filter(Object(CFilterChain))
#9 /home/pmahendro/public_html/yii/framework/web/CController.php(291): CFilterChain->run()
#10 /home/pmahendro/public_html/yii/framework/web/CController.php(265): CController->runActionWithFilters(Object(CInlineAction), Array)
#11 /home/pmahendro/public_html/yii/framework/web/CWebApplication.php(282): CController->run('view')
#12 /home/pmahendro/public_html/yii/framework/web/CWebApplication.php(141): CWebApplication->runController('transaction/ord...')
#13 /home/pmahendro/public_html/yii/framework/base/CApplication.php(180): CWebApplication->processRequest()
#14 /home/pmahendro/public_html/djajalistrik/index.php(13): CApplication->run()
#15 {main}
REQUEST_URI=/~pmahendro/djajalistrik/index.php?r=transaction/order/view&id=&target=blank44254
HTTP_REFERER=http://localhost/~pmahendro/djajalistrik/index.php?r=transaction/order/admin
---
2025/06/13 11:40:49 [error] [exception.CHttpException.404] exception 'CHttpException' with message 'The requested page does not exist.' in /home/pmahendro/public_html/djajalistrik/protected/modules/transaction/controllers/OrderController.php:704
Stack trace:
#0 /home/pmahendro/public_html/djajalistrik/protected/modules/transaction/controllers/OrderController.php(119): OrderController->loadModel('')
#1 [internal function]: OrderController->actionView('')
#2 /home/pmahendro/public_html/yii/framework/web/actions/CAction.php(108): ReflectionMethod->invokeArgs(Object(OrderController), Array)
#3 /home/pmahendro/public_html/yii/framework/web/actions/CInlineAction.php(47): CAction->runWithParamsInternal(Object(OrderController), Object(ReflectionMethod), Array)
#4 /home/pmahendro/public_html/yii/framework/web/CController.php(308): CInlineAction->runWithParams(Array)
#5 /home/pmahendro/public_html/yii/framework/web/filters/CFilterChain.php(133): CController->runAction(Object(CInlineAction))
#6 /home/pmahendro/public_html/djajalistrik/protected/modules/transaction/controllers/OrderController.php(29): CFilterChain->run()
#7 /home/pmahendro/public_html/yii/framework/web/filters/CInlineFilter.php(58): OrderController->filterAccess(Object(CFilterChain))
#8 /home/pmahendro/public_html/yii/framework/web/filters/CFilterChain.php(130): CInlineFilter->filter(Object(CFilterChain))
#9 /home/pmahendro/public_html/yii/framework/web/CController.php(291): CFilterChain->run()
#10 /home/pmahendro/public_html/yii/framework/web/CController.php(265): CController->runActionWithFilters(Object(CInlineAction), Array)
#11 /home/pmahendro/public_html/yii/framework/web/CWebApplication.php(282): CController->run('view')
#12 /home/pmahendro/public_html/yii/framework/web/CWebApplication.php(141): CWebApplication->runController('transaction/ord...')
#13 /home/pmahendro/public_html/yii/framework/base/CApplication.php(180): CWebApplication->processRequest()
#14 /home/pmahendro/public_html/djajalistrik/index.php(13): CApplication->run()
#15 {main}
REQUEST_URI=/~pmahendro/djajalistrik/index.php?r=transaction/order/view&id=&target=_blank44254
HTTP_REFERER=http://localhost/~pmahendro/djajalistrik/index.php?r=transaction/order/admin
---
2025/06/13 11:41:06 [error] [php] Array to string conversion (/home/pmahendro/public_html/yii/framework/web/CUrlManager.php:442)
Stack trace:
#0 /home/pmahendro/public_html/yii/framework/web/CUrlManager.php(310): CUrlManager->createUrlDefault()
#1 /home/pmahendro/public_html/yii/framework/base/CApplication.php(543): CUrlManager->createUrl()
#2 /home/pmahendro/public_html/yii/framework/web/CController.php(967): CWebApplication->createUrl()
#3 /home/pmahendro/public_html/djajalistrik/protected/modules/transaction/views/order/admin.php(82): OrderController->createUrl()
#4 /home/pmahendro/public_html/yii/framework/web/CBaseController.php(126): require()
#5 /home/pmahendro/public_html/yii/framework/web/CBaseController.php(95): OrderController->renderInternal()
#6 /home/pmahendro/public_html/yii/framework/web/CController.php(869): OrderController->renderFile()
#7 /home/pmahendro/public_html/yii/framework/web/CController.php(782): OrderController->renderPartial()
#8 /home/pmahendro/public_html/djajalistrik/protected/modules/transaction/controllers/OrderController.php(359): OrderController->render()
#9 /home/pmahendro/public_html/yii/framework/web/actions/CInlineAction.php(49): OrderController->actionAdmin()
#10 /home/pmahendro/public_html/yii/framework/web/CController.php(308): CInlineAction->runWithParams()
#11 /home/pmahendro/public_html/yii/framework/web/filters/CFilterChain.php(133): OrderController->runAction()
#12 /home/pmahendro/public_html/djajalistrik/protected/modules/transaction/controllers/OrderController.php(29): CFilterChain->run()
#13 /home/pmahendro/public_html/yii/framework/web/filters/CInlineFilter.php(58): OrderController->filterAccess()
#14 /home/pmahendro/public_html/yii/framework/web/filters/CFilterChain.php(130): CInlineFilter->filter()
#15 /home/pmahendro/public_html/yii/framework/web/CController.php(291): CFilterChain->run()
#16 /home/pmahendro/public_html/yii/framework/web/CController.php(265): OrderController->runActionWithFilters()
#17 /home/pmahendro/public_html/yii/framework/web/CWebApplication.php(282): OrderController->run()
#18 /home/pmahendro/public_html/yii/framework/web/CWebApplication.php(141): CWebApplication->runController()
#19 /home/pmahendro/public_html/yii/framework/base/CApplication.php(180): CWebApplication->processRequest()
#20 /home/pmahendro/public_html/djajalistrik/index.php(13): CWebApplication->run()
REQUEST_URI=/~pmahendro/djajalistrik/index.php?r=transaction/order/admin
in /home/pmahendro/public_html/djajalistrik/protected/modules/transaction/views/order/admin.php (82)
in /home/pmahendro/public_html/djajalistrik/protected/modules/transaction/controllers/OrderController.php (359)
in /home/pmahendro/public_html/djajalistrik/protected/modules/transaction/controllers/OrderController.php (29)
2025/06/13 12:28:55 [error] [exception.CException] exception 'CException' with message 'Invoice and its behaviors do not have a method or closure named "searchBySaleReceipt".' in /home/pmahendro/public_html/yii/framework/base/CComponent.php:266
Stack trace:
#0 /home/pmahendro/public_html/yii/framework/db/ar/CActiveRecord.php(227): CComponent->__call('searchBySaleRec...', Array)
#1 /home/pmahendro/public_html/djajalistrik/protected/modules/transaction/controllers/SaleReceiptController.php(37): CActiveRecord->__call('searchBySaleRec...', Array)
#2 /home/pmahendro/public_html/djajalistrik/protected/modules/transaction/controllers/SaleReceiptController.php(37): Invoice->searchBySaleReceipt()
#3 /home/pmahendro/public_html/yii/framework/web/actions/CInlineAction.php(49): SaleReceiptController->actionCreate()
#4 /home/pmahendro/public_html/yii/framework/web/CController.php(308): CInlineAction->runWithParams(Array)
#5 /home/pmahendro/public_html/yii/framework/web/filters/CFilterChain.php(133): CController->runAction(Object(CInlineAction))
#6 /home/pmahendro/public_html/djajalistrik/protected/modules/transaction/controllers/SaleReceiptController.php(25): CFilterChain->run()
#7 /home/pmahendro/public_html/yii/framework/web/filters/CInlineFilter.php(58): SaleReceiptController->filterAccess(Object(CFilterChain))
#8 /home/pmahendro/public_html/yii/framework/web/filters/CFilterChain.php(130): CInlineFilter->filter(Object(CFilterChain))
#9 /home/pmahendro/public_html/yii/framework/web/CController.php(291): CFilterChain->run()
#10 /home/pmahendro/public_html/yii/framework/web/CController.php(265): CController->runActionWithFilters(Object(CInlineAction), Array)
#11 /home/pmahendro/public_html/yii/framework/web/CWebApplication.php(282): CController->run('create')
#12 /home/pmahendro/public_html/yii/framework/web/CWebApplication.php(141): CWebApplication->runController('transaction/sal...')
#13 /home/pmahendro/public_html/yii/framework/base/CApplication.php(180): CWebApplication->processRequest()
#14 /home/pmahendro/public_html/djajalistrik/index.php(13): CApplication->run()
#15 {main}
REQUEST_URI=/~pmahendro/djajalistrik/index.php?r=transaction/saleReceipt/create
HTTP_REFERER=http://localhost/~pmahendro/djajalistrik/index.php?r=transaction/saleReceipt/admin
---
2025/06/13 12:38:26 [error] [exception.CException] exception 'CException' with message 'Invoice and its behaviors do not have a method or closure named "searchBySaleReceipt".' in /home/pmahendro/public_html/yii/framework/base/CComponent.php:266
Stack trace:
#0 /home/pmahendro/public_html/yii/framework/db/ar/CActiveRecord.php(227): CComponent->__call('searchBySaleRec...', Array)
#1 /home/pmahendro/public_html/djajalistrik/protected/modules/transaction/controllers/SaleReceiptController.php(37): CActiveRecord->__call('searchBySaleRec...', Array)
#2 /home/pmahendro/public_html/djajalistrik/protected/modules/transaction/controllers/SaleReceiptController.php(37): Invoice->searchBySaleReceipt()
#3 /home/pmahendro/public_html/yii/framework/web/actions/CInlineAction.php(49): SaleReceiptController->actionCreate()
#4 /home/pmahendro/public_html/yii/framework/web/CController.php(308): CInlineAction->runWithParams(Array)
#5 /home/pmahendro/public_html/yii/framework/web/filters/CFilterChain.php(133): CController->runAction(Object(CInlineAction))
#6 /home/pmahendro/public_html/djajalistrik/protected/modules/transaction/controllers/SaleReceiptController.php(25): CFilterChain->run()
#7 /home/pmahendro/public_html/yii/framework/web/filters/CInlineFilter.php(58): SaleReceiptController->filterAccess(Object(CFilterChain))
#8 /home/pmahendro/public_html/yii/framework/web/filters/CFilterChain.php(130): CInlineFilter->filter(Object(CFilterChain))
#9 /home/pmahendro/public_html/yii/framework/web/CController.php(291): CFilterChain->run()
#10 /home/pmahendro/public_html/yii/framework/web/CController.php(265): CController->runActionWithFilters(Object(CInlineAction), Array)
#11 /home/pmahendro/public_html/yii/framework/web/CWebApplication.php(282): CController->run('create')
#12 /home/pmahendro/public_html/yii/framework/web/CWebApplication.php(141): CWebApplication->runController('transaction/sal...')
#13 /home/pmahendro/public_html/yii/framework/base/CApplication.php(180): CWebApplication->processRequest()
#14 /home/pmahendro/public_html/djajalistrik/index.php(13): CApplication->run()
#15 {main}
REQUEST_URI=/~pmahendro/djajalistrik/index.php?r=transaction/saleReceipt/create
HTTP_REFERER=http://localhost/~pmahendro/djajalistrik/index.php?r=transaction/saleReceipt/admin
---
2025/06/13 12:54:38 [error] [exception.CException] exception 'CException' with message 'Property "SaleReceiptHeader.grand_total" is not defined.' in /home/pmahendro/public_html/yii/framework/base/CComponent.php:130
Stack trace:
#0 /home/pmahendro/public_html/yii/framework/db/ar/CActiveRecord.php(145): CComponent->__get('grand_total')
#1 /home/pmahendro/public_html/djajalistrik/protected/models/base/SaleReceiptHeaderBase.php(74): CActiveRecord->__get('grand_total')
#2 /home/pmahendro/public_html/djajalistrik/protected/modules/transaction/controllers/SaleReceiptController.php(202): SaleReceiptHeaderBase->search()
#3 /home/pmahendro/public_html/yii/framework/web/actions/CInlineAction.php(49): SaleReceiptController->actionAdmin()
#4 /home/pmahendro/public_html/yii/framework/web/CController.php(308): CInlineAction->runWithParams(Array)
#5 /home/pmahendro/public_html/yii/framework/web/filters/CFilterChain.php(133): CController->runAction(Object(CInlineAction))
#6 /home/pmahendro/public_html/djajalistrik/protected/modules/transaction/controllers/SaleReceiptController.php(25): CFilterChain->run()
#7 /home/pmahendro/public_html/yii/framework/web/filters/CInlineFilter.php(58): SaleReceiptController->filterAccess(Object(CFilterChain))
#8 /home/pmahendro/public_html/yii/framework/web/filters/CFilterChain.php(130): CInlineFilter->filter(Object(CFilterChain))
#9 /home/pmahendro/public_html/yii/framework/web/CController.php(291): CFilterChain->run()
#10 /home/pmahendro/public_html/yii/framework/web/CController.php(265): CController->runActionWithFilters(Object(CInlineAction), Array)
#11 /home/pmahendro/public_html/yii/framework/web/CWebApplication.php(282): CController->run('admin')
#12 /home/pmahendro/public_html/yii/framework/web/CWebApplication.php(141): CWebApplication->runController('transaction/sal...')
#13 /home/pmahendro/public_html/yii/framework/base/CApplication.php(180): CWebApplication->processRequest()
#14 /home/pmahendro/public_html/djajalistrik/index.php(13): CApplication->run()
#15 {main}
REQUEST_URI=/~pmahendro/djajalistrik/index.php?r=transaction/saleReceipt/admin
---
2025/06/13 13:43:56 [error] [system.db.CDbCommand] CDbCommand::fetchColumn() failed: SQLSTATE[42S22]: Column not found: 1054 Unknown column 'h.grand_total' in 'field list'. The SQL statement executed was: SELECT COUNT(DISTINCT `t`.`id`) FROM `tbldl_sale_receipt_header` `t`  LEFT OUTER JOIN `tbldl_customer` `customer` ON (`t`.`customer_id`=`customer`.`id`) AND (customer.is_inactive = :is_inactive)  WHERE ((t.is_inactive = :is_inactive) AND (EXISTS (
			SELECT h.grand_total - h.payment_total AS remaining 
			FROM tbldl_sale_receipt_header h 
			WHERE t.id = h.id
			HAVING remaining > 0
		))).
in /home/pmahendro/public_html/djajalistrik/protected/views/site/index.php (123)
in /home/pmahendro/public_html/djajalistrik/protected/controllers/SiteController.php (96)
in /home/pmahendro/public_html/djajalistrik/index.php (13)
2025/06/13 13:43:56 [error] [exception.CDbException] exception 'CDbException' with message 'CDbCommand failed to execute the SQL statement: SQLSTATE[42S22]: Column not found: 1054 Unknown column 'h.grand_total' in 'field list'. The SQL statement executed was: SELECT COUNT(DISTINCT `t`.`id`) FROM `tbldl_sale_receipt_header` `t`  LEFT OUTER JOIN `tbldl_customer` `customer` ON (`t`.`customer_id`=`customer`.`id`) AND (customer.is_inactive = :is_inactive)  WHERE ((t.is_inactive = :is_inactive) AND (EXISTS (
			SELECT h.grand_total - h.payment_total AS remaining 
			FROM tbldl_sale_receipt_header h 
			WHERE t.id = h.id
			HAVING remaining > 0
		)))' in /home/pmahendro/public_html/yii/framework/db/CDbCommand.php:543
Stack trace:
#0 /home/pmahendro/public_html/yii/framework/db/CDbCommand.php(433): CDbCommand->queryInternal('fetchColumn', 0, Array)
#1 /home/pmahendro/public_html/yii/framework/db/ar/CActiveFinder.php(759): CDbCommand->queryScalar()
#2 /home/pmahendro/public_html/yii/framework/db/ar/CActiveFinder.php(151): CJoinElement->count(Object(CDbCriteria))
#3 /home/pmahendro/public_html/yii/framework/db/ar/CActiveRecord.php(1605): CActiveFinder->count(Object(CDbCriteria))
#4 /home/pmahendro/public_html/yii/framework/web/CActiveDataProvider.php(228): CActiveRecord->count(Object(CDbCriteria))
#5 /home/pmahendro/public_html/yii/framework/web/CDataProvider.php(224): CActiveDataProvider->calculateTotalItemCount()
#6 /home/pmahendro/public_html/yii/framework/web/CActiveDataProvider.php(178): CDataProvider->getTotalItemCount()
#7 /home/pmahendro/public_html/yii/framework/web/CDataProvider.php(168): CActiveDataProvider->fetchData()
#8 /home/pmahendro/public_html/yii/framework/zii/widgets/CBaseListView.php(111): CDataProvider->getData()
#9 /home/pmahendro/public_html/yii/framework/zii/widgets/grid/CGridView.php(339): CBaseListView->init()
#10 /home/pmahendro/public_html/yii/framework/web/CBaseController.php(147): CGridView->init()
#11 /home/pmahendro/public_html/yii/framework/web/CBaseController.php(172): CBaseController->createWidget('zii.widgets.gri...', Array)
#12 /home/pmahendro/public_html/djajalistrik/protected/views/site/index.php(123): CBaseController->widget('zii.widgets.gri...', Array)
#13 /home/pmahendro/public_html/yii/framework/web/CBaseController.php(126): require('/home/pmahendro...')
#14 /home/pmahendro/public_html/yii/framework/web/CBaseController.php(95): CBaseController->renderInternal('/home/pmahendro...', Array, true)
#15 /home/pmahendro/public_html/yii/framework/web/CController.php(869): CBaseController->renderFile('/home/pmahendro...', Array, true)
#16 /home/pmahendro/public_html/yii/framework/web/CController.php(782): CController->renderPartial('index', Array, true)
#17 /home/pmahendro/public_html/djajalistrik/protected/controllers/SiteController.php(96): CController->render('index', Array)
#18 /home/pmahendro/public_html/yii/framework/web/actions/CInlineAction.php(49): SiteController->actionIndex()
#19 /home/pmahendro/public_html/yii/framework/web/CController.php(308): CInlineAction->runWithParams(Array)
#20 /home/pmahendro/public_html/yii/framework/web/CController.php(286): CController->runAction(Object(CInlineAction))
#21 /home/pmahendro/public_html/yii/framework/web/CController.php(265): CController->runActionWithFilters(Object(CInlineAction), Array)
#22 /home/pmahendro/public_html/yii/framework/web/CWebApplication.php(282): CController->run('index')
#23 /home/pmahendro/public_html/yii/framework/web/CWebApplication.php(141): CWebApplication->runController('site/index')
#24 /home/pmahendro/public_html/yii/framework/base/CApplication.php(180): CWebApplication->processRequest()
#25 /home/pmahendro/public_html/djajalistrik/index.php(13): CApplication->run()
#26 {main}
REQUEST_URI=/~pmahendro/djajalistrik/index.php?r=site/index
HTTP_REFERER=http://localhost/~pmahendro/djajalistrik/index.php?r=site/login
---
2025/06/13 13:46:32 [error] [php] Undefined variable: invoiceDataProvider (/home/pmahendro/public_html/djajalistrik/protected/views/site/index.php:110)
Stack trace:
#0 /home/pmahendro/public_html/yii/framework/web/CController.php(869): SiteController->renderFile()
#1 /home/pmahendro/public_html/yii/framework/web/CController.php(782): SiteController->renderPartial()
#2 /home/pmahendro/public_html/djajalistrik/protected/controllers/SiteController.php(96): SiteController->render()
#3 /home/pmahendro/public_html/yii/framework/web/actions/CInlineAction.php(49): SiteController->actionIndex()
#4 /home/pmahendro/public_html/yii/framework/web/CController.php(308): CInlineAction->runWithParams()
#5 /home/pmahendro/public_html/yii/framework/web/CController.php(286): SiteController->runAction()
#6 /home/pmahendro/public_html/yii/framework/web/CController.php(265): SiteController->runActionWithFilters()
#7 /home/pmahendro/public_html/yii/framework/web/CWebApplication.php(282): SiteController->run()
#8 /home/pmahendro/public_html/yii/framework/web/CWebApplication.php(141): CWebApplication->runController()
#9 /home/pmahendro/public_html/yii/framework/base/CApplication.php(180): CWebApplication->processRequest()
#10 /home/pmahendro/public_html/djajalistrik/index.php(13): CWebApplication->run()
REQUEST_URI=/~pmahendro/djajalistrik/index.php?r=site/index
in /home/pmahendro/public_html/djajalistrik/protected/views/site/index.php (110)
in /home/pmahendro/public_html/djajalistrik/protected/controllers/SiteController.php (96)
in /home/pmahendro/public_html/djajalistrik/index.php (13)
2025/06/13 13:49:00 [error] [system.db.CDbCommand] CDbCommand::fetchAll() failed: SQLSTATE[42000]: Syntax error or access violation: 1055 Expression #2 of SELECT list is not in GROUP BY clause and contains nonaggregated column 'djajalistrik.h.deposit' which is not functionally dependent on columns in GROUP BY clause; this is incompatible with sql_mode=only_full_group_by. The SQL statement executed was: SELECT SUBSTRING(h.date, 1, 7) AS date, SUM((((((d.quantity_bulk * d.unit_price_bulk)*(1+(d.discount_1/100)))* (1+(d.discount_2/100)))* (1+(d.discount_3/100)))* (1+(d.discount_4/100)))* (1+(d.discount_5/100)))- h.deposit +h.shipping_fee AS total
                FROM tbldl_order_header h INNER JOIN tbldl_order_detail d ON h.id = d.order_header_id 
                WHERE SUBSTRING(h.date, 1, 7) <= :end AND SUBSTRING(h.date, 1, 7) >= :start
                GROUP BY SUBSTRING(h.date, 1, 7).
in /home/pmahendro/public_html/djajalistrik/protected/models/custom/OrderHeader.php (403)
in /home/pmahendro/public_html/djajalistrik/protected/controllers/SiteController.php (75)
in /home/pmahendro/public_html/djajalistrik/index.php (13)
2025/06/13 13:49:00 [error] [exception.CDbException] exception 'CDbException' with message 'CDbCommand failed to execute the SQL statement: SQLSTATE[42000]: Syntax error or access violation: 1055 Expression #2 of SELECT list is not in GROUP BY clause and contains nonaggregated column 'djajalistrik.h.deposit' which is not functionally dependent on columns in GROUP BY clause; this is incompatible with sql_mode=only_full_group_by. The SQL statement executed was: SELECT SUBSTRING(h.date, 1, 7) AS date, SUM((((((d.quantity_bulk * d.unit_price_bulk)*(1+(d.discount_1/100)))* (1+(d.discount_2/100)))* (1+(d.discount_3/100)))* (1+(d.discount_4/100)))* (1+(d.discount_5/100)))- h.deposit +h.shipping_fee AS total
                FROM tbldl_order_header h INNER JOIN tbldl_order_detail d ON h.id = d.order_header_id 
                WHERE SUBSTRING(h.date, 1, 7) <= :end AND SUBSTRING(h.date, 1, 7) >= :start
                GROUP BY SUBSTRING(h.date, 1, 7)' in /home/pmahendro/public_html/yii/framework/db/CDbCommand.php:543
Stack trace:
#0 /home/pmahendro/public_html/yii/framework/db/CDbCommand.php(396): CDbCommand->queryInternal('fetchAll', Array, Array)
#1 /home/pmahendro/public_html/djajalistrik/protected/models/custom/OrderHeader.php(403): CDbCommand->queryAll(true, Array)
#2 /home/pmahendro/public_html/djajalistrik/protected/controllers/SiteController.php(75): OrderHeader::makeChartData(5)
#3 /home/pmahendro/public_html/yii/framework/web/actions/CInlineAction.php(49): SiteController->actionIndex()
#4 /home/pmahendro/public_html/yii/framework/web/CController.php(308): CInlineAction->runWithParams(Array)
#5 /home/pmahendro/public_html/yii/framework/web/CController.php(286): CController->runAction(Object(CInlineAction))
#6 /home/pmahendro/public_html/yii/framework/web/CController.php(265): CController->runActionWithFilters(Object(CInlineAction), Array)
#7 /home/pmahendro/public_html/yii/framework/web/CWebApplication.php(282): CController->run('index')
#8 /home/pmahendro/public_html/yii/framework/web/CWebApplication.php(141): CWebApplication->runController('site/index')
#9 /home/pmahendro/public_html/yii/framework/base/CApplication.php(180): CWebApplication->processRequest()
#10 /home/pmahendro/public_html/djajalistrik/index.php(13): CApplication->run()
#11 {main}
REQUEST_URI=/~pmahendro/djajalistrik/index.php?r=site/index
HTTP_REFERER=http://localhost/~pmahendro/djajalistrik/index.php?r=site/login
---
2025/06/13 14:00:07 [error] [system.db.CDbCommand] CDbCommand::fetchAll() failed: SQLSTATE[42S22]: Column not found: 1054 Unknown column 'd.quantity_bulk' in 'field list'. The SQL statement executed was: SELECT SUBSTRING(h.date, 1, 7) AS date, SUM(d.total - h.deposit + h.shipping_fee) AS grand_total
                FROM tbldl_order_header h
                INNER JOIN (
                    SELECT order_header_id, SUM(
                        d.quantity_bulk * d.unit_price_bulk * (1 + (d.discount_1 / 100))  * (1 + (d.discount_2 / 100)) * 
                        (1 + (d.discount_3 / 100)) * (1 + (d.discount_4 / 100)) * (1 + (d.discount_5 / 100))
                    ) AS total 
                    FROM tbldl_order_detail 
                    GROUP BY order_header_id 
                ) d ON h.id = d.order_header_id 
                WHERE SUBSTRING(h.date, 1, 7) <= :end AND SUBSTRING(h.date, 1, 7) >= :start
                GROUP BY SUBSTRING(h.date, 1, 7).
in /home/pmahendro/public_html/djajalistrik/protected/models/custom/OrderHeader.php (411)
in /home/pmahendro/public_html/djajalistrik/protected/controllers/SiteController.php (75)
in /home/pmahendro/public_html/djajalistrik/index.php (13)
2025/06/13 14:00:07 [error] [exception.CDbException] exception 'CDbException' with message 'CDbCommand failed to execute the SQL statement: SQLSTATE[42S22]: Column not found: 1054 Unknown column 'd.quantity_bulk' in 'field list'. The SQL statement executed was: SELECT SUBSTRING(h.date, 1, 7) AS date, SUM(d.total - h.deposit + h.shipping_fee) AS grand_total
                FROM tbldl_order_header h
                INNER JOIN (
                    SELECT order_header_id, SUM(
                        d.quantity_bulk * d.unit_price_bulk * (1 + (d.discount_1 / 100))  * (1 + (d.discount_2 / 100)) * 
                        (1 + (d.discount_3 / 100)) * (1 + (d.discount_4 / 100)) * (1 + (d.discount_5 / 100))
                    ) AS total 
                    FROM tbldl_order_detail 
                    GROUP BY order_header_id 
                ) d ON h.id = d.order_header_id 
                WHERE SUBSTRING(h.date, 1, 7) <= :end AND SUBSTRING(h.date, 1, 7) >= :start
                GROUP BY SUBSTRING(h.date, 1, 7)' in /home/pmahendro/public_html/yii/framework/db/CDbCommand.php:543
Stack trace:
#0 /home/pmahendro/public_html/yii/framework/db/CDbCommand.php(396): CDbCommand->queryInternal('fetchAll', Array, Array)
#1 /home/pmahendro/public_html/djajalistrik/protected/models/custom/OrderHeader.php(411): CDbCommand->queryAll(true, Array)
#2 /home/pmahendro/public_html/djajalistrik/protected/controllers/SiteController.php(75): OrderHeader::makeChartData(5)
#3 /home/pmahendro/public_html/yii/framework/web/actions/CInlineAction.php(49): SiteController->actionIndex()
#4 /home/pmahendro/public_html/yii/framework/web/CController.php(308): CInlineAction->runWithParams(Array)
#5 /home/pmahendro/public_html/yii/framework/web/CController.php(286): CController->runAction(Object(CInlineAction))
#6 /home/pmahendro/public_html/yii/framework/web/CController.php(265): CController->runActionWithFilters(Object(CInlineAction), Array)
#7 /home/pmahendro/public_html/yii/framework/web/CWebApplication.php(282): CController->run('index')
#8 /home/pmahendro/public_html/yii/framework/web/CWebApplication.php(141): CWebApplication->runController('site/index')
#9 /home/pmahendro/public_html/yii/framework/base/CApplication.php(180): CWebApplication->processRequest()
#10 /home/pmahendro/public_html/djajalistrik/index.php(13): CApplication->run()
#11 {main}
REQUEST_URI=/~pmahendro/djajalistrik/index.php?r=site/index
HTTP_REFERER=http://localhost/~pmahendro/djajalistrik/index.php?r=site/login
---
2025/06/13 14:36:30 [error] [php] Undefined index: total (/home/pmahendro/public_html/djajalistrik/protected/models/custom/OrderHeader.php:415)
Stack trace:
#0 /home/pmahendro/public_html/yii/framework/web/CController.php(308): CInlineAction->runWithParams()
#1 /home/pmahendro/public_html/yii/framework/web/CController.php(286): SiteController->runAction()
#2 /home/pmahendro/public_html/yii/framework/web/CController.php(265): SiteController->runActionWithFilters()
#3 /home/pmahendro/public_html/yii/framework/web/CWebApplication.php(282): SiteController->run()
#4 /home/pmahendro/public_html/yii/framework/web/CWebApplication.php(141): CWebApplication->runController()
#5 /home/pmahendro/public_html/yii/framework/base/CApplication.php(180): CWebApplication->processRequest()
#6 /home/pmahendro/public_html/djajalistrik/index.php(13): CWebApplication->run()
REQUEST_URI=/~pmahendro/djajalistrik/index.php?r=site/index
in /home/pmahendro/public_html/djajalistrik/protected/models/custom/OrderHeader.php (415)
in /home/pmahendro/public_html/djajalistrik/protected/controllers/SiteController.php (75)
in /home/pmahendro/public_html/djajalistrik/index.php (13)
2025/06/13 14:37:50 [error] [php] Undefined index: grand_total (/home/pmahendro/public_html/djajalistrik/protected/models/custom/OrderHeader.php:422)
Stack trace:
#0 /home/pmahendro/public_html/yii/framework/web/CController.php(308): CInlineAction->runWithParams()
#1 /home/pmahendro/public_html/yii/framework/web/CController.php(286): SiteController->runAction()
#2 /home/pmahendro/public_html/yii/framework/web/CController.php(265): SiteController->runActionWithFilters()
#3 /home/pmahendro/public_html/yii/framework/web/CWebApplication.php(282): SiteController->run()
#4 /home/pmahendro/public_html/yii/framework/web/CWebApplication.php(141): CWebApplication->runController()
#5 /home/pmahendro/public_html/yii/framework/base/CApplication.php(180): CWebApplication->processRequest()
#6 /home/pmahendro/public_html/djajalistrik/index.php(13): CWebApplication->run()
REQUEST_URI=/~pmahendro/djajalistrik/index.php?r=site/index
in /home/pmahendro/public_html/djajalistrik/protected/models/custom/OrderHeader.php (422)
in /home/pmahendro/public_html/djajalistrik/protected/controllers/SiteController.php (77)
in /home/pmahendro/public_html/djajalistrik/index.php (13)
2025/06/13 14:38:20 [error] [php] Undefined index: grand_total (/home/pmahendro/public_html/djajalistrik/protected/models/custom/OrderHeader.php:422)
Stack trace:
#0 /home/pmahendro/public_html/yii/framework/web/CController.php(308): CInlineAction->runWithParams()
#1 /home/pmahendro/public_html/yii/framework/web/CController.php(286): SiteController->runAction()
#2 /home/pmahendro/public_html/yii/framework/web/CController.php(265): SiteController->runActionWithFilters()
#3 /home/pmahendro/public_html/yii/framework/web/CWebApplication.php(282): SiteController->run()
#4 /home/pmahendro/public_html/yii/framework/web/CWebApplication.php(141): CWebApplication->runController()
#5 /home/pmahendro/public_html/yii/framework/base/CApplication.php(180): CWebApplication->processRequest()
#6 /home/pmahendro/public_html/djajalistrik/index.php(13): CWebApplication->run()
REQUEST_URI=/~pmahendro/djajalistrik/index.php?r=site/index
in /home/pmahendro/public_html/djajalistrik/protected/models/custom/OrderHeader.php (422)
in /home/pmahendro/public_html/djajalistrik/protected/controllers/SiteController.php (77)
in /home/pmahendro/public_html/djajalistrik/index.php (13)
2025/06/13 14:54:42 [error] [exception.CException] exception 'CException' with message 'SaleReceipt and its behaviors do not have a method or closure named "addDetail".' in /home/pmahendro/public_html/yii/framework/base/CComponent.php:266
Stack trace:
#0 /home/pmahendro/public_html/djajalistrik/protected/modules/transaction/controllers/SaleReceiptController.php(253): CComponent->__call('addDetail', Array)
#1 /home/pmahendro/public_html/djajalistrik/protected/modules/transaction/controllers/SaleReceiptController.php(253): SaleReceipt->addDetail('27282')
#2 [internal function]: SaleReceiptController->actionAjaxHtmlAddInvoice('')
#3 /home/pmahendro/public_html/yii/framework/web/actions/CAction.php(108): ReflectionMethod->invokeArgs(Object(SaleReceiptController), Array)
#4 /home/pmahendro/public_html/yii/framework/web/actions/CInlineAction.php(47): CAction->runWithParamsInternal(Object(SaleReceiptController), Object(ReflectionMethod), Array)
#5 /home/pmahendro/public_html/yii/framework/web/CController.php(308): CInlineAction->runWithParams(Array)
#6 /home/pmahendro/public_html/yii/framework/web/filters/CFilterChain.php(133): CController->runAction(Object(CInlineAction))
#7 /home/pmahendro/public_html/djajalistrik/protected/modules/transaction/controllers/SaleReceiptController.php(25): CFilterChain->run()
#8 /home/pmahendro/public_html/yii/framework/web/filters/CInlineFilter.php(58): SaleReceiptController->filterAccess(Object(CFilterChain))
#9 /home/pmahendro/public_html/yii/framework/web/filters/CFilterChain.php(130): CInlineFilter->filter(Object(CFilterChain))
#10 /home/pmahendro/public_html/yii/framework/web/CController.php(291): CFilterChain->run()
#11 /home/pmahendro/public_html/yii/framework/web/CController.php(265): CController->runActionWithFilters(Object(CInlineAction), Array)
#12 /home/pmahendro/public_html/yii/framework/web/CWebApplication.php(282): CController->run('ajaxHtmlAddInvo...')
#13 /home/pmahendro/public_html/yii/framework/web/CWebApplication.php(141): CWebApplication->runController('transaction/sal...')
#14 /home/pmahendro/public_html/yii/framework/base/CApplication.php(180): CWebApplication->processRequest()
#15 /home/pmahendro/public_html/djajalistrik/index.php(13): CApplication->run()
#16 {main}
REQUEST_URI=/~pmahendro/djajalistrik/index.php?r=transaction/saleReceipt/ajaxHtmlAddInvoice&id=
HTTP_REFERER=http://localhost/~pmahendro/djajalistrik/index.php?r=transaction/saleReceipt/create&customerId=1292
---
2025/06/13 14:56:04 [error] [exception.CException] exception 'CException' with message 'SaleReceiptDetail and its behaviors do not have a method or closure named "invoice".' in /home/pmahendro/public_html/yii/framework/base/CComponent.php:266
Stack trace:
#0 /home/pmahendro/public_html/yii/framework/db/ar/CActiveRecord.php(227): CComponent->__call('invoice', Array)
#1 /home/pmahendro/public_html/djajalistrik/protected/modules/transaction/views/saleReceipt/_detail.php(15): CActiveRecord->__call('invoice', Array)
#2 /home/pmahendro/public_html/djajalistrik/protected/modules/transaction/views/saleReceipt/_detail.php(15): SaleReceiptDetail->invoice(Array)
#3 /home/pmahendro/public_html/yii/framework/web/CBaseController.php(126): require('/home/pmahendro...')
#4 /home/pmahendro/public_html/yii/framework/web/CBaseController.php(95): CBaseController->renderInternal('/home/pmahendro...', Array, true)
#5 /home/pmahendro/public_html/yii/framework/web/CController.php(869): CBaseController->renderFile('/home/pmahendro...', Array, true)
#6 /home/pmahendro/public_html/djajalistrik/protected/modules/transaction/controllers/SaleReceiptController.php(258): CController->renderPartial('_detail', Array)
#7 [internal function]: SaleReceiptController->actionAjaxHtmlAddInvoice('')
#8 /home/pmahendro/public_html/yii/framework/web/actions/CAction.php(108): ReflectionMethod->invokeArgs(Object(SaleReceiptController), Array)
#9 /home/pmahendro/public_html/yii/framework/web/actions/CInlineAction.php(47): CAction->runWithParamsInternal(Object(SaleReceiptController), Object(ReflectionMethod), Array)
#10 /home/pmahendro/public_html/yii/framework/web/CController.php(308): CInlineAction->runWithParams(Array)
#11 /home/pmahendro/public_html/yii/framework/web/filters/CFilterChain.php(133): CController->runAction(Object(CInlineAction))
#12 /home/pmahendro/public_html/djajalistrik/protected/modules/transaction/controllers/SaleReceiptController.php(25): CFilterChain->run()
#13 /home/pmahendro/public_html/yii/framework/web/filters/CInlineFilter.php(58): SaleReceiptController->filterAccess(Object(CFilterChain))
#14 /home/pmahendro/public_html/yii/framework/web/filters/CFilterChain.php(130): CInlineFilter->filter(Object(CFilterChain))
#15 /home/pmahendro/public_html/yii/framework/web/CController.php(291): CFilterChain->run()
#16 /home/pmahendro/public_html/yii/framework/web/CController.php(265): CController->runActionWithFilters(Object(CInlineAction), Array)
#17 /home/pmahendro/public_html/yii/framework/web/CWebApplication.php(282): CController->run('ajaxHtmlAddInvo...')
#18 /home/pmahendro/public_html/yii/framework/web/CWebApplication.php(141): CWebApplication->runController('transaction/sal...')
#19 /home/pmahendro/public_html/yii/framework/base/CApplication.php(180): CWebApplication->processRequest()
#20 /home/pmahendro/public_html/djajalistrik/index.php(13): CApplication->run()
#21 {main}
REQUEST_URI=/~pmahendro/djajalistrik/index.php?r=transaction/saleReceipt/ajaxHtmlAddInvoice&id=
HTTP_REFERER=http://localhost/~pmahendro/djajalistrik/index.php?r=transaction/saleReceipt/create&customerId=1292
---
2025/06/13 14:56:45 [error] [exception.CException] exception 'CException' with message 'Property "SaleReceiptDetail.invoice_id" is not defined.' in /home/pmahendro/public_html/yii/framework/base/CComponent.php:130
Stack trace:
#0 /home/pmahendro/public_html/yii/framework/db/ar/CActiveRecord.php(145): CComponent->__get('invoice_id')
#1 /home/pmahendro/public_html/yii/framework/web/helpers/CHtml.php(2529): CActiveRecord->__get('invoice_id')
#2 /home/pmahendro/public_html/yii/framework/web/helpers/CHtml.php(2252): CHtml::resolveValue(Object(SaleReceiptDetail), 'invoice_id')
#3 /home/pmahendro/public_html/yii/framework/web/helpers/CHtml.php(1609): CHtml::activeInputField('hidden', Object(SaleReceiptDetail), 'invoice_id', Array)
#4 /home/pmahendro/public_html/djajalistrik/protected/modules/transaction/views/saleReceipt/_detail.php(19): CHtml::activeHiddenField(Object(SaleReceiptDetail), '[0]invoice_id')
#5 /home/pmahendro/public_html/yii/framework/web/CBaseController.php(126): require('/home/pmahendro...')
#6 /home/pmahendro/public_html/yii/framework/web/CBaseController.php(95): CBaseController->renderInternal('/home/pmahendro...', Array, true)
#7 /home/pmahendro/public_html/yii/framework/web/CController.php(869): CBaseController->renderFile('/home/pmahendro...', Array, true)
#8 /home/pmahendro/public_html/djajalistrik/protected/modules/transaction/controllers/SaleReceiptController.php(258): CController->renderPartial('_detail', Array)
#9 [internal function]: SaleReceiptController->actionAjaxHtmlAddInvoice('')
#10 /home/pmahendro/public_html/yii/framework/web/actions/CAction.php(108): ReflectionMethod->invokeArgs(Object(SaleReceiptController), Array)
#11 /home/pmahendro/public_html/yii/framework/web/actions/CInlineAction.php(47): CAction->runWithParamsInternal(Object(SaleReceiptController), Object(ReflectionMethod), Array)
#12 /home/pmahendro/public_html/yii/framework/web/CController.php(308): CInlineAction->runWithParams(Array)
#13 /home/pmahendro/public_html/yii/framework/web/filters/CFilterChain.php(133): CController->runAction(Object(CInlineAction))
#14 /home/pmahendro/public_html/djajalistrik/protected/modules/transaction/controllers/SaleReceiptController.php(25): CFilterChain->run()
#15 /home/pmahendro/public_html/yii/framework/web/filters/CInlineFilter.php(58): SaleReceiptController->filterAccess(Object(CFilterChain))
#16 /home/pmahendro/public_html/yii/framework/web/filters/CFilterChain.php(130): CInlineFilter->filter(Object(CFilterChain))
#17 /home/pmahendro/public_html/yii/framework/web/CController.php(291): CFilterChain->run()
#18 /home/pmahendro/public_html/yii/framework/web/CController.php(265): CController->runActionWithFilters(Object(CInlineAction), Array)
#19 /home/pmahendro/public_html/yii/framework/web/CWebApplication.php(282): CController->run('ajaxHtmlAddInvo...')
#20 /home/pmahendro/public_html/yii/framework/web/CWebApplication.php(141): CWebApplication->runController('transaction/sal...')
#21 /home/pmahendro/public_html/yii/framework/base/CApplication.php(180): CWebApplication->processRequest()
#22 /home/pmahendro/public_html/djajalistrik/index.php(13): CApplication->run()
#23 {main}
REQUEST_URI=/~pmahendro/djajalistrik/index.php?r=transaction/saleReceipt/ajaxHtmlAddInvoice&id=
HTTP_REFERER=http://localhost/~pmahendro/djajalistrik/index.php?r=transaction/saleReceipt/create&customerId=1292
---
2025/06/13 14:56:57 [error] [exception.CException] exception 'CException' with message 'Property "SaleReceiptDetail.total_invoice" is not defined.' in /home/pmahendro/public_html/yii/framework/base/CComponent.php:130
Stack trace:
#0 /home/pmahendro/public_html/yii/framework/db/ar/CActiveRecord.php(145): CComponent->__get('total_invoice')
#1 /home/pmahendro/public_html/yii/framework/web/helpers/CHtml.php(2529): CActiveRecord->__get('total_invoice')
#2 /home/pmahendro/public_html/yii/framework/web/helpers/CHtml.php(2252): CHtml::resolveValue(Object(SaleReceiptDetail), 'total_invoice')
#3 /home/pmahendro/public_html/yii/framework/web/helpers/CHtml.php(1609): CHtml::activeInputField('hidden', Object(SaleReceiptDetail), 'total_invoice', Array)
#4 /home/pmahendro/public_html/djajalistrik/protected/modules/transaction/views/saleReceipt/_detail.php(29): CHtml::activeHiddenField(Object(SaleReceiptDetail), '[0]total_invoic...')
#5 /home/pmahendro/public_html/yii/framework/web/CBaseController.php(126): require('/home/pmahendro...')
#6 /home/pmahendro/public_html/yii/framework/web/CBaseController.php(95): CBaseController->renderInternal('/home/pmahendro...', Array, true)
#7 /home/pmahendro/public_html/yii/framework/web/CController.php(869): CBaseController->renderFile('/home/pmahendro...', Array, true)
#8 /home/pmahendro/public_html/djajalistrik/protected/modules/transaction/controllers/SaleReceiptController.php(258): CController->renderPartial('_detail', Array)
#9 [internal function]: SaleReceiptController->actionAjaxHtmlAddInvoice('')
#10 /home/pmahendro/public_html/yii/framework/web/actions/CAction.php(108): ReflectionMethod->invokeArgs(Object(SaleReceiptController), Array)
#11 /home/pmahendro/public_html/yii/framework/web/actions/CInlineAction.php(47): CAction->runWithParamsInternal(Object(SaleReceiptController), Object(ReflectionMethod), Array)
#12 /home/pmahendro/public_html/yii/framework/web/CController.php(308): CInlineAction->runWithParams(Array)
#13 /home/pmahendro/public_html/yii/framework/web/filters/CFilterChain.php(133): CController->runAction(Object(CInlineAction))
#14 /home/pmahendro/public_html/djajalistrik/protected/modules/transaction/controllers/SaleReceiptController.php(25): CFilterChain->run()
#15 /home/pmahendro/public_html/yii/framework/web/filters/CInlineFilter.php(58): SaleReceiptController->filterAccess(Object(CFilterChain))
#16 /home/pmahendro/public_html/yii/framework/web/filters/CFilterChain.php(130): CInlineFilter->filter(Object(CFilterChain))
#17 /home/pmahendro/public_html/yii/framework/web/CController.php(291): CFilterChain->run()
#18 /home/pmahendro/public_html/yii/framework/web/CController.php(265): CController->runActionWithFilters(Object(CInlineAction), Array)
#19 /home/pmahendro/public_html/yii/framework/web/CWebApplication.php(282): CController->run('ajaxHtmlAddInvo...')
#20 /home/pmahendro/public_html/yii/framework/web/CWebApplication.php(141): CWebApplication->runController('transaction/sal...')
#21 /home/pmahendro/public_html/yii/framework/base/CApplication.php(180): CWebApplication->processRequest()
#22 /home/pmahendro/public_html/djajalistrik/index.php(13): CApplication->run()
#23 {main}
REQUEST_URI=/~pmahendro/djajalistrik/index.php?r=transaction/saleReceipt/ajaxHtmlAddInvoice&id=
HTTP_REFERER=http://localhost/~pmahendro/djajalistrik/index.php?r=transaction/saleReceipt/create&customerId=1292
---
2025/06/13 14:57:26 [error] [exception.CException] exception 'CException' with message 'Property "SaleReceiptDetail.invoice" is not defined.' in /home/pmahendro/public_html/yii/framework/base/CComponent.php:130
Stack trace:
#0 /home/pmahendro/public_html/yii/framework/db/ar/CActiveRecord.php(145): CComponent->__get('invoice')
#1 /home/pmahendro/public_html/djajalistrik/protected/modules/transaction/components/SaleReceipt.php(128): CActiveRecord->__get('invoice')
#2 /home/pmahendro/public_html/yii/framework/base/CComponent.php(111): SaleReceipt->getTotalDetail()
#3 /home/pmahendro/public_html/djajalistrik/protected/modules/transaction/views/saleReceipt/_detail.php(54): CComponent->__get('totalDetail')
#4 /home/pmahendro/public_html/yii/framework/web/CBaseController.php(126): require('/home/pmahendro...')
#5 /home/pmahendro/public_html/yii/framework/web/CBaseController.php(95): CBaseController->renderInternal('/home/pmahendro...', Array, true)
#6 /home/pmahendro/public_html/yii/framework/web/CController.php(869): CBaseController->renderFile('/home/pmahendro...', Array, true)
#7 /home/pmahendro/public_html/djajalistrik/protected/modules/transaction/controllers/SaleReceiptController.php(258): CController->renderPartial('_detail', Array)
#8 [internal function]: SaleReceiptController->actionAjaxHtmlAddInvoice('')
#9 /home/pmahendro/public_html/yii/framework/web/actions/CAction.php(108): ReflectionMethod->invokeArgs(Object(SaleReceiptController), Array)
#10 /home/pmahendro/public_html/yii/framework/web/actions/CInlineAction.php(47): CAction->runWithParamsInternal(Object(SaleReceiptController), Object(ReflectionMethod), Array)
#11 /home/pmahendro/public_html/yii/framework/web/CController.php(308): CInlineAction->runWithParams(Array)
#12 /home/pmahendro/public_html/yii/framework/web/filters/CFilterChain.php(133): CController->runAction(Object(CInlineAction))
#13 /home/pmahendro/public_html/djajalistrik/protected/modules/transaction/controllers/SaleReceiptController.php(25): CFilterChain->run()
#14 /home/pmahendro/public_html/yii/framework/web/filters/CInlineFilter.php(58): SaleReceiptController->filterAccess(Object(CFilterChain))
#15 /home/pmahendro/public_html/yii/framework/web/filters/CFilterChain.php(130): CInlineFilter->filter(Object(CFilterChain))
#16 /home/pmahendro/public_html/yii/framework/web/CController.php(291): CFilterChain->run()
#17 /home/pmahendro/public_html/yii/framework/web/CController.php(265): CController->runActionWithFilters(Object(CInlineAction), Array)
#18 /home/pmahendro/public_html/yii/framework/web/CWebApplication.php(282): CController->run('ajaxHtmlAddInvo...')
#19 /home/pmahendro/public_html/yii/framework/web/CWebApplication.php(141): CWebApplication->runController('transaction/sal...')
#20 /home/pmahendro/public_html/yii/framework/base/CApplication.php(180): CWebApplication->processRequest()
#21 /home/pmahendro/public_html/djajalistrik/index.php(13): CApplication->run()
#22 {main}
REQUEST_URI=/~pmahendro/djajalistrik/index.php?r=transaction/saleReceipt/ajaxHtmlAddInvoice&id=
HTTP_REFERER=http://localhost/~pmahendro/djajalistrik/index.php?r=transaction/saleReceipt/create&customerId=1292
---
2025/06/14 16:09:51 [error] [exception.CHttpException.400] exception 'CHttpException' with message 'Your request is invalid.' in /home/pmahendro/public_html/yii/framework/web/CController.php:336
Stack trace:
#0 /home/pmahendro/public_html/yii/framework/web/CController.php(309): CController->invalidActionParams(Object(CInlineAction))
#1 /home/pmahendro/public_html/yii/framework/web/filters/CFilterChain.php(133): CController->runAction(Object(CInlineAction))
#2 /home/pmahendro/public_html/djajalistrik/protected/modules/transaction/controllers/SaleReceiptController.php(25): CFilterChain->run()
#3 /home/pmahendro/public_html/yii/framework/web/filters/CInlineFilter.php(58): SaleReceiptController->filterAccess(Object(CFilterChain))
#4 /home/pmahendro/public_html/yii/framework/web/filters/CFilterChain.php(130): CInlineFilter->filter(Object(CFilterChain))
#5 /home/pmahendro/public_html/yii/framework/web/CController.php(291): CFilterChain->run()
#6 /home/pmahendro/public_html/yii/framework/web/CController.php(265): CController->runActionWithFilters(Object(CInlineAction), Array)
#7 /home/pmahendro/public_html/yii/framework/web/CWebApplication.php(282): CController->run('create')
#8 /home/pmahendro/public_html/yii/framework/web/CWebApplication.php(141): CWebApplication->runController('transaction/sal...')
#9 /home/pmahendro/public_html/yii/framework/base/CApplication.php(180): CWebApplication->processRequest()
#10 /home/pmahendro/public_html/djajalistrik/index.php(13): CApplication->run()
#11 {main}
REQUEST_URI=/~pmahendro/djajalistrik/index.php?r=transaction/saleReceipt/create
HTTP_REFERER=http://localhost/~pmahendro/djajalistrik/index.php?r=site/index
---
2025/06/14 16:14:11 [error] [exception.CException] exception 'CException' with message 'Property "Customer.address1" is not defined.' in /home/pmahendro/public_html/yii/framework/base/CComponent.php:130
Stack trace:
#0 /home/pmahendro/public_html/yii/framework/db/ar/CActiveRecord.php(145): CComponent->__get('address1')
#1 /home/pmahendro/public_html/djajalistrik/protected/modules/transaction/controllers/SaleReceiptController.php(49): CActiveRecord->__get('address1')
#2 [internal function]: SaleReceiptController->actionCreate('1292')
#3 /home/pmahendro/public_html/yii/framework/web/actions/CAction.php(108): ReflectionMethod->invokeArgs(Object(SaleReceiptController), Array)
#4 /home/pmahendro/public_html/yii/framework/web/actions/CInlineAction.php(47): CAction->runWithParamsInternal(Object(SaleReceiptController), Object(ReflectionMethod), Array)
#5 /home/pmahendro/public_html/yii/framework/web/CController.php(308): CInlineAction->runWithParams(Array)
#6 /home/pmahendro/public_html/yii/framework/web/filters/CFilterChain.php(133): CController->runAction(Object(CInlineAction))
#7 /home/pmahendro/public_html/djajalistrik/protected/modules/transaction/controllers/SaleReceiptController.php(25): CFilterChain->run()
#8 /home/pmahendro/public_html/yii/framework/web/filters/CInlineFilter.php(58): SaleReceiptController->filterAccess(Object(CFilterChain))
#9 /home/pmahendro/public_html/yii/framework/web/filters/CFilterChain.php(130): CInlineFilter->filter(Object(CFilterChain))
#10 /home/pmahendro/public_html/yii/framework/web/CController.php(291): CFilterChain->run()
#11 /home/pmahendro/public_html/yii/framework/web/CController.php(265): CController->runActionWithFilters(Object(CInlineAction), Array)
#12 /home/pmahendro/public_html/yii/framework/web/CWebApplication.php(282): CController->run('create')
#13 /home/pmahendro/public_html/yii/framework/web/CWebApplication.php(141): CWebApplication->runController('transaction/sal...')
#14 /home/pmahendro/public_html/yii/framework/base/CApplication.php(180): CWebApplication->processRequest()
#15 /home/pmahendro/public_html/djajalistrik/index.php(13): CApplication->run()
#16 {main}
REQUEST_URI=/~pmahendro/djajalistrik/index.php?r=transaction/saleReceipt/create&customerId=1292
---
2025/06/14 16:21:30 [error] [php] Undefined variable: invoiceHeader (/home/pmahendro/public_html/djajalistrik/protected/modules/transaction/views/saleReceipt/_form.php:104)
Stack trace:
#0 /home/pmahendro/public_html/yii/framework/web/CController.php(869): SaleReceiptController->renderFile()
#1 /home/pmahendro/public_html/djajalistrik/protected/modules/transaction/views/saleReceipt/create.php(16): SaleReceiptController->renderPartial()
#2 /home/pmahendro/public_html/yii/framework/web/CBaseController.php(126): require()
#3 /home/pmahendro/public_html/yii/framework/web/CBaseController.php(95): SaleReceiptController->renderInternal()
#4 /home/pmahendro/public_html/yii/framework/web/CController.php(869): SaleReceiptController->renderFile()
#5 /home/pmahendro/public_html/yii/framework/web/CController.php(782): SaleReceiptController->renderPartial()
#6 /home/pmahendro/public_html/djajalistrik/protected/modules/transaction/controllers/SaleReceiptController.php(83): SaleReceiptController->render()
#7 unknown(0): SaleReceiptController->actionCreate()
#8 /home/pmahendro/public_html/yii/framework/web/actions/CAction.php(108): ReflectionMethod->invokeArgs()
#9 /home/pmahendro/public_html/yii/framework/web/actions/CInlineAction.php(47): CInlineAction->runWithParamsInternal()
#10 /home/pmahendro/public_html/yii/framework/web/CController.php(308): CInlineAction->runWithParams()
#11 /home/pmahendro/public_html/yii/framework/web/filters/CFilterChain.php(133): SaleReceiptController->runAction()
#12 /home/pmahendro/public_html/djajalistrik/protected/modules/transaction/controllers/SaleReceiptController.php(25): CFilterChain->run()
#13 /home/pmahendro/public_html/yii/framework/web/filters/CInlineFilter.php(58): SaleReceiptController->filterAccess()
#14 /home/pmahendro/public_html/yii/framework/web/filters/CFilterChain.php(130): CInlineFilter->filter()
#15 /home/pmahendro/public_html/yii/framework/web/CController.php(291): CFilterChain->run()
#16 /home/pmahendro/public_html/yii/framework/web/CController.php(265): SaleReceiptController->runActionWithFilters()
#17 /home/pmahendro/public_html/yii/framework/web/CWebApplication.php(282): SaleReceiptController->run()
#18 /home/pmahendro/public_html/yii/framework/web/CWebApplication.php(141): CWebApplication->runController()
#19 /home/pmahendro/public_html/yii/framework/base/CApplication.php(180): CWebApplication->processRequest()
#20 /home/pmahendro/public_html/djajalistrik/index.php(13): CWebApplication->run()
REQUEST_URI=/~pmahendro/djajalistrik/index.php?r=transaction/saleReceipt/create&customerId=1292
in /home/pmahendro/public_html/djajalistrik/protected/modules/transaction/views/saleReceipt/_form.php (104)
in /home/pmahendro/public_html/djajalistrik/protected/modules/transaction/views/saleReceipt/create.php (16)
in /home/pmahendro/public_html/djajalistrik/protected/modules/transaction/controllers/SaleReceiptController.php (83)
2025/06/14 16:21:56 [error] [php] Undefined variable: salePayment (/home/pmahendro/public_html/djajalistrik/protected/modules/transaction/views/saleReceipt/_form.php:160)
Stack trace:
#0 /home/pmahendro/public_html/yii/framework/web/CController.php(869): SaleReceiptController->renderFile()
#1 /home/pmahendro/public_html/djajalistrik/protected/modules/transaction/views/saleReceipt/create.php(16): SaleReceiptController->renderPartial()
#2 /home/pmahendro/public_html/yii/framework/web/CBaseController.php(126): require()
#3 /home/pmahendro/public_html/yii/framework/web/CBaseController.php(95): SaleReceiptController->renderInternal()
#4 /home/pmahendro/public_html/yii/framework/web/CController.php(869): SaleReceiptController->renderFile()
#5 /home/pmahendro/public_html/yii/framework/web/CController.php(782): SaleReceiptController->renderPartial()
#6 /home/pmahendro/public_html/djajalistrik/protected/modules/transaction/controllers/SaleReceiptController.php(83): SaleReceiptController->render()
#7 unknown(0): SaleReceiptController->actionCreate()
#8 /home/pmahendro/public_html/yii/framework/web/actions/CAction.php(108): ReflectionMethod->invokeArgs()
#9 /home/pmahendro/public_html/yii/framework/web/actions/CInlineAction.php(47): CInlineAction->runWithParamsInternal()
#10 /home/pmahendro/public_html/yii/framework/web/CController.php(308): CInlineAction->runWithParams()
#11 /home/pmahendro/public_html/yii/framework/web/filters/CFilterChain.php(133): SaleReceiptController->runAction()
#12 /home/pmahendro/public_html/djajalistrik/protected/modules/transaction/controllers/SaleReceiptController.php(25): CFilterChain->run()
#13 /home/pmahendro/public_html/yii/framework/web/filters/CInlineFilter.php(58): SaleReceiptController->filterAccess()
#14 /home/pmahendro/public_html/yii/framework/web/filters/CFilterChain.php(130): CInlineFilter->filter()
#15 /home/pmahendro/public_html/yii/framework/web/CController.php(291): CFilterChain->run()
#16 /home/pmahendro/public_html/yii/framework/web/CController.php(265): SaleReceiptController->runActionWithFilters()
#17 /home/pmahendro/public_html/yii/framework/web/CWebApplication.php(282): SaleReceiptController->run()
#18 /home/pmahendro/public_html/yii/framework/web/CWebApplication.php(141): CWebApplication->runController()
#19 /home/pmahendro/public_html/yii/framework/base/CApplication.php(180): CWebApplication->processRequest()
#20 /home/pmahendro/public_html/djajalistrik/index.php(13): CWebApplication->run()
REQUEST_URI=/~pmahendro/djajalistrik/index.php?r=transaction/saleReceipt/create&customerId=1292
in /home/pmahendro/public_html/djajalistrik/protected/modules/transaction/views/saleReceipt/_form.php (160)
in /home/pmahendro/public_html/djajalistrik/protected/modules/transaction/views/saleReceipt/create.php (16)
in /home/pmahendro/public_html/djajalistrik/protected/modules/transaction/controllers/SaleReceiptController.php (83)
2025/06/14 16:26:05 [error] [exception.CException] exception 'CException' with message 'Property "SaleReceiptDetail.total_invoice" is not defined.' in /home/pmahendro/public_html/yii/framework/base/CComponent.php:173
Stack trace:
#0 /home/pmahendro/public_html/yii/framework/db/ar/CActiveRecord.php(161): CComponent->__set('total_invoice', 3885000)
#1 /home/pmahendro/public_html/djajalistrik/protected/modules/transaction/components/SaleReceipt.php(29): CActiveRecord->__set('total_invoice', 3885000)
#2 /home/pmahendro/public_html/djajalistrik/protected/modules/transaction/controllers/SaleReceiptController.php(259): SaleReceipt->addInvoice('27282')
#3 [internal function]: SaleReceiptController->actionAjaxHtmlAddInvoices('')
#4 /home/pmahendro/public_html/yii/framework/web/actions/CAction.php(108): ReflectionMethod->invokeArgs(Object(SaleReceiptController), Array)
#5 /home/pmahendro/public_html/yii/framework/web/actions/CInlineAction.php(47): CAction->runWithParamsInternal(Object(SaleReceiptController), Object(ReflectionMethod), Array)
#6 /home/pmahendro/public_html/yii/framework/web/CController.php(308): CInlineAction->runWithParams(Array)
#7 /home/pmahendro/public_html/yii/framework/web/filters/CFilterChain.php(133): CController->runAction(Object(CInlineAction))
#8 /home/pmahendro/public_html/djajalistrik/protected/modules/transaction/controllers/SaleReceiptController.php(25): CFilterChain->run()
#9 /home/pmahendro/public_html/yii/framework/web/filters/CInlineFilter.php(58): SaleReceiptController->filterAccess(Object(CFilterChain))
#10 /home/pmahendro/public_html/yii/framework/web/filters/CFilterChain.php(130): CInlineFilter->filter(Object(CFilterChain))
#11 /home/pmahendro/public_html/yii/framework/web/CController.php(291): CFilterChain->run()
#12 /home/pmahendro/public_html/yii/framework/web/CController.php(265): CController->runActionWithFilters(Object(CInlineAction), Array)
#13 /home/pmahendro/public_html/yii/framework/web/CWebApplication.php(282): CController->run('ajaxHtmlAddInvo...')
#14 /home/pmahendro/public_html/yii/framework/web/CWebApplication.php(141): CWebApplication->runController('transaction/sal...')
#15 /home/pmahendro/public_html/yii/framework/base/CApplication.php(180): CWebApplication->processRequest()
#16 /home/pmahendro/public_html/djajalistrik/index.php(13): CApplication->run()
#17 {main}
REQUEST_URI=/~pmahendro/djajalistrik/index.php?r=transaction/saleReceipt/ajaxHtmlAddInvoices&id=
HTTP_REFERER=http://localhost/~pmahendro/djajalistrik/index.php?r=transaction/saleReceipt/create&customerId=1292
---
2025/06/14 16:26:08 [error] [exception.CException] exception 'CException' with message 'Property "SaleReceiptDetail.total_invoice" is not defined.' in /home/pmahendro/public_html/yii/framework/base/CComponent.php:173
Stack trace:
#0 /home/pmahendro/public_html/yii/framework/db/ar/CActiveRecord.php(161): CComponent->__set('total_invoice', 3885000)
#1 /home/pmahendro/public_html/djajalistrik/protected/modules/transaction/components/SaleReceipt.php(29): CActiveRecord->__set('total_invoice', 3885000)
#2 /home/pmahendro/public_html/djajalistrik/protected/modules/transaction/controllers/SaleReceiptController.php(259): SaleReceipt->addInvoice('27282')
#3 [internal function]: SaleReceiptController->actionAjaxHtmlAddInvoices('')
#4 /home/pmahendro/public_html/yii/framework/web/actions/CAction.php(108): ReflectionMethod->invokeArgs(Object(SaleReceiptController), Array)
#5 /home/pmahendro/public_html/yii/framework/web/actions/CInlineAction.php(47): CAction->runWithParamsInternal(Object(SaleReceiptController), Object(ReflectionMethod), Array)
#6 /home/pmahendro/public_html/yii/framework/web/CController.php(308): CInlineAction->runWithParams(Array)
#7 /home/pmahendro/public_html/yii/framework/web/filters/CFilterChain.php(133): CController->runAction(Object(CInlineAction))
#8 /home/pmahendro/public_html/djajalistrik/protected/modules/transaction/controllers/SaleReceiptController.php(25): CFilterChain->run()
#9 /home/pmahendro/public_html/yii/framework/web/filters/CInlineFilter.php(58): SaleReceiptController->filterAccess(Object(CFilterChain))
#10 /home/pmahendro/public_html/yii/framework/web/filters/CFilterChain.php(130): CInlineFilter->filter(Object(CFilterChain))
#11 /home/pmahendro/public_html/yii/framework/web/CController.php(291): CFilterChain->run()
#12 /home/pmahendro/public_html/yii/framework/web/CController.php(265): CController->runActionWithFilters(Object(CInlineAction), Array)
#13 /home/pmahendro/public_html/yii/framework/web/CWebApplication.php(282): CController->run('ajaxHtmlAddInvo...')
#14 /home/pmahendro/public_html/yii/framework/web/CWebApplication.php(141): CWebApplication->runController('transaction/sal...')
#15 /home/pmahendro/public_html/yii/framework/base/CApplication.php(180): CWebApplication->processRequest()
#16 /home/pmahendro/public_html/djajalistrik/index.php(13): CApplication->run()
#17 {main}
REQUEST_URI=/~pmahendro/djajalistrik/index.php?r=transaction/saleReceipt/ajaxHtmlAddInvoices&id=
HTTP_REFERER=http://localhost/~pmahendro/djajalistrik/index.php?r=transaction/saleReceipt/create&customerId=1292
---
2025/06/14 16:26:40 [error] [php] Undefined variable: error (/home/pmahendro/public_html/djajalistrik/protected/modules/transaction/views/saleReceipt/_detail.php:1)
Stack trace:
#0 /home/pmahendro/public_html/yii/framework/web/CController.php(869): SaleReceiptController->renderFile()
#1 /home/pmahendro/public_html/djajalistrik/protected/modules/transaction/controllers/SaleReceiptController.php(265): SaleReceiptController->renderPartial()
#2 unknown(0): SaleReceiptController->actionAjaxHtmlAddInvoices()
#3 /home/pmahendro/public_html/yii/framework/web/actions/CAction.php(108): ReflectionMethod->invokeArgs()
#4 /home/pmahendro/public_html/yii/framework/web/actions/CInlineAction.php(47): CInlineAction->runWithParamsInternal()
#5 /home/pmahendro/public_html/yii/framework/web/CController.php(308): CInlineAction->runWithParams()
#6 /home/pmahendro/public_html/yii/framework/web/filters/CFilterChain.php(133): SaleReceiptController->runAction()
#7 /home/pmahendro/public_html/djajalistrik/protected/modules/transaction/controllers/SaleReceiptController.php(25): CFilterChain->run()
#8 /home/pmahendro/public_html/yii/framework/web/filters/CInlineFilter.php(58): SaleReceiptController->filterAccess()
#9 /home/pmahendro/public_html/yii/framework/web/filters/CFilterChain.php(130): CInlineFilter->filter()
#10 /home/pmahendro/public_html/yii/framework/web/CController.php(291): CFilterChain->run()
#11 /home/pmahendro/public_html/yii/framework/web/CController.php(265): SaleReceiptController->runActionWithFilters()
#12 /home/pmahendro/public_html/yii/framework/web/CWebApplication.php(282): SaleReceiptController->run()
#13 /home/pmahendro/public_html/yii/framework/web/CWebApplication.php(141): CWebApplication->runController()
#14 /home/pmahendro/public_html/yii/framework/base/CApplication.php(180): CWebApplication->processRequest()
#15 /home/pmahendro/public_html/djajalistrik/index.php(13): CWebApplication->run()
REQUEST_URI=/~pmahendro/djajalistrik/index.php?r=transaction/saleReceipt/ajaxHtmlAddInvoices&id=
in /home/pmahendro/public_html/djajalistrik/protected/modules/transaction/views/saleReceipt/_detail.php (1)
in /home/pmahendro/public_html/djajalistrik/protected/modules/transaction/controllers/SaleReceiptController.php (265)
in /home/pmahendro/public_html/djajalistrik/protected/modules/transaction/controllers/SaleReceiptController.php (25)
2025/06/14 16:27:38 [error] [php] Undefined variable: error (/home/pmahendro/public_html/djajalistrik/protected/modules/transaction/views/saleReceipt/_detail.php:1)
Stack trace:
#0 /home/pmahendro/public_html/yii/framework/web/CController.php(869): SaleReceiptController->renderFile()
#1 /home/pmahendro/public_html/djajalistrik/protected/modules/transaction/controllers/SaleReceiptController.php(265): SaleReceiptController->renderPartial()
#2 unknown(0): SaleReceiptController->actionAjaxHtmlAddInvoices()
#3 /home/pmahendro/public_html/yii/framework/web/actions/CAction.php(108): ReflectionMethod->invokeArgs()
#4 /home/pmahendro/public_html/yii/framework/web/actions/CInlineAction.php(47): CInlineAction->runWithParamsInternal()
#5 /home/pmahendro/public_html/yii/framework/web/CController.php(308): CInlineAction->runWithParams()
#6 /home/pmahendro/public_html/yii/framework/web/filters/CFilterChain.php(133): SaleReceiptController->runAction()
#7 /home/pmahendro/public_html/djajalistrik/protected/modules/transaction/controllers/SaleReceiptController.php(25): CFilterChain->run()
#8 /home/pmahendro/public_html/yii/framework/web/filters/CInlineFilter.php(58): SaleReceiptController->filterAccess()
#9 /home/pmahendro/public_html/yii/framework/web/filters/CFilterChain.php(130): CInlineFilter->filter()
#10 /home/pmahendro/public_html/yii/framework/web/CController.php(291): CFilterChain->run()
#11 /home/pmahendro/public_html/yii/framework/web/CController.php(265): SaleReceiptController->runActionWithFilters()
#12 /home/pmahendro/public_html/yii/framework/web/CWebApplication.php(282): SaleReceiptController->run()
#13 /home/pmahendro/public_html/yii/framework/web/CWebApplication.php(141): CWebApplication->runController()
#14 /home/pmahendro/public_html/yii/framework/base/CApplication.php(180): CWebApplication->processRequest()
#15 /home/pmahendro/public_html/djajalistrik/index.php(13): CWebApplication->run()
REQUEST_URI=/~pmahendro/djajalistrik/index.php?r=transaction/saleReceipt/ajaxHtmlAddInvoices&id=
in /home/pmahendro/public_html/djajalistrik/protected/modules/transaction/views/saleReceipt/_detail.php (1)
in /home/pmahendro/public_html/djajalistrik/protected/modules/transaction/controllers/SaleReceiptController.php (265)
in /home/pmahendro/public_html/djajalistrik/protected/modules/transaction/controllers/SaleReceiptController.php (25)
2025/06/14 16:33:16 [error] [exception.CDbException] exception 'CDbException' with message 'Relation "invoice" is not defined in active record class "SaleReceiptDetail".' in /home/pmahendro/public_html/yii/framework/db/ar/CActiveFinder.php:226
Stack trace:
#0 /home/pmahendro/public_html/yii/framework/db/ar/CActiveFinder.php(298): CActiveFinder->buildJoinTree(Object(CJoinElement), 'invoice:resetSc...', Array)
#1 /home/pmahendro/public_html/yii/framework/db/ar/CActiveFinder.php(48): CActiveFinder->buildJoinTree(Object(CJoinElement), Array)
#2 /home/pmahendro/public_html/yii/framework/db/ar/CActiveRecord.php(909): CActiveFinder->__construct(Object(SaleReceiptDetail), Array)
#3 /home/pmahendro/public_html/yii/framework/db/ar/CActiveRecord.php(1604): CActiveRecord->getActiveFinder(Array)
#4 /home/pmahendro/public_html/yii/framework/web/CActiveDataProvider.php(228): CActiveRecord->count(Object(CDbCriteria))
#5 /home/pmahendro/public_html/yii/framework/web/CDataProvider.php(224): CActiveDataProvider->calculateTotalItemCount()
#6 /home/pmahendro/public_html/yii/framework/web/CActiveDataProvider.php(178): CDataProvider->getTotalItemCount()
#7 /home/pmahendro/public_html/yii/framework/web/CDataProvider.php(168): CActiveDataProvider->fetchData()
#8 /home/pmahendro/public_html/yii/framework/zii/widgets/CBaseListView.php(111): CDataProvider->getData()
#9 /home/pmahendro/public_html/yii/framework/zii/widgets/grid/CGridView.php(339): CBaseListView->init()
#10 /home/pmahendro/public_html/yii/framework/web/CBaseController.php(147): CGridView->init()
#11 /home/pmahendro/public_html/yii/framework/web/CBaseController.php(172): CBaseController->createWidget('zii.widgets.gri...', Array)
#12 /home/pmahendro/public_html/djajalistrik/protected/modules/transaction/views/saleReceipt/view.php(56): CBaseController->widget('zii.widgets.gri...', Array)
#13 /home/pmahendro/public_html/yii/framework/web/CBaseController.php(126): require('/home/pmahendro...')
#14 /home/pmahendro/public_html/yii/framework/web/CBaseController.php(95): CBaseController->renderInternal('/home/pmahendro...', Array, true)
#15 /home/pmahendro/public_html/yii/framework/web/CController.php(869): CBaseController->renderFile('/home/pmahendro...', Array, true)
#16 /home/pmahendro/public_html/yii/framework/web/CController.php(782): CController->renderPartial('view', Array, true)
#17 /home/pmahendro/public_html/djajalistrik/protected/modules/transaction/controllers/SaleReceiptController.php(145): CController->render('view', Array)
#18 [internal function]: SaleReceiptController->actionView('1')
#19 /home/pmahendro/public_html/yii/framework/web/actions/CAction.php(108): ReflectionMethod->invokeArgs(Object(SaleReceiptController), Array)
#20 /home/pmahendro/public_html/yii/framework/web/actions/CInlineAction.php(47): CAction->runWithParamsInternal(Object(SaleReceiptController), Object(ReflectionMethod), Array)
#21 /home/pmahendro/public_html/yii/framework/web/CController.php(308): CInlineAction->runWithParams(Array)
#22 /home/pmahendro/public_html/yii/framework/web/filters/CFilterChain.php(133): CController->runAction(Object(CInlineAction))
#23 /home/pmahendro/public_html/djajalistrik/protected/modules/transaction/controllers/SaleReceiptController.php(25): CFilterChain->run()
#24 /home/pmahendro/public_html/yii/framework/web/filters/CInlineFilter.php(58): SaleReceiptController->filterAccess(Object(CFilterChain))
#25 /home/pmahendro/public_html/yii/framework/web/filters/CFilterChain.php(130): CInlineFilter->filter(Object(CFilterChain))
#26 /home/pmahendro/public_html/yii/framework/web/CController.php(291): CFilterChain->run()
#27 /home/pmahendro/public_html/yii/framework/web/CController.php(265): CController->runActionWithFilters(Object(CInlineAction), Array)
#28 /home/pmahendro/public_html/yii/framework/web/CWebApplication.php(282): CController->run('view')
#29 /home/pmahendro/public_html/yii/framework/web/CWebApplication.php(141): CWebApplication->runController('transaction/sal...')
#30 /home/pmahendro/public_html/yii/framework/base/CApplication.php(180): CWebApplication->processRequest()
#31 /home/pmahendro/public_html/djajalistrik/index.php(13): CApplication->run()
#32 {main}
REQUEST_URI=/~pmahendro/djajalistrik/index.php?r=transaction/saleReceipt/view&id=1
HTTP_REFERER=http://localhost/~pmahendro/djajalistrik/index.php?r=transaction/saleReceipt/create&customerId=1094
---
2025/06/14 16:34:59 [error] [exception.CDbException] exception 'CDbException' with message 'Relation "invoice" is not defined in active record class "SaleReceiptDetail".' in /home/pmahendro/public_html/yii/framework/db/ar/CActiveFinder.php:226
Stack trace:
#0 /home/pmahendro/public_html/yii/framework/db/ar/CActiveFinder.php(298): CActiveFinder->buildJoinTree(Object(CJoinElement), 'invoice:resetSc...', Array)
#1 /home/pmahendro/public_html/yii/framework/db/ar/CActiveFinder.php(48): CActiveFinder->buildJoinTree(Object(CJoinElement), Array)
#2 /home/pmahendro/public_html/yii/framework/db/ar/CActiveRecord.php(909): CActiveFinder->__construct(Object(SaleReceiptDetail), Array)
#3 /home/pmahendro/public_html/yii/framework/db/ar/CActiveRecord.php(1604): CActiveRecord->getActiveFinder(Array)
#4 /home/pmahendro/public_html/yii/framework/web/CActiveDataProvider.php(228): CActiveRecord->count(Object(CDbCriteria))
#5 /home/pmahendro/public_html/yii/framework/web/CDataProvider.php(224): CActiveDataProvider->calculateTotalItemCount()
#6 /home/pmahendro/public_html/yii/framework/web/CActiveDataProvider.php(178): CDataProvider->getTotalItemCount()
#7 /home/pmahendro/public_html/yii/framework/web/CDataProvider.php(168): CActiveDataProvider->fetchData()
#8 /home/pmahendro/public_html/yii/framework/zii/widgets/CBaseListView.php(111): CDataProvider->getData()
#9 /home/pmahendro/public_html/yii/framework/zii/widgets/grid/CGridView.php(339): CBaseListView->init()
#10 /home/pmahendro/public_html/yii/framework/web/CBaseController.php(147): CGridView->init()
#11 /home/pmahendro/public_html/yii/framework/web/CBaseController.php(172): CBaseController->createWidget('zii.widgets.gri...', Array)
#12 /home/pmahendro/public_html/djajalistrik/protected/modules/transaction/views/saleReceipt/view.php(64): CBaseController->widget('zii.widgets.gri...', Array)
#13 /home/pmahendro/public_html/yii/framework/web/CBaseController.php(126): require('/home/pmahendro...')
#14 /home/pmahendro/public_html/yii/framework/web/CBaseController.php(95): CBaseController->renderInternal('/home/pmahendro...', Array, true)
#15 /home/pmahendro/public_html/yii/framework/web/CController.php(869): CBaseController->renderFile('/home/pmahendro...', Array, true)
#16 /home/pmahendro/public_html/yii/framework/web/CController.php(782): CController->renderPartial('view', Array, true)
#17 /home/pmahendro/public_html/djajalistrik/protected/modules/transaction/controllers/SaleReceiptController.php(145): CController->render('view', Array)
#18 [internal function]: SaleReceiptController->actionView('1')
#19 /home/pmahendro/public_html/yii/framework/web/actions/CAction.php(108): ReflectionMethod->invokeArgs(Object(SaleReceiptController), Array)
#20 /home/pmahendro/public_html/yii/framework/web/actions/CInlineAction.php(47): CAction->runWithParamsInternal(Object(SaleReceiptController), Object(ReflectionMethod), Array)
#21 /home/pmahendro/public_html/yii/framework/web/CController.php(308): CInlineAction->runWithParams(Array)
#22 /home/pmahendro/public_html/yii/framework/web/filters/CFilterChain.php(133): CController->runAction(Object(CInlineAction))
#23 /home/pmahendro/public_html/djajalistrik/protected/modules/transaction/controllers/SaleReceiptController.php(25): CFilterChain->run()
#24 /home/pmahendro/public_html/yii/framework/web/filters/CInlineFilter.php(58): SaleReceiptController->filterAccess(Object(CFilterChain))
#25 /home/pmahendro/public_html/yii/framework/web/filters/CFilterChain.php(130): CInlineFilter->filter(Object(CFilterChain))
#26 /home/pmahendro/public_html/yii/framework/web/CController.php(291): CFilterChain->run()
#27 /home/pmahendro/public_html/yii/framework/web/CController.php(265): CController->runActionWithFilters(Object(CInlineAction), Array)
#28 /home/pmahendro/public_html/yii/framework/web/CWebApplication.php(282): CController->run('view')
#29 /home/pmahendro/public_html/yii/framework/web/CWebApplication.php(141): CWebApplication->runController('transaction/sal...')
#30 /home/pmahendro/public_html/yii/framework/base/CApplication.php(180): CWebApplication->processRequest()
#31 /home/pmahendro/public_html/djajalistrik/index.php(13): CApplication->run()
#32 {main}
REQUEST_URI=/~pmahendro/djajalistrik/index.php?r=transaction/saleReceipt/view&id=1
HTTP_REFERER=http://localhost/~pmahendro/djajalistrik/index.php?r=transaction/saleReceipt/create&customerId=1094
---
2025/06/14 16:35:20 [error] [exception.CDbException] exception 'CDbException' with message 'Relation "invoice" is not defined in active record class "SaleReceiptDetail".' in /home/pmahendro/public_html/yii/framework/db/ar/CActiveFinder.php:226
Stack trace:
#0 /home/pmahendro/public_html/yii/framework/db/ar/CActiveFinder.php(298): CActiveFinder->buildJoinTree(Object(CJoinElement), 'invoice:resetSc...', Array)
#1 /home/pmahendro/public_html/yii/framework/db/ar/CActiveFinder.php(48): CActiveFinder->buildJoinTree(Object(CJoinElement), Array)
#2 /home/pmahendro/public_html/yii/framework/db/ar/CActiveRecord.php(909): CActiveFinder->__construct(Object(SaleReceiptDetail), Array)
#3 /home/pmahendro/public_html/yii/framework/db/ar/CActiveRecord.php(1604): CActiveRecord->getActiveFinder(Array)
#4 /home/pmahendro/public_html/yii/framework/web/CActiveDataProvider.php(228): CActiveRecord->count(Object(CDbCriteria))
#5 /home/pmahendro/public_html/yii/framework/web/CDataProvider.php(224): CActiveDataProvider->calculateTotalItemCount()
#6 /home/pmahendro/public_html/yii/framework/web/CActiveDataProvider.php(178): CDataProvider->getTotalItemCount()
#7 /home/pmahendro/public_html/yii/framework/web/CDataProvider.php(168): CActiveDataProvider->fetchData()
#8 /home/pmahendro/public_html/yii/framework/zii/widgets/CBaseListView.php(111): CDataProvider->getData()
#9 /home/pmahendro/public_html/yii/framework/zii/widgets/grid/CGridView.php(339): CBaseListView->init()
#10 /home/pmahendro/public_html/yii/framework/web/CBaseController.php(147): CGridView->init()
#11 /home/pmahendro/public_html/yii/framework/web/CBaseController.php(172): CBaseController->createWidget('zii.widgets.gri...', Array)
#12 /home/pmahendro/public_html/djajalistrik/protected/modules/transaction/views/saleReceipt/view.php(64): CBaseController->widget('zii.widgets.gri...', Array)
#13 /home/pmahendro/public_html/yii/framework/web/CBaseController.php(126): require('/home/pmahendro...')
#14 /home/pmahendro/public_html/yii/framework/web/CBaseController.php(95): CBaseController->renderInternal('/home/pmahendro...', Array, true)
#15 /home/pmahendro/public_html/yii/framework/web/CController.php(869): CBaseController->renderFile('/home/pmahendro...', Array, true)
#16 /home/pmahendro/public_html/yii/framework/web/CController.php(782): CController->renderPartial('view', Array, true)
#17 /home/pmahendro/public_html/djajalistrik/protected/modules/transaction/controllers/SaleReceiptController.php(145): CController->render('view', Array)
#18 [internal function]: SaleReceiptController->actionView('1')
#19 /home/pmahendro/public_html/yii/framework/web/actions/CAction.php(108): ReflectionMethod->invokeArgs(Object(SaleReceiptController), Array)
#20 /home/pmahendro/public_html/yii/framework/web/actions/CInlineAction.php(47): CAction->runWithParamsInternal(Object(SaleReceiptController), Object(ReflectionMethod), Array)
#21 /home/pmahendro/public_html/yii/framework/web/CController.php(308): CInlineAction->runWithParams(Array)
#22 /home/pmahendro/public_html/yii/framework/web/filters/CFilterChain.php(133): CController->runAction(Object(CInlineAction))
#23 /home/pmahendro/public_html/djajalistrik/protected/modules/transaction/controllers/SaleReceiptController.php(25): CFilterChain->run()
#24 /home/pmahendro/public_html/yii/framework/web/filters/CInlineFilter.php(58): SaleReceiptController->filterAccess(Object(CFilterChain))
#25 /home/pmahendro/public_html/yii/framework/web/filters/CFilterChain.php(130): CInlineFilter->filter(Object(CFilterChain))
#26 /home/pmahendro/public_html/yii/framework/web/CController.php(291): CFilterChain->run()
#27 /home/pmahendro/public_html/yii/framework/web/CController.php(265): CController->runActionWithFilters(Object(CInlineAction), Array)
#28 /home/pmahendro/public_html/yii/framework/web/CWebApplication.php(282): CController->run('view')
#29 /home/pmahendro/public_html/yii/framework/web/CWebApplication.php(141): CWebApplication->runController('transaction/sal...')
#30 /home/pmahendro/public_html/yii/framework/base/CApplication.php(180): CWebApplication->processRequest()
#31 /home/pmahendro/public_html/djajalistrik/index.php(13): CApplication->run()
#32 {main}
REQUEST_URI=/~pmahendro/djajalistrik/index.php?r=transaction/saleReceipt/view&id=1
HTTP_REFERER=http://localhost/~pmahendro/djajalistrik/index.php?r=transaction/saleReceipt/create&customerId=1094
---
2025/06/14 16:35:42 [error] [exception.CException] exception 'CException' with message 'Property "SaleReceiptDetail.invoice" is not defined.' in /home/pmahendro/public_html/yii/framework/base/CComponent.php:130
Stack trace:
#0 /home/pmahendro/public_html/yii/framework/db/ar/CActiveRecord.php(145): CComponent->__get('invoice')
#1 /home/pmahendro/public_html/yii/framework/base/CComponent.php(612) : eval()'d code(1): CActiveRecord->__get('invoice')
#2 /home/pmahendro/public_html/yii/framework/base/CComponent.php(612): eval()
#3 /home/pmahendro/public_html/yii/framework/zii/widgets/grid/CDataColumn.php(137): CComponent->evaluateExpression('Yii::app()->dat...', Array)
#4 /home/pmahendro/public_html/yii/framework/zii/widgets/grid/CGridColumn.php(151): CDataColumn->renderDataCellContent(0, Object(SaleReceiptDetail))
#5 /home/pmahendro/public_html/yii/framework/zii/widgets/grid/CGridView.php(616): CGridColumn->renderDataCell(0)
#6 /home/pmahendro/public_html/yii/framework/zii/widgets/grid/CGridView.php(572): CGridView->renderTableRow(0)
#7 /home/pmahendro/public_html/yii/framework/zii/widgets/grid/CGridView.php(482): CGridView->renderTableBody()
#8 /home/pmahendro/public_html/yii/framework/zii/widgets/CBaseListView.php(167): CGridView->renderItems()
#9 [internal function]: CBaseListView->renderSection(Array)
#10 /home/pmahendro/public_html/yii/framework/zii/widgets/CBaseListView.php(150): preg_replace_callback('/{(\\w+)}/', Array, '{summary}\n{item...')
#11 /home/pmahendro/public_html/yii/framework/zii/widgets/CBaseListView.php(135): CBaseListView->renderContent()
#12 /home/pmahendro/public_html/yii/framework/web/CBaseController.php(173): CBaseListView->run()
#13 /home/pmahendro/public_html/djajalistrik/protected/modules/transaction/views/saleReceipt/view.php(64): CBaseController->widget('zii.widgets.gri...', Array)
#14 /home/pmahendro/public_html/yii/framework/web/CBaseController.php(126): require('/home/pmahendro...')
#15 /home/pmahendro/public_html/yii/framework/web/CBaseController.php(95): CBaseController->renderInternal('/home/pmahendro...', Array, true)
#16 /home/pmahendro/public_html/yii/framework/web/CController.php(869): CBaseController->renderFile('/home/pmahendro...', Array, true)
#17 /home/pmahendro/public_html/yii/framework/web/CController.php(782): CController->renderPartial('view', Array, true)
#18 /home/pmahendro/public_html/djajalistrik/protected/modules/transaction/controllers/SaleReceiptController.php(145): CController->render('view', Array)
#19 [internal function]: SaleReceiptController->actionView('1')
#20 /home/pmahendro/public_html/yii/framework/web/actions/CAction.php(108): ReflectionMethod->invokeArgs(Object(SaleReceiptController), Array)
#21 /home/pmahendro/public_html/yii/framework/web/actions/CInlineAction.php(47): CAction->runWithParamsInternal(Object(SaleReceiptController), Object(ReflectionMethod), Array)
#22 /home/pmahendro/public_html/yii/framework/web/CController.php(308): CInlineAction->runWithParams(Array)
#23 /home/pmahendro/public_html/yii/framework/web/filters/CFilterChain.php(133): CController->runAction(Object(CInlineAction))
#24 /home/pmahendro/public_html/djajalistrik/protected/modules/transaction/controllers/SaleReceiptController.php(25): CFilterChain->run()
#25 /home/pmahendro/public_html/yii/framework/web/filters/CInlineFilter.php(58): SaleReceiptController->filterAccess(Object(CFilterChain))
#26 /home/pmahendro/public_html/yii/framework/web/filters/CFilterChain.php(130): CInlineFilter->filter(Object(CFilterChain))
#27 /home/pmahendro/public_html/yii/framework/web/CController.php(291): CFilterChain->run()
#28 /home/pmahendro/public_html/yii/framework/web/CController.php(265): CController->runActionWithFilters(Object(CInlineAction), Array)
#29 /home/pmahendro/public_html/yii/framework/web/CWebApplication.php(282): CController->run('view')
#30 /home/pmahendro/public_html/yii/framework/web/CWebApplication.php(141): CWebApplication->runController('transaction/sal...')
#31 /home/pmahendro/public_html/yii/framework/base/CApplication.php(180): CWebApplication->processRequest()
#32 /home/pmahendro/public_html/djajalistrik/index.php(13): CApplication->run()
#33 {main}
REQUEST_URI=/~pmahendro/djajalistrik/index.php?r=transaction/saleReceipt/view&id=1
HTTP_REFERER=http://localhost/~pmahendro/djajalistrik/index.php?r=transaction/saleReceipt/create&customerId=1094
---
2025/06/14 16:36:19 [error] [php] include(saleReceipt.php): failed to open stream: No such file or directory (/home/pmahendro/public_html/yii/framework/YiiBase.php:427)
Stack trace:
#0 /home/pmahendro/public_html/djajalistrik/protected/modules/transaction/controllers/SaleReceiptController.php(324): spl_autoload_call()
#1 /home/pmahendro/public_html/djajalistrik/protected/modules/transaction/controllers/SaleReceiptController.php(87): SaleReceiptController->instantiate()
#2 unknown(0): SaleReceiptController->actionUpdate()
#3 /home/pmahendro/public_html/yii/framework/web/actions/CAction.php(108): ReflectionMethod->invokeArgs()
#4 /home/pmahendro/public_html/yii/framework/web/actions/CInlineAction.php(47): CInlineAction->runWithParamsInternal()
#5 /home/pmahendro/public_html/yii/framework/web/CController.php(308): CInlineAction->runWithParams()
#6 /home/pmahendro/public_html/yii/framework/web/filters/CFilterChain.php(133): SaleReceiptController->runAction()
#7 /home/pmahendro/public_html/djajalistrik/protected/modules/transaction/controllers/SaleReceiptController.php(25): CFilterChain->run()
#8 /home/pmahendro/public_html/yii/framework/web/filters/CInlineFilter.php(58): SaleReceiptController->filterAccess()
#9 /home/pmahendro/public_html/yii/framework/web/filters/CFilterChain.php(130): CInlineFilter->filter()
#10 /home/pmahendro/public_html/yii/framework/web/CController.php(291): CFilterChain->run()
#11 /home/pmahendro/public_html/yii/framework/web/CController.php(265): SaleReceiptController->runActionWithFilters()
#12 /home/pmahendro/public_html/yii/framework/web/CWebApplication.php(282): SaleReceiptController->run()
#13 /home/pmahendro/public_html/yii/framework/web/CWebApplication.php(141): CWebApplication->runController()
#14 /home/pmahendro/public_html/yii/framework/base/CApplication.php(180): CWebApplication->processRequest()
#15 /home/pmahendro/public_html/djajalistrik/index.php(13): CWebApplication->run()
REQUEST_URI=/~pmahendro/djajalistrik/index.php?r=transaction/saleReceipt/update&id=1
in /home/pmahendro/public_html/djajalistrik/protected/modules/transaction/controllers/SaleReceiptController.php (324)
in /home/pmahendro/public_html/djajalistrik/protected/modules/transaction/controllers/SaleReceiptController.php (87)
in /home/pmahendro/public_html/djajalistrik/protected/modules/transaction/controllers/SaleReceiptController.php (25)
2025/06/14 16:38:14 [error] [php] include(saleReceipt.php): failed to open stream: No such file or directory (/home/pmahendro/public_html/yii/framework/YiiBase.php:427)
Stack trace:
#0 /home/pmahendro/public_html/djajalistrik/protected/modules/transaction/controllers/SaleReceiptController.php(319): spl_autoload_call()
#1 /home/pmahendro/public_html/djajalistrik/protected/modules/transaction/controllers/SaleReceiptController.php(87): SaleReceiptController->instantiate()
#2 unknown(0): SaleReceiptController->actionUpdate()
#3 /home/pmahendro/public_html/yii/framework/web/actions/CAction.php(108): ReflectionMethod->invokeArgs()
#4 /home/pmahendro/public_html/yii/framework/web/actions/CInlineAction.php(47): CInlineAction->runWithParamsInternal()
#5 /home/pmahendro/public_html/yii/framework/web/CController.php(308): CInlineAction->runWithParams()
#6 /home/pmahendro/public_html/yii/framework/web/filters/CFilterChain.php(133): SaleReceiptController->runAction()
#7 /home/pmahendro/public_html/djajalistrik/protected/modules/transaction/controllers/SaleReceiptController.php(25): CFilterChain->run()
#8 /home/pmahendro/public_html/yii/framework/web/filters/CInlineFilter.php(58): SaleReceiptController->filterAccess()
#9 /home/pmahendro/public_html/yii/framework/web/filters/CFilterChain.php(130): CInlineFilter->filter()
#10 /home/pmahendro/public_html/yii/framework/web/CController.php(291): CFilterChain->run()
#11 /home/pmahendro/public_html/yii/framework/web/CController.php(265): SaleReceiptController->runActionWithFilters()
#12 /home/pmahendro/public_html/yii/framework/web/CWebApplication.php(282): SaleReceiptController->run()
#13 /home/pmahendro/public_html/yii/framework/web/CWebApplication.php(141): CWebApplication->runController()
#14 /home/pmahendro/public_html/yii/framework/base/CApplication.php(180): CWebApplication->processRequest()
#15 /home/pmahendro/public_html/djajalistrik/index.php(13): CWebApplication->run()
REQUEST_URI=/~pmahendro/djajalistrik/index.php?r=transaction/saleReceipt/update&id=1
in /home/pmahendro/public_html/djajalistrik/protected/modules/transaction/controllers/SaleReceiptController.php (319)
in /home/pmahendro/public_html/djajalistrik/protected/modules/transaction/controllers/SaleReceiptController.php (87)
in /home/pmahendro/public_html/djajalistrik/protected/modules/transaction/controllers/SaleReceiptController.php (25)
2025/06/14 16:38:58 [error] [php] Undefined variable: customer (/home/pmahendro/public_html/djajalistrik/protected/modules/transaction/views/saleReceipt/update.php:13)
Stack trace:
#0 /home/pmahendro/public_html/yii/framework/web/CController.php(869): SaleReceiptController->renderFile()
#1 /home/pmahendro/public_html/yii/framework/web/CController.php(782): SaleReceiptController->renderPartial()
#2 /home/pmahendro/public_html/djajalistrik/protected/modules/transaction/controllers/SaleReceiptController.php(114): SaleReceiptController->render()
#3 unknown(0): SaleReceiptController->actionUpdate()
#4 /home/pmahendro/public_html/yii/framework/web/actions/CAction.php(108): ReflectionMethod->invokeArgs()
#5 /home/pmahendro/public_html/yii/framework/web/actions/CInlineAction.php(47): CInlineAction->runWithParamsInternal()
#6 /home/pmahendro/public_html/yii/framework/web/CController.php(308): CInlineAction->runWithParams()
#7 /home/pmahendro/public_html/yii/framework/web/filters/CFilterChain.php(133): SaleReceiptController->runAction()
#8 /home/pmahendro/public_html/djajalistrik/protected/modules/transaction/controllers/SaleReceiptController.php(25): CFilterChain->run()
#9 /home/pmahendro/public_html/yii/framework/web/filters/CInlineFilter.php(58): SaleReceiptController->filterAccess()
#10 /home/pmahendro/public_html/yii/framework/web/filters/CFilterChain.php(130): CInlineFilter->filter()
#11 /home/pmahendro/public_html/yii/framework/web/CController.php(291): CFilterChain->run()
#12 /home/pmahendro/public_html/yii/framework/web/CController.php(265): SaleReceiptController->runActionWithFilters()
#13 /home/pmahendro/public_html/yii/framework/web/CWebApplication.php(282): SaleReceiptController->run()
#14 /home/pmahendro/public_html/yii/framework/web/CWebApplication.php(141): CWebApplication->runController()
#15 /home/pmahendro/public_html/yii/framework/base/CApplication.php(180): CWebApplication->processRequest()
#16 /home/pmahendro/public_html/djajalistrik/index.php(13): CWebApplication->run()
REQUEST_URI=/~pmahendro/djajalistrik/index.php?r=transaction/saleReceipt/update&id=1
in /home/pmahendro/public_html/djajalistrik/protected/modules/transaction/views/saleReceipt/update.php (13)
in /home/pmahendro/public_html/djajalistrik/protected/modules/transaction/controllers/SaleReceiptController.php (114)
in /home/pmahendro/public_html/djajalistrik/protected/modules/transaction/controllers/SaleReceiptController.php (25)
2025/06/14 17:12:22 [error] [exception.CDbException] exception 'CDbException' with message 'Relation "invoice" is not defined in active record class "SaleReceiptDetail".' in /home/pmahendro/public_html/yii/framework/db/ar/CActiveFinder.php:226
Stack trace:
#0 /home/pmahendro/public_html/yii/framework/db/ar/CActiveFinder.php(298): CActiveFinder->buildJoinTree(Object(CJoinElement), 'invoice:resetSc...', Array)
#1 /home/pmahendro/public_html/yii/framework/db/ar/CActiveFinder.php(287): CActiveFinder->buildJoinTree(Object(CJoinElement), Array)
#2 /home/pmahendro/public_html/yii/framework/db/ar/CActiveFinder.php(298): CActiveFinder->buildJoinTree(Object(CJoinElement), 'saleReceiptDeta...', Array)
#3 /home/pmahendro/public_html/yii/framework/db/ar/CActiveFinder.php(48): CActiveFinder->buildJoinTree(Object(CJoinElement), Array)
#4 /home/pmahendro/public_html/yii/framework/db/ar/CActiveRecord.php(909): CActiveFinder->__construct(Object(SaleReceiptHeader), Array)
#5 /home/pmahendro/public_html/yii/framework/db/ar/CActiveRecord.php(280): CActiveRecord->getActiveFinder(Array)
#6 /home/pmahendro/public_html/yii/framework/db/ar/CActiveRecord.php(217): CActiveRecord->getRelated('saleReceiptDeta...', false, Array)
#7 /home/pmahendro/public_html/djajalistrik/protected/modules/transaction/controllers/SaleReceiptController.php(164): CActiveRecord->__call('saleReceiptDeta...', Array)
#8 /home/pmahendro/public_html/djajalistrik/protected/modules/transaction/controllers/SaleReceiptController.php(164): SaleReceiptHeader->saleReceiptDetails(Array)
#9 [internal function]: SaleReceiptController->actionMemo('1')
#10 /home/pmahendro/public_html/yii/framework/web/actions/CAction.php(108): ReflectionMethod->invokeArgs(Object(SaleReceiptController), Array)
#11 /home/pmahendro/public_html/yii/framework/web/actions/CInlineAction.php(47): CAction->runWithParamsInternal(Object(SaleReceiptController), Object(ReflectionMethod), Array)
#12 /home/pmahendro/public_html/yii/framework/web/CController.php(308): CInlineAction->runWithParams(Array)
#13 /home/pmahendro/public_html/yii/framework/web/filters/CFilterChain.php(133): CController->runAction(Object(CInlineAction))
#14 /home/pmahendro/public_html/djajalistrik/protected/modules/transaction/controllers/SaleReceiptController.php(25): CFilterChain->run()
#15 /home/pmahendro/public_html/yii/framework/web/filters/CInlineFilter.php(58): SaleReceiptController->filterAccess(Object(CFilterChain))
#16 /home/pmahendro/public_html/yii/framework/web/filters/CFilterChain.php(130): CInlineFilter->filter(Object(CFilterChain))
#17 /home/pmahendro/public_html/yii/framework/web/CController.php(291): CFilterChain->run()
#18 /home/pmahendro/public_html/yii/framework/web/CController.php(265): CController->runActionWithFilters(Object(CInlineAction), Array)
#19 /home/pmahendro/public_html/yii/framework/web/CWebApplication.php(282): CController->run('memo')
#20 /home/pmahendro/public_html/yii/framework/web/CWebApplication.php(141): CWebApplication->runController('transaction/sal...')
#21 /home/pmahendro/public_html/yii/framework/base/CApplication.php(180): CWebApplication->processRequest()
#22 /home/pmahendro/public_html/djajalistrik/index.php(13): CApplication->run()
#23 {main}
REQUEST_URI=/~pmahendro/djajalistrik/index.php?r=transaction/saleReceipt/memo&id=1
HTTP_REFERER=http://localhost/~pmahendro/djajalistrik/index.php?r=transaction/saleReceipt/view&id=1
---
2025/06/16 10:54:01 [error] [exception.CException] exception 'CException' with message 'Property "SaleReceiptHeader.reference_number" is not defined.' in /home/pmahendro/public_html/yii/framework/base/CComponent.php:130
Stack trace:
#0 /home/pmahendro/public_html/yii/framework/db/ar/CActiveRecord.php(145): CComponent->__get('reference_numbe...')
#1 /home/pmahendro/public_html/djajalistrik/protected/modules/transaction/views/saleReceipt/memo.php(103): CActiveRecord->__get('reference_numbe...')
#2 /home/pmahendro/public_html/yii/framework/web/CBaseController.php(126): require('/home/pmahendro...')
#3 /home/pmahendro/public_html/yii/framework/web/CBaseController.php(95): CBaseController->renderInternal('/home/pmahendro...', Array, true)
#4 /home/pmahendro/public_html/yii/framework/web/CController.php(869): CBaseController->renderFile('/home/pmahendro...', Array, true)
#5 /home/pmahendro/public_html/yii/framework/web/CController.php(782): CController->renderPartial('memo', Array, true)
#6 /home/pmahendro/public_html/djajalistrik/protected/modules/transaction/controllers/SaleReceiptController.php(174): CController->render('memo', Array)
#7 [internal function]: SaleReceiptController->actionMemo('1')
#8 /home/pmahendro/public_html/yii/framework/web/actions/CAction.php(108): ReflectionMethod->invokeArgs(Object(SaleReceiptController), Array)
#9 /home/pmahendro/public_html/yii/framework/web/actions/CInlineAction.php(47): CAction->runWithParamsInternal(Object(SaleReceiptController), Object(ReflectionMethod), Array)
#10 /home/pmahendro/public_html/yii/framework/web/CController.php(308): CInlineAction->runWithParams(Array)
#11 /home/pmahendro/public_html/yii/framework/web/filters/CFilterChain.php(133): CController->runAction(Object(CInlineAction))
#12 /home/pmahendro/public_html/djajalistrik/protected/modules/transaction/controllers/SaleReceiptController.php(25): CFilterChain->run()
#13 /home/pmahendro/public_html/yii/framework/web/filters/CInlineFilter.php(58): SaleReceiptController->filterAccess(Object(CFilterChain))
#14 /home/pmahendro/public_html/yii/framework/web/filters/CFilterChain.php(130): CInlineFilter->filter(Object(CFilterChain))
#15 /home/pmahendro/public_html/yii/framework/web/CController.php(291): CFilterChain->run()
#16 /home/pmahendro/public_html/yii/framework/web/CController.php(265): CController->runActionWithFilters(Object(CInlineAction), Array)
#17 /home/pmahendro/public_html/yii/framework/web/CWebApplication.php(282): CController->run('memo')
#18 /home/pmahendro/public_html/yii/framework/web/CWebApplication.php(141): CWebApplication->runController('transaction/sal...')
#19 /home/pmahendro/public_html/yii/framework/base/CApplication.php(180): CWebApplication->processRequest()
#20 /home/pmahendro/public_html/djajalistrik/index.php(13): CApplication->run()
#21 {main}
REQUEST_URI=/~pmahendro/djajalistrik/index.php?r=transaction/saleReceipt/memo&id=1
HTTP_REFERER=http://localhost/~pmahendro/djajalistrik/index.php?r=transaction/saleReceipt/view&id=1
---
2025/06/21 14:14:48 [error] [exception.CException] exception 'CException' with message 'Property "SalePayment.branch_id" is not defined.' in /home/pmahendro/public_html/yii/framework/base/CComponent.php:130
Stack trace:
#0 /home/pmahendro/public_html/yii/framework/web/helpers/CHtml.php(2529): CComponent->__get('branch_id')
#1 /home/pmahendro/public_html/yii/framework/web/helpers/CHtml.php(1802): CHtml::resolveValue(Object(SalePayment), 'branch_id')
#2 /home/pmahendro/public_html/djajalistrik/protected/modules/transaction/views/salePayment/_form.php(102): CHtml::activeDropDownList(Object(SalePayment), 'branch_id', Array, Array)
#3 /home/pmahendro/public_html/yii/framework/web/CBaseController.php(126): require('/home/pmahendro...')
#4 /home/pmahendro/public_html/yii/framework/web/CBaseController.php(95): CBaseController->renderInternal('/home/pmahendro...', Array, true)
#5 /home/pmahendro/public_html/yii/framework/web/CController.php(869): CBaseController->renderFile('/home/pmahendro...', Array, true)
#6 /home/pmahendro/public_html/djajalistrik/protected/modules/transaction/views/salePayment/create.php(15): CController->renderPartial('_form', Array)
#7 /home/pmahendro/public_html/yii/framework/web/CBaseController.php(126): require('/home/pmahendro...')
#8 /home/pmahendro/public_html/yii/framework/web/CBaseController.php(95): CBaseController->renderInternal('/home/pmahendro...', Array, true)
#9 /home/pmahendro/public_html/yii/framework/web/CController.php(869): CBaseController->renderFile('/home/pmahendro...', Array, true)
#10 /home/pmahendro/public_html/yii/framework/web/CController.php(782): CController->renderPartial('create', Array, true)
#11 /home/pmahendro/public_html/djajalistrik/protected/modules/transaction/controllers/SalePaymentController.php(77): CController->render('create', Array)
#12 [internal function]: SalePaymentController->actionCreate('1094')
#13 /home/pmahendro/public_html/yii/framework/web/actions/CAction.php(108): ReflectionMethod->invokeArgs(Object(SalePaymentController), Array)
#14 /home/pmahendro/public_html/yii/framework/web/actions/CInlineAction.php(47): CAction->runWithParamsInternal(Object(SalePaymentController), Object(ReflectionMethod), Array)
#15 /home/pmahendro/public_html/yii/framework/web/CController.php(308): CInlineAction->runWithParams(Array)
#16 /home/pmahendro/public_html/yii/framework/web/filters/CFilterChain.php(133): CController->runAction(Object(CInlineAction))
#17 /home/pmahendro/public_html/djajalistrik/protected/modules/transaction/controllers/SalePaymentController.php(25): CFilterChain->run()
#18 /home/pmahendro/public_html/yii/framework/web/filters/CInlineFilter.php(58): SalePaymentController->filterAccess(Object(CFilterChain))
#19 /home/pmahendro/public_html/yii/framework/web/filters/CFilterChain.php(130): CInlineFilter->filter(Object(CFilterChain))
#20 /home/pmahendro/public_html/yii/framework/web/CController.php(291): CFilterChain->run()
#21 /home/pmahendro/public_html/yii/framework/web/CController.php(265): CController->runActionWithFilters(Object(CInlineAction), Array)
#22 /home/pmahendro/public_html/yii/framework/web/CWebApplication.php(282): CController->run('create')
#23 /home/pmahendro/public_html/yii/framework/web/CWebApplication.php(141): CWebApplication->runController('transaction/sal...')
#24 /home/pmahendro/public_html/yii/framework/base/CApplication.php(180): CWebApplication->processRequest()
#25 /home/pmahendro/public_html/djajalistrik/index.php(13): CApplication->run()
#26 {main}
REQUEST_URI=/~pmahendro/djajalistrik/index.php?r=transaction/salePayment/create&customerId=1094
---
2025/10/18 15:41:58 [error] [system.db.CDbCommand] CDbCommand::fetchColumn() failed: SQLSTATE[23000]: Integrity constraint violation: 1052 Column 'branch_id' in where clause is ambiguous. The SQL statement executed was: SELECT COUNT(DISTINCT `t`.`id`) FROM `tbldl_sale_payment_header` `t`  LEFT OUTER JOIN `tbldl_invoice_header` `invoiceHeader` ON (`t`.`invoice_header_id`=`invoiceHeader`.`id`) AND (invoiceHeader.is_inactive = :is_inactive)  LEFT OUTER JOIN `tbldl_order_header` `orderHeader` ON (`invoiceHeader`.`order_header_id`=`orderHeader`.`id`) AND (orderHeader.is_inactive = :is_inactive)  LEFT OUTER JOIN `tbldl_customer` `customer` ON (`orderHeader`.`customer_id`=`customer`.`id`) AND (customer.is_inactive = :is_inactive)  LEFT OUTER JOIN `tbldl_branch` `branch` ON (`t`.`branch_id`=`branch`.`id`) AND (branch.is_inactive = :is_inactive)  WHERE ((t.is_inactive = :is_inactive) AND ((branch_id=:ycp0) AND (t.date BETWEEN :ycp1 AND :ycp2))).
in /home/pmahendro/public_html/djajalistrik/protected/components/ReportHelper.php (8)
in /home/pmahendro/public_html/djajalistrik/protected/modules/report/views/salePayment/report.php (82)
in /home/pmahendro/public_html/djajalistrik/protected/modules/report/controllers/SalePaymentController.php (50)
2025/10/18 15:41:58 [error] [exception.CDbException] exception 'CDbException' with message 'CDbCommand failed to execute the SQL statement: SQLSTATE[23000]: Integrity constraint violation: 1052 Column 'branch_id' in where clause is ambiguous. The SQL statement executed was: SELECT COUNT(DISTINCT `t`.`id`) FROM `tbldl_sale_payment_header` `t`  LEFT OUTER JOIN `tbldl_invoice_header` `invoiceHeader` ON (`t`.`invoice_header_id`=`invoiceHeader`.`id`) AND (invoiceHeader.is_inactive = :is_inactive)  LEFT OUTER JOIN `tbldl_order_header` `orderHeader` ON (`invoiceHeader`.`order_header_id`=`orderHeader`.`id`) AND (orderHeader.is_inactive = :is_inactive)  LEFT OUTER JOIN `tbldl_customer` `customer` ON (`orderHeader`.`customer_id`=`customer`.`id`) AND (customer.is_inactive = :is_inactive)  LEFT OUTER JOIN `tbldl_branch` `branch` ON (`t`.`branch_id`=`branch`.`id`) AND (branch.is_inactive = :is_inactive)  WHERE ((t.is_inactive = :is_inactive) AND ((branch_id=:ycp0) AND (t.date BETWEEN :ycp1 AND :ycp2)))' in /home/pmahendro/public_html/yii/framework/db/CDbCommand.php:543
Stack trace:
#0 /home/pmahendro/public_html/yii/framework/db/CDbCommand.php(433): CDbCommand->queryInternal('fetchColumn', 0, Array)
#1 /home/pmahendro/public_html/yii/framework/db/ar/CActiveFinder.php(759): CDbCommand->queryScalar()
#2 /home/pmahendro/public_html/yii/framework/db/ar/CActiveFinder.php(151): CJoinElement->count(Object(CDbCriteria))
#3 /home/pmahendro/public_html/yii/framework/db/ar/CActiveRecord.php(1605): CActiveFinder->count(Object(CDbCriteria))
#4 /home/pmahendro/public_html/yii/framework/web/CActiveDataProvider.php(228): CActiveRecord->count(Object(CDbCriteria))
#5 /home/pmahendro/public_html/yii/framework/web/CDataProvider.php(224): CActiveDataProvider->calculateTotalItemCount()
#6 /home/pmahendro/public_html/yii/framework/web/CActiveDataProvider.php(178): CDataProvider->getTotalItemCount()
#7 /home/pmahendro/public_html/yii/framework/web/CDataProvider.php(168): CActiveDataProvider->fetchData()
#8 /home/pmahendro/public_html/yii/framework/web/CDataProvider.php(212): CDataProvider->getData(false)
#9 /home/pmahendro/public_html/djajalistrik/protected/components/ReportHelper.php(8): CDataProvider->getItemCount(false)
#10 /home/pmahendro/public_html/djajalistrik/protected/modules/report/views/salePayment/report.php(82): ReportHelper::summaryText(Object(CActiveDataProvider))
#11 /home/pmahendro/public_html/yii/framework/web/CBaseController.php(126): require('/home/pmahendro...')
#12 /home/pmahendro/public_html/yii/framework/web/CBaseController.php(95): CBaseController->renderInternal('/home/pmahendro...', Array, true)
#13 /home/pmahendro/public_html/yii/framework/web/CController.php(869): CBaseController->renderFile('/home/pmahendro...', Array, true)
#14 /home/pmahendro/public_html/yii/framework/web/CController.php(782): CController->renderPartial('report', Array, true)
#15 /home/pmahendro/public_html/djajalistrik/protected/modules/report/controllers/SalePaymentController.php(50): CController->render('report', Array)
#16 /home/pmahendro/public_html/yii/framework/web/actions/CInlineAction.php(49): SalePaymentController->actionReport()
#17 /home/pmahendro/public_html/yii/framework/web/CController.php(308): CInlineAction->runWithParams(Array)
#18 /home/pmahendro/public_html/yii/framework/web/filters/CFilterChain.php(133): CController->runAction(Object(CInlineAction))
#19 /home/pmahendro/public_html/djajalistrik/protected/modules/report/controllers/SalePaymentController.php(17): CFilterChain->run()
#20 /home/pmahendro/public_html/yii/framework/web/filters/CInlineFilter.php(58): SalePaymentController->filterAccess(Object(CFilterChain))
#21 /home/pmahendro/public_html/yii/framework/web/filters/CFilterChain.php(130): CInlineFilter->filter(Object(CFilterChain))
#22 /home/pmahendro/public_html/yii/framework/web/CController.php(291): CFilterChain->run()
#23 /home/pmahendro/public_html/yii/framework/web/CController.php(265): CController->runActionWithFilters(Object(CInlineAction), Array)
#24 /home/pmahendro/public_html/yii/framework/web/CWebApplication.php(282): CController->run('report')
#25 /home/pmahendro/public_html/yii/framework/web/CWebApplication.php(141): CWebApplication->runController('report/salePaym...')
#26 /home/pmahendro/public_html/yii/framework/base/CApplication.php(180): CWebApplication->processRequest()
#27 /home/pmahendro/public_html/djajalistrik/index.php(13): CApplication->run()
#28 {main}
REQUEST_URI=/~pmahendro/djajalistrik/index.php?r=report%2FsalePayment%2Freport&CustomerId=&SalePaymentHeader%5Bbranch_id%5D=10&PageSize=100&page=1&StartDate=2024-01-02&EndDate=2025-10-18&sort=&yt0=Show
HTTP_REFERER=http://localhost/~pmahendro/djajalistrik/index.php?r=report%2FsalePayment%2Freport&CustomerId=&SalePaymentHeader%5Bbranch_id%5D=&PageSize=10&page=1&StartDate=2024-01-02&EndDate=2025-10-18&sort=&yt0=Show
---
2025/10/18 15:42:14 [error] [system.db.CDbCommand] CDbCommand::fetchColumn() failed: SQLSTATE[23000]: Integrity constraint violation: 1052 Column 'branch_id' in where clause is ambiguous. The SQL statement executed was: SELECT COUNT(DISTINCT `t`.`id`) FROM `tbldl_sale_payment_header` `t`  LEFT OUTER JOIN `tbldl_invoice_header` `invoiceHeader` ON (`t`.`invoice_header_id`=`invoiceHeader`.`id`) AND (invoiceHeader.is_inactive = :is_inactive)  LEFT OUTER JOIN `tbldl_order_header` `orderHeader` ON (`invoiceHeader`.`order_header_id`=`orderHeader`.`id`) AND (orderHeader.is_inactive = :is_inactive)  LEFT OUTER JOIN `tbldl_customer` `customer` ON (`orderHeader`.`customer_id`=`customer`.`id`) AND (customer.is_inactive = :is_inactive)  LEFT OUTER JOIN `tbldl_branch` `branch` ON (`t`.`branch_id`=`branch`.`id`) AND (branch.is_inactive = :is_inactive)  WHERE ((t.is_inactive = :is_inactive) AND ((branch_id=:ycp0) AND (t.date BETWEEN :ycp1 AND :ycp2))).
in /home/pmahendro/public_html/djajalistrik/protected/components/ReportHelper.php (8)
in /home/pmahendro/public_html/djajalistrik/protected/modules/report/views/salePayment/report.php (82)
in /home/pmahendro/public_html/djajalistrik/protected/modules/report/controllers/SalePaymentController.php (50)
2025/10/18 15:42:14 [error] [exception.CDbException] exception 'CDbException' with message 'CDbCommand failed to execute the SQL statement: SQLSTATE[23000]: Integrity constraint violation: 1052 Column 'branch_id' in where clause is ambiguous. The SQL statement executed was: SELECT COUNT(DISTINCT `t`.`id`) FROM `tbldl_sale_payment_header` `t`  LEFT OUTER JOIN `tbldl_invoice_header` `invoiceHeader` ON (`t`.`invoice_header_id`=`invoiceHeader`.`id`) AND (invoiceHeader.is_inactive = :is_inactive)  LEFT OUTER JOIN `tbldl_order_header` `orderHeader` ON (`invoiceHeader`.`order_header_id`=`orderHeader`.`id`) AND (orderHeader.is_inactive = :is_inactive)  LEFT OUTER JOIN `tbldl_customer` `customer` ON (`orderHeader`.`customer_id`=`customer`.`id`) AND (customer.is_inactive = :is_inactive)  LEFT OUTER JOIN `tbldl_branch` `branch` ON (`t`.`branch_id`=`branch`.`id`) AND (branch.is_inactive = :is_inactive)  WHERE ((t.is_inactive = :is_inactive) AND ((branch_id=:ycp0) AND (t.date BETWEEN :ycp1 AND :ycp2)))' in /home/pmahendro/public_html/yii/framework/db/CDbCommand.php:543
Stack trace:
#0 /home/pmahendro/public_html/yii/framework/db/CDbCommand.php(433): CDbCommand->queryInternal('fetchColumn', 0, Array)
#1 /home/pmahendro/public_html/yii/framework/db/ar/CActiveFinder.php(759): CDbCommand->queryScalar()
#2 /home/pmahendro/public_html/yii/framework/db/ar/CActiveFinder.php(151): CJoinElement->count(Object(CDbCriteria))
#3 /home/pmahendro/public_html/yii/framework/db/ar/CActiveRecord.php(1605): CActiveFinder->count(Object(CDbCriteria))
#4 /home/pmahendro/public_html/yii/framework/web/CActiveDataProvider.php(228): CActiveRecord->count(Object(CDbCriteria))
#5 /home/pmahendro/public_html/yii/framework/web/CDataProvider.php(224): CActiveDataProvider->calculateTotalItemCount()
#6 /home/pmahendro/public_html/yii/framework/web/CActiveDataProvider.php(178): CDataProvider->getTotalItemCount()
#7 /home/pmahendro/public_html/yii/framework/web/CDataProvider.php(168): CActiveDataProvider->fetchData()
#8 /home/pmahendro/public_html/yii/framework/web/CDataProvider.php(212): CDataProvider->getData(false)
#9 /home/pmahendro/public_html/djajalistrik/protected/components/ReportHelper.php(8): CDataProvider->getItemCount(false)
#10 /home/pmahendro/public_html/djajalistrik/protected/modules/report/views/salePayment/report.php(82): ReportHelper::summaryText(Object(CActiveDataProvider))
#11 /home/pmahendro/public_html/yii/framework/web/CBaseController.php(126): require('/home/pmahendro...')
#12 /home/pmahendro/public_html/yii/framework/web/CBaseController.php(95): CBaseController->renderInternal('/home/pmahendro...', Array, true)
#13 /home/pmahendro/public_html/yii/framework/web/CController.php(869): CBaseController->renderFile('/home/pmahendro...', Array, true)
#14 /home/pmahendro/public_html/yii/framework/web/CController.php(782): CController->renderPartial('report', Array, true)
#15 /home/pmahendro/public_html/djajalistrik/protected/modules/report/controllers/SalePaymentController.php(50): CController->render('report', Array)
#16 /home/pmahendro/public_html/yii/framework/web/actions/CInlineAction.php(49): SalePaymentController->actionReport()
#17 /home/pmahendro/public_html/yii/framework/web/CController.php(308): CInlineAction->runWithParams(Array)
#18 /home/pmahendro/public_html/yii/framework/web/filters/CFilterChain.php(133): CController->runAction(Object(CInlineAction))
#19 /home/pmahendro/public_html/djajalistrik/protected/modules/report/controllers/SalePaymentController.php(17): CFilterChain->run()
#20 /home/pmahendro/public_html/yii/framework/web/filters/CInlineFilter.php(58): SalePaymentController->filterAccess(Object(CFilterChain))
#21 /home/pmahendro/public_html/yii/framework/web/filters/CFilterChain.php(130): CInlineFilter->filter(Object(CFilterChain))
#22 /home/pmahendro/public_html/yii/framework/web/CController.php(291): CFilterChain->run()
#23 /home/pmahendro/public_html/yii/framework/web/CController.php(265): CController->runActionWithFilters(Object(CInlineAction), Array)
#24 /home/pmahendro/public_html/yii/framework/web/CWebApplication.php(282): CController->run('report')
#25 /home/pmahendro/public_html/yii/framework/web/CWebApplication.php(141): CWebApplication->runController('report/salePaym...')
#26 /home/pmahendro/public_html/yii/framework/base/CApplication.php(180): CWebApplication->processRequest()
#27 /home/pmahendro/public_html/djajalistrik/index.php(13): CApplication->run()
#28 {main}
REQUEST_URI=/~pmahendro/djajalistrik/index.php?r=report%2FsalePayment%2Freport&CustomerId=&SalePaymentHeader%5Bbranch_id%5D=10&PageSize=100&page=1&StartDate=2024-01-02&EndDate=2025-10-18&sort=&yt0=Show
HTTP_REFERER=http://localhost/~pmahendro/djajalistrik/index.php?r=report%2FsalePayment%2Freport&CustomerId=&SalePaymentHeader%5Bbranch_id%5D=&PageSize=10&page=1&StartDate=2024-01-02&EndDate=2025-10-18&sort=&yt0=Show
---
2025/10/18 15:43:49 [error] [system.db.CDbCommand] CDbCommand::fetchColumn() failed: SQLSTATE[23000]: Integrity constraint violation: 1052 Column 'branch_id' in where clause is ambiguous. The SQL statement executed was: SELECT COUNT(DISTINCT `t`.`id`) FROM `tbldl_sale_payment_header` `t`  LEFT OUTER JOIN `tbldl_invoice_header` `invoiceHeader` ON (`t`.`invoice_header_id`=`invoiceHeader`.`id`) AND (invoiceHeader.is_inactive = :is_inactive)  LEFT OUTER JOIN `tbldl_branch` `branch` ON (`t`.`branch_id`=`branch`.`id`) AND (branch.is_inactive = :is_inactive)  WHERE ((t.is_inactive = :is_inactive) AND ((branch_id=:ycp0) AND (t.date BETWEEN :ycp1 AND :ycp2))).
in /home/pmahendro/public_html/djajalistrik/protected/components/ReportHelper.php (8)
in /home/pmahendro/public_html/djajalistrik/protected/modules/report/views/salePayment/report.php (82)
in /home/pmahendro/public_html/djajalistrik/protected/modules/report/controllers/SalePaymentController.php (50)
2025/10/18 15:43:49 [error] [exception.CDbException] exception 'CDbException' with message 'CDbCommand failed to execute the SQL statement: SQLSTATE[23000]: Integrity constraint violation: 1052 Column 'branch_id' in where clause is ambiguous. The SQL statement executed was: SELECT COUNT(DISTINCT `t`.`id`) FROM `tbldl_sale_payment_header` `t`  LEFT OUTER JOIN `tbldl_invoice_header` `invoiceHeader` ON (`t`.`invoice_header_id`=`invoiceHeader`.`id`) AND (invoiceHeader.is_inactive = :is_inactive)  LEFT OUTER JOIN `tbldl_branch` `branch` ON (`t`.`branch_id`=`branch`.`id`) AND (branch.is_inactive = :is_inactive)  WHERE ((t.is_inactive = :is_inactive) AND ((branch_id=:ycp0) AND (t.date BETWEEN :ycp1 AND :ycp2)))' in /home/pmahendro/public_html/yii/framework/db/CDbCommand.php:543
Stack trace:
#0 /home/pmahendro/public_html/yii/framework/db/CDbCommand.php(433): CDbCommand->queryInternal('fetchColumn', 0, Array)
#1 /home/pmahendro/public_html/yii/framework/db/ar/CActiveFinder.php(759): CDbCommand->queryScalar()
#2 /home/pmahendro/public_html/yii/framework/db/ar/CActiveFinder.php(151): CJoinElement->count(Object(CDbCriteria))
#3 /home/pmahendro/public_html/yii/framework/db/ar/CActiveRecord.php(1605): CActiveFinder->count(Object(CDbCriteria))
#4 /home/pmahendro/public_html/yii/framework/web/CActiveDataProvider.php(228): CActiveRecord->count(Object(CDbCriteria))
#5 /home/pmahendro/public_html/yii/framework/web/CDataProvider.php(224): CActiveDataProvider->calculateTotalItemCount()
#6 /home/pmahendro/public_html/yii/framework/web/CActiveDataProvider.php(178): CDataProvider->getTotalItemCount()
#7 /home/pmahendro/public_html/yii/framework/web/CDataProvider.php(168): CActiveDataProvider->fetchData()
#8 /home/pmahendro/public_html/yii/framework/web/CDataProvider.php(212): CDataProvider->getData(false)
#9 /home/pmahendro/public_html/djajalistrik/protected/components/ReportHelper.php(8): CDataProvider->getItemCount(false)
#10 /home/pmahendro/public_html/djajalistrik/protected/modules/report/views/salePayment/report.php(82): ReportHelper::summaryText(Object(CActiveDataProvider))
#11 /home/pmahendro/public_html/yii/framework/web/CBaseController.php(126): require('/home/pmahendro...')
#12 /home/pmahendro/public_html/yii/framework/web/CBaseController.php(95): CBaseController->renderInternal('/home/pmahendro...', Array, true)
#13 /home/pmahendro/public_html/yii/framework/web/CController.php(869): CBaseController->renderFile('/home/pmahendro...', Array, true)
#14 /home/pmahendro/public_html/yii/framework/web/CController.php(782): CController->renderPartial('report', Array, true)
#15 /home/pmahendro/public_html/djajalistrik/protected/modules/report/controllers/SalePaymentController.php(50): CController->render('report', Array)
#16 /home/pmahendro/public_html/yii/framework/web/actions/CInlineAction.php(49): SalePaymentController->actionReport()
#17 /home/pmahendro/public_html/yii/framework/web/CController.php(308): CInlineAction->runWithParams(Array)
#18 /home/pmahendro/public_html/yii/framework/web/filters/CFilterChain.php(133): CController->runAction(Object(CInlineAction))
#19 /home/pmahendro/public_html/djajalistrik/protected/modules/report/controllers/SalePaymentController.php(17): CFilterChain->run()
#20 /home/pmahendro/public_html/yii/framework/web/filters/CInlineFilter.php(58): SalePaymentController->filterAccess(Object(CFilterChain))
#21 /home/pmahendro/public_html/yii/framework/web/filters/CFilterChain.php(130): CInlineFilter->filter(Object(CFilterChain))
#22 /home/pmahendro/public_html/yii/framework/web/CController.php(291): CFilterChain->run()
#23 /home/pmahendro/public_html/yii/framework/web/CController.php(265): CController->runActionWithFilters(Object(CInlineAction), Array)
#24 /home/pmahendro/public_html/yii/framework/web/CWebApplication.php(282): CController->run('report')
#25 /home/pmahendro/public_html/yii/framework/web/CWebApplication.php(141): CWebApplication->runController('report/salePaym...')
#26 /home/pmahendro/public_html/yii/framework/base/CApplication.php(180): CWebApplication->processRequest()
#27 /home/pmahendro/public_html/djajalistrik/index.php(13): CApplication->run()
#28 {main}
REQUEST_URI=/~pmahendro/djajalistrik/index.php?r=report%2FsalePayment%2Freport&CustomerId=&SalePaymentHeader%5Bbranch_id%5D=10&PageSize=100&page=1&StartDate=2024-01-02&EndDate=2025-10-18&sort=&yt0=Show
HTTP_REFERER=http://localhost/~pmahendro/djajalistrik/index.php?r=report%2FsalePayment%2Freport&CustomerId=&SalePaymentHeader%5Bbranch_id%5D=&PageSize=10&page=1&StartDate=2024-01-02&EndDate=2025-10-18&sort=&yt0=Show
---
2025/10/18 15:46:31 [error] [php] Missing argument 3 for SalePaymentReport::setupFilter(), called in /home/pmahendro/public_html/djajalistrik/protected/modules/report/controllers/SalePaymentController.php on line 33 and defined (/home/pmahendro/public_html/djajalistrik/protected/modules/report/components/SalePaymentReport.php:32)
Stack trace:
#0 /home/pmahendro/public_html/yii/framework/web/CController.php(308): CInlineAction->runWithParams()
#1 /home/pmahendro/public_html/yii/framework/web/filters/CFilterChain.php(133): SalePaymentController->runAction()
#2 /home/pmahendro/public_html/djajalistrik/protected/modules/report/controllers/SalePaymentController.php(17): CFilterChain->run()
#3 /home/pmahendro/public_html/yii/framework/web/filters/CInlineFilter.php(58): SalePaymentController->filterAccess()
#4 /home/pmahendro/public_html/yii/framework/web/filters/CFilterChain.php(130): CInlineFilter->filter()
#5 /home/pmahendro/public_html/yii/framework/web/CController.php(291): CFilterChain->run()
#6 /home/pmahendro/public_html/yii/framework/web/CController.php(265): SalePaymentController->runActionWithFilters()
#7 /home/pmahendro/public_html/yii/framework/web/CWebApplication.php(282): SalePaymentController->run()
#8 /home/pmahendro/public_html/yii/framework/web/CWebApplication.php(141): CWebApplication->runController()
#9 /home/pmahendro/public_html/yii/framework/base/CApplication.php(180): CWebApplication->processRequest()
#10 /home/pmahendro/public_html/djajalistrik/index.php(13): CWebApplication->run()
REQUEST_URI=/~pmahendro/djajalistrik/index.php?r=report%2FsalePayment%2Freport&CustomerId=&SalePaymentHeader%5Bbranch_id%5D=9&PageSize=100&page=1&StartDate=2024-01-02&EndDate=2025-10-18&sort=&yt0=Show
in /home/pmahendro/public_html/djajalistrik/protected/modules/report/components/SalePaymentReport.php (32)
in /home/pmahendro/public_html/djajalistrik/protected/modules/report/controllers/SalePaymentController.php (33)
in /home/pmahendro/public_html/djajalistrik/protected/modules/report/controllers/SalePaymentController.php (17)
2025/10/18 17:13:49 [error] [php] Undefined variable: detail (/home/pmahendro/public_html/djajalistrik/protected/modules/report/views/purchasePayment/_report.php:56)
Stack trace:
#0 /home/pmahendro/public_html/yii/framework/web/CController.php(869): PurchasePaymentController->renderFile()
#1 /home/pmahendro/public_html/djajalistrik/protected/modules/report/views/purchasePayment/report.php(89): PurchasePaymentController->renderPartial()
#2 /home/pmahendro/public_html/yii/framework/web/CBaseController.php(126): require()
#3 /home/pmahendro/public_html/yii/framework/web/CBaseController.php(95): PurchasePaymentController->renderInternal()
#4 /home/pmahendro/public_html/yii/framework/web/CController.php(869): PurchasePaymentController->renderFile()
#5 /home/pmahendro/public_html/yii/framework/web/CController.php(782): PurchasePaymentController->renderPartial()
#6 /home/pmahendro/public_html/djajalistrik/protected/modules/report/controllers/PurchasePaymentController.php(43): PurchasePaymentController->render()
#7 /home/pmahendro/public_html/yii/framework/web/actions/CInlineAction.php(49): PurchasePaymentController->actionReport()
#8 /home/pmahendro/public_html/yii/framework/web/CController.php(308): CInlineAction->runWithParams()
#9 /home/pmahendro/public_html/yii/framework/web/filters/CFilterChain.php(133): PurchasePaymentController->runAction()
#10 /home/pmahendro/public_html/djajalistrik/protected/modules/report/controllers/PurchasePaymentController.php(17): CFilterChain->run()
#11 /home/pmahendro/public_html/yii/framework/web/filters/CInlineFilter.php(58): PurchasePaymentController->filterAccess()
#12 /home/pmahendro/public_html/yii/framework/web/filters/CFilterChain.php(130): CInlineFilter->filter()
#13 /home/pmahendro/public_html/yii/framework/web/CController.php(291): CFilterChain->run()
#14 /home/pmahendro/public_html/yii/framework/web/CController.php(265): PurchasePaymentController->runActionWithFilters()
#15 /home/pmahendro/public_html/yii/framework/web/CWebApplication.php(282): PurchasePaymentController->run()
#16 /home/pmahendro/public_html/yii/framework/web/CWebApplication.php(141): CWebApplication->runController()
#17 /home/pmahendro/public_html/yii/framework/base/CApplication.php(180): CWebApplication->processRequest()
#18 /home/pmahendro/public_html/djajalistrik/index.php(13): CWebApplication->run()
REQUEST_URI=/~pmahendro/djajalistrik/index.php?r=report%2FpurchasePayment%2Freport&SupplierId=&PageSize=100&page=1&StartDate=2024-08-01&EndDate=&sort=&yt0=Show
in /home/pmahendro/public_html/djajalistrik/protected/modules/report/views/purchasePayment/_report.php (56)
in /home/pmahendro/public_html/djajalistrik/protected/modules/report/views/purchasePayment/report.php (89)
in /home/pmahendro/public_html/djajalistrik/protected/modules/report/controllers/PurchasePaymentController.php (43)
2025/10/19 10:01:56 [warning] [application] Failed to set unsafe attribute "file" of "Branch".
in /home/pmahendro/public_html/djajalistrik/protected/modules/admin/controllers/BranchController.php (50)
in /home/pmahendro/public_html/djajalistrik/protected/modules/admin/controllers/BranchController.php (19)
in /home/pmahendro/public_html/djajalistrik/index.php (13)
2025/10/19 10:03:58 [warning] [application] Failed to set unsafe attribute "file" of "Branch".
in /home/pmahendro/public_html/djajalistrik/protected/modules/admin/controllers/BranchController.php (50)
in /home/pmahendro/public_html/djajalistrik/protected/modules/admin/controllers/BranchController.php (19)
in /home/pmahendro/public_html/djajalistrik/index.php (13)
2025/10/19 10:03:58 [error] [php] require_once(/home/pmahendro/public_html/djajalistrik/protected/extensions/phpthumb/ThumbLib.inc.php): failed to open stream: No such file or directory (/home/pmahendro/public_html/djajalistrik/protected/modules/admin/controllers/BranchController.php:84)
Stack trace:
#0 unknown(0): BranchController->actionUpdate()
#1 /home/pmahendro/public_html/yii/framework/web/actions/CAction.php(108): ReflectionMethod->invokeArgs()
#2 /home/pmahendro/public_html/yii/framework/web/actions/CInlineAction.php(47): CInlineAction->runWithParamsInternal()
#3 /home/pmahendro/public_html/yii/framework/web/CController.php(308): CInlineAction->runWithParams()
#4 /home/pmahendro/public_html/yii/framework/web/filters/CFilterChain.php(133): BranchController->runAction()
#5 /home/pmahendro/public_html/djajalistrik/protected/modules/admin/controllers/BranchController.php(19): CFilterChain->run()
#6 /home/pmahendro/public_html/yii/framework/web/filters/CInlineFilter.php(58): BranchController->filterAccess()
#7 /home/pmahendro/public_html/yii/framework/web/filters/CFilterChain.php(130): CInlineFilter->filter()
#8 /home/pmahendro/public_html/yii/framework/web/CController.php(291): CFilterChain->run()
#9 /home/pmahendro/public_html/yii/framework/web/CController.php(265): BranchController->runActionWithFilters()
#10 /home/pmahendro/public_html/yii/framework/web/CWebApplication.php(282): BranchController->run()
#11 /home/pmahendro/public_html/yii/framework/web/CWebApplication.php(141): CWebApplication->runController()
#12 /home/pmahendro/public_html/yii/framework/base/CApplication.php(180): CWebApplication->processRequest()
#13 /home/pmahendro/public_html/djajalistrik/index.php(13): CWebApplication->run()
REQUEST_URI=/~pmahendro/djajalistrik/index.php?r=admin/branch/update&id=6
in /home/pmahendro/public_html/djajalistrik/protected/modules/admin/controllers/BranchController.php (84)
in /home/pmahendro/public_html/djajalistrik/protected/modules/admin/controllers/BranchController.php (84)
in /home/pmahendro/public_html/djajalistrik/protected/modules/admin/controllers/BranchController.php (54)
2025/10/19 10:06:41 [warning] [application] Failed to set unsafe attribute "file" of "Branch".
in /home/pmahendro/public_html/djajalistrik/protected/modules/admin/controllers/BranchController.php (50)
in /home/pmahendro/public_html/djajalistrik/protected/modules/admin/controllers/BranchController.php (19)
in /home/pmahendro/public_html/djajalistrik/index.php (13)
2025/10/21 14:00:12 [error] [exception.CHttpException.404] exception 'CHttpException' with message 'The requested page does not exist.' in /home/pmahendro/public_html/djajalistrik/protected/modules/transaction/controllers/InvoiceController.php:762
Stack trace:
#0 /home/pmahendro/public_html/djajalistrik/protected/modules/transaction/controllers/InvoiceController.php(228): InvoiceController->loadModel('27302')
#1 [internal function]: InvoiceController->actionMemo('27302')
#2 /home/pmahendro/public_html/yii/framework/web/actions/CAction.php(108): ReflectionMethod->invokeArgs(Object(InvoiceController), Array)
#3 /home/pmahendro/public_html/yii/framework/web/actions/CInlineAction.php(47): CAction->runWithParamsInternal(Object(InvoiceController), Object(ReflectionMethod), Array)
#4 /home/pmahendro/public_html/yii/framework/web/CController.php(308): CInlineAction->runWithParams(Array)
#5 /home/pmahendro/public_html/yii/framework/web/filters/CFilterChain.php(133): CController->runAction(Object(CInlineAction))
#6 /home/pmahendro/public_html/djajalistrik/protected/modules/transaction/controllers/InvoiceController.php(29): CFilterChain->run()
#7 /home/pmahendro/public_html/yii/framework/web/filters/CInlineFilter.php(58): InvoiceController->filterAccess(Object(CFilterChain))
#8 /home/pmahendro/public_html/yii/framework/web/filters/CFilterChain.php(130): CInlineFilter->filter(Object(CFilterChain))
#9 /home/pmahendro/public_html/yii/framework/web/CController.php(291): CFilterChain->run()
#10 /home/pmahendro/public_html/yii/framework/web/CController.php(265): CController->runActionWithFilters(Object(CInlineAction), Array)
#11 /home/pmahendro/public_html/yii/framework/web/CWebApplication.php(282): CController->run('memo')
#12 /home/pmahendro/public_html/yii/framework/web/CWebApplication.php(141): CWebApplication->runController('transaction/inv...')
#13 /home/pmahendro/public_html/yii/framework/base/CApplication.php(180): CWebApplication->processRequest()
#14 /home/pmahendro/public_html/djajalistrik/index.php(13): CApplication->run()
#15 {main}
REQUEST_URI=/~pmahendro/djajalistrik/index.php?r=transaction/invoice/memo&id=27302
---
2025/10/21 14:00:26 [error] [exception.CHttpException.404] exception 'CHttpException' with message 'The requested page does not exist.' in /home/pmahendro/public_html/djajalistrik/protected/modules/transaction/controllers/InvoiceController.php:762
Stack trace:
#0 /home/pmahendro/public_html/djajalistrik/protected/modules/transaction/controllers/InvoiceController.php(198): InvoiceController->loadModel('27302')
#1 [internal function]: InvoiceController->actionView('27302')
#2 /home/pmahendro/public_html/yii/framework/web/actions/CAction.php(108): ReflectionMethod->invokeArgs(Object(InvoiceController), Array)
#3 /home/pmahendro/public_html/yii/framework/web/actions/CInlineAction.php(47): CAction->runWithParamsInternal(Object(InvoiceController), Object(ReflectionMethod), Array)
#4 /home/pmahendro/public_html/yii/framework/web/CController.php(308): CInlineAction->runWithParams(Array)
#5 /home/pmahendro/public_html/yii/framework/web/filters/CFilterChain.php(133): CController->runAction(Object(CInlineAction))
#6 /home/pmahendro/public_html/djajalistrik/protected/modules/transaction/controllers/InvoiceController.php(29): CFilterChain->run()
#7 /home/pmahendro/public_html/yii/framework/web/filters/CInlineFilter.php(58): InvoiceController->filterAccess(Object(CFilterChain))
#8 /home/pmahendro/public_html/yii/framework/web/filters/CFilterChain.php(130): CInlineFilter->filter(Object(CFilterChain))
#9 /home/pmahendro/public_html/yii/framework/web/CController.php(291): CFilterChain->run()
#10 /home/pmahendro/public_html/yii/framework/web/CController.php(265): CController->runActionWithFilters(Object(CInlineAction), Array)
#11 /home/pmahendro/public_html/yii/framework/web/CWebApplication.php(282): CController->run('view')
#12 /home/pmahendro/public_html/yii/framework/web/CWebApplication.php(141): CWebApplication->runController('transaction/inv...')
#13 /home/pmahendro/public_html/yii/framework/base/CApplication.php(180): CWebApplication->processRequest()
#14 /home/pmahendro/public_html/djajalistrik/index.php(13): CApplication->run()
#15 {main}
REQUEST_URI=/~pmahendro/djajalistrik/index.php?r=transaction/invoice/view&id=27302
---
2025/10/28 15:33:58 [error] [exception.CHttpException.400] exception 'CHttpException' with message 'Your request is invalid.' in /home/pmahendro/public_html/yii/framework/web/CController.php:336
Stack trace:
#0 /home/pmahendro/public_html/yii/framework/web/CController.php(309): CController->invalidActionParams(Object(CInlineAction))
#1 /home/pmahendro/public_html/yii/framework/web/filters/CFilterChain.php(133): CController->runAction(Object(CInlineAction))
#2 /home/pmahendro/public_html/djajalistrik/protected/modules/transaction/controllers/InvoiceController.php(29): CFilterChain->run()
#3 /home/pmahendro/public_html/yii/framework/web/filters/CInlineFilter.php(58): InvoiceController->filterAccess(Object(CFilterChain))
#4 /home/pmahendro/public_html/yii/framework/web/filters/CFilterChain.php(130): CInlineFilter->filter(Object(CFilterChain))
#5 /home/pmahendro/public_html/yii/framework/web/CController.php(291): CFilterChain->run()
#6 /home/pmahendro/public_html/yii/framework/web/CController.php(265): CController->runActionWithFilters(Object(CInlineAction), Array)
#7 /home/pmahendro/public_html/yii/framework/web/CWebApplication.php(282): CController->run('ajaxHtmlUpdateT...')
#8 /home/pmahendro/public_html/yii/framework/web/CWebApplication.php(141): CWebApplication->runController('transaction/inv...')
#9 /home/pmahendro/public_html/yii/framework/base/CApplication.php(180): CWebApplication->processRequest()
#10 /home/pmahendro/public_html/djajalistrik/index.php(13): CApplication->run()
#11 {main}
REQUEST_URI=/~pmahendro/djajalistrik/index.php?r=transaction/invoice/ajaxHtmlUpdateTotals&id=
HTTP_REFERER=http://localhost/~pmahendro/djajalistrik/index.php?r=transaction/invoice/create&orderHeaderId=43478
---
2025/10/28 15:35:27 [error] [exception.CHttpException.400] exception 'CHttpException' with message 'Your request is invalid.' in /home/pmahendro/public_html/yii/framework/web/CController.php:336
Stack trace:
#0 /home/pmahendro/public_html/yii/framework/web/CController.php(309): CController->invalidActionParams(Object(CInlineAction))
#1 /home/pmahendro/public_html/yii/framework/web/filters/CFilterChain.php(133): CController->runAction(Object(CInlineAction))
#2 /home/pmahendro/public_html/djajalistrik/protected/modules/transaction/controllers/InvoiceController.php(29): CFilterChain->run()
#3 /home/pmahendro/public_html/yii/framework/web/filters/CInlineFilter.php(58): InvoiceController->filterAccess(Object(CFilterChain))
#4 /home/pmahendro/public_html/yii/framework/web/filters/CFilterChain.php(130): CInlineFilter->filter(Object(CFilterChain))
#5 /home/pmahendro/public_html/yii/framework/web/CController.php(291): CFilterChain->run()
#6 /home/pmahendro/public_html/yii/framework/web/CController.php(265): CController->runActionWithFilters(Object(CInlineAction), Array)
#7 /home/pmahendro/public_html/yii/framework/web/CWebApplication.php(282): CController->run('ajaxHtmlUpdateT...')
#8 /home/pmahendro/public_html/yii/framework/web/CWebApplication.php(141): CWebApplication->runController('transaction/inv...')
#9 /home/pmahendro/public_html/yii/framework/base/CApplication.php(180): CWebApplication->processRequest()
#10 /home/pmahendro/public_html/djajalistrik/index.php(13): CApplication->run()
#11 {main}
REQUEST_URI=/~pmahendro/djajalistrik/index.php?r=transaction/invoice/ajaxHtmlUpdateTotals&id=
HTTP_REFERER=http://localhost/~pmahendro/djajalistrik/index.php?r=transaction/invoice/create&orderHeaderId=43478
---
2025/10/28 15:35:50 [error] [exception.CHttpException.400] exception 'CHttpException' with message 'Your request is invalid.' in /home/pmahendro/public_html/yii/framework/web/CController.php:336
Stack trace:
#0 /home/pmahendro/public_html/yii/framework/web/CController.php(309): CController->invalidActionParams(Object(CInlineAction))
#1 /home/pmahendro/public_html/yii/framework/web/filters/CFilterChain.php(133): CController->runAction(Object(CInlineAction))
#2 /home/pmahendro/public_html/djajalistrik/protected/modules/transaction/controllers/InvoiceController.php(29): CFilterChain->run()
#3 /home/pmahendro/public_html/yii/framework/web/filters/CInlineFilter.php(58): InvoiceController->filterAccess(Object(CFilterChain))
#4 /home/pmahendro/public_html/yii/framework/web/filters/CFilterChain.php(130): CInlineFilter->filter(Object(CFilterChain))
#5 /home/pmahendro/public_html/yii/framework/web/CController.php(291): CFilterChain->run()
#6 /home/pmahendro/public_html/yii/framework/web/CController.php(265): CController->runActionWithFilters(Object(CInlineAction), Array)
#7 /home/pmahendro/public_html/yii/framework/web/CWebApplication.php(282): CController->run('ajaxHtmlUpdateT...')
#8 /home/pmahendro/public_html/yii/framework/web/CWebApplication.php(141): CWebApplication->runController('transaction/inv...')
#9 /home/pmahendro/public_html/yii/framework/base/CApplication.php(180): CWebApplication->processRequest()
#10 /home/pmahendro/public_html/djajalistrik/index.php(13): CApplication->run()
#11 {main}
REQUEST_URI=/~pmahendro/djajalistrik/index.php?r=transaction/invoice/ajaxHtmlUpdateTotals&id=
HTTP_REFERER=http://localhost/~pmahendro/djajalistrik/index.php?r=transaction/invoice/create&orderHeaderId=43478
---
2025/10/28 15:39:25 [error] [php] A non well formed numeric value encountered (/home/pmahendro/public_html/djajalistrik/protected/modules/transaction/components/InvoiceTransaction.php:176)
Stack trace:
#0 /home/pmahendro/public_html/djajalistrik/protected/modules/transaction/controllers/InvoiceController.php(122): InvoiceTransaction->save()
#1 unknown(0): InvoiceController->actionCreate()
#2 /home/pmahendro/public_html/yii/framework/web/actions/CAction.php(108): ReflectionMethod->invokeArgs()
#3 /home/pmahendro/public_html/yii/framework/web/actions/CInlineAction.php(47): CInlineAction->runWithParamsInternal()
#4 /home/pmahendro/public_html/yii/framework/web/CController.php(308): CInlineAction->runWithParams()
#5 /home/pmahendro/public_html/yii/framework/web/filters/CFilterChain.php(133): InvoiceController->runAction()
#6 /home/pmahendro/public_html/djajalistrik/protected/modules/transaction/controllers/InvoiceController.php(29): CFilterChain->run()
#7 /home/pmahendro/public_html/yii/framework/web/filters/CInlineFilter.php(58): InvoiceController->filterAccess()
#8 /home/pmahendro/public_html/yii/framework/web/filters/CFilterChain.php(130): CInlineFilter->filter()
#9 /home/pmahendro/public_html/yii/framework/web/CController.php(291): CFilterChain->run()
#10 /home/pmahendro/public_html/yii/framework/web/CController.php(265): InvoiceController->runActionWithFilters()
#11 /home/pmahendro/public_html/yii/framework/web/CWebApplication.php(282): InvoiceController->run()
#12 /home/pmahendro/public_html/yii/framework/web/CWebApplication.php(141): CWebApplication->runController()
#13 /home/pmahendro/public_html/yii/framework/base/CApplication.php(180): CWebApplication->processRequest()
#14 /home/pmahendro/public_html/djajalistrik/index.php(13): CWebApplication->run()
REQUEST_URI=/~pmahendro/djajalistrik/index.php?r=transaction/invoice/create&orderHeaderId=43478
in /home/pmahendro/public_html/djajalistrik/protected/modules/transaction/components/InvoiceTransaction.php (176)
in /home/pmahendro/public_html/djajalistrik/protected/modules/transaction/components/InvoiceTransaction.php (85)
in /home/pmahendro/public_html/djajalistrik/protected/modules/transaction/controllers/InvoiceController.php (122)
2025/10/28 15:39:50 [error] [php] A non well formed numeric value encountered (/home/pmahendro/public_html/djajalistrik/protected/modules/transaction/components/InvoiceTransaction.php:176)
Stack trace:
#0 /home/pmahendro/public_html/djajalistrik/protected/modules/transaction/controllers/InvoiceController.php(122): InvoiceTransaction->save()
#1 unknown(0): InvoiceController->actionCreate()
#2 /home/pmahendro/public_html/yii/framework/web/actions/CAction.php(108): ReflectionMethod->invokeArgs()
#3 /home/pmahendro/public_html/yii/framework/web/actions/CInlineAction.php(47): CInlineAction->runWithParamsInternal()
#4 /home/pmahendro/public_html/yii/framework/web/CController.php(308): CInlineAction->runWithParams()
#5 /home/pmahendro/public_html/yii/framework/web/filters/CFilterChain.php(133): InvoiceController->runAction()
#6 /home/pmahendro/public_html/djajalistrik/protected/modules/transaction/controllers/InvoiceController.php(29): CFilterChain->run()
#7 /home/pmahendro/public_html/yii/framework/web/filters/CInlineFilter.php(58): InvoiceController->filterAccess()
#8 /home/pmahendro/public_html/yii/framework/web/filters/CFilterChain.php(130): CInlineFilter->filter()
#9 /home/pmahendro/public_html/yii/framework/web/CController.php(291): CFilterChain->run()
#10 /home/pmahendro/public_html/yii/framework/web/CController.php(265): InvoiceController->runActionWithFilters()
#11 /home/pmahendro/public_html/yii/framework/web/CWebApplication.php(282): InvoiceController->run()
#12 /home/pmahendro/public_html/yii/framework/web/CWebApplication.php(141): CWebApplication->runController()
#13 /home/pmahendro/public_html/yii/framework/base/CApplication.php(180): CWebApplication->processRequest()
#14 /home/pmahendro/public_html/djajalistrik/index.php(13): CWebApplication->run()
REQUEST_URI=/~pmahendro/djajalistrik/index.php?r=transaction/invoice/create&orderHeaderId=43478
in /home/pmahendro/public_html/djajalistrik/protected/modules/transaction/components/InvoiceTransaction.php (176)
in /home/pmahendro/public_html/djajalistrik/protected/modules/transaction/components/InvoiceTransaction.php (85)
in /home/pmahendro/public_html/djajalistrik/protected/modules/transaction/controllers/InvoiceController.php (122)
2025/10/28 15:40:22 [error] [exception.CHttpException.400] exception 'CHttpException' with message 'Your request is invalid.' in /home/pmahendro/public_html/yii/framework/web/CController.php:336
Stack trace:
#0 /home/pmahendro/public_html/yii/framework/web/CController.php(309): CController->invalidActionParams(Object(CInlineAction))
#1 /home/pmahendro/public_html/yii/framework/web/filters/CFilterChain.php(133): CController->runAction(Object(CInlineAction))
#2 /home/pmahendro/public_html/djajalistrik/protected/modules/transaction/controllers/InvoiceController.php(29): CFilterChain->run()
#3 /home/pmahendro/public_html/yii/framework/web/filters/CInlineFilter.php(58): InvoiceController->filterAccess(Object(CFilterChain))
#4 /home/pmahendro/public_html/yii/framework/web/filters/CFilterChain.php(130): CInlineFilter->filter(Object(CFilterChain))
#5 /home/pmahendro/public_html/yii/framework/web/CController.php(291): CFilterChain->run()
#6 /home/pmahendro/public_html/yii/framework/web/CController.php(265): CController->runActionWithFilters(Object(CInlineAction), Array)
#7 /home/pmahendro/public_html/yii/framework/web/CWebApplication.php(282): CController->run('ajaxHtmlUpdateT...')
#8 /home/pmahendro/public_html/yii/framework/web/CWebApplication.php(141): CWebApplication->runController('transaction/inv...')
#9 /home/pmahendro/public_html/yii/framework/base/CApplication.php(180): CWebApplication->processRequest()
#10 /home/pmahendro/public_html/djajalistrik/index.php(13): CApplication->run()
#11 {main}
REQUEST_URI=/~pmahendro/djajalistrik/index.php?r=transaction/invoice/ajaxHtmlUpdateTotals&id=
HTTP_REFERER=http://localhost/~pmahendro/djajalistrik/index.php?r=transaction/invoice/create&orderHeaderId=43478
---
2025/10/28 15:40:37 [error] [php] A non well formed numeric value encountered (/home/pmahendro/public_html/djajalistrik/protected/modules/transaction/components/InvoiceTransaction.php:176)
Stack trace:
#0 /home/pmahendro/public_html/djajalistrik/protected/modules/transaction/controllers/InvoiceController.php(122): InvoiceTransaction->save()
#1 unknown(0): InvoiceController->actionCreate()
#2 /home/pmahendro/public_html/yii/framework/web/actions/CAction.php(108): ReflectionMethod->invokeArgs()
#3 /home/pmahendro/public_html/yii/framework/web/actions/CInlineAction.php(47): CInlineAction->runWithParamsInternal()
#4 /home/pmahendro/public_html/yii/framework/web/CController.php(308): CInlineAction->runWithParams()
#5 /home/pmahendro/public_html/yii/framework/web/filters/CFilterChain.php(133): InvoiceController->runAction()
#6 /home/pmahendro/public_html/djajalistrik/protected/modules/transaction/controllers/InvoiceController.php(29): CFilterChain->run()
#7 /home/pmahendro/public_html/yii/framework/web/filters/CInlineFilter.php(58): InvoiceController->filterAccess()
#8 /home/pmahendro/public_html/yii/framework/web/filters/CFilterChain.php(130): CInlineFilter->filter()
#9 /home/pmahendro/public_html/yii/framework/web/CController.php(291): CFilterChain->run()
#10 /home/pmahendro/public_html/yii/framework/web/CController.php(265): InvoiceController->runActionWithFilters()
#11 /home/pmahendro/public_html/yii/framework/web/CWebApplication.php(282): InvoiceController->run()
#12 /home/pmahendro/public_html/yii/framework/web/CWebApplication.php(141): CWebApplication->runController()
#13 /home/pmahendro/public_html/yii/framework/base/CApplication.php(180): CWebApplication->processRequest()
#14 /home/pmahendro/public_html/djajalistrik/index.php(13): CWebApplication->run()
REQUEST_URI=/~pmahendro/djajalistrik/index.php?r=transaction/invoice/create&orderHeaderId=43478
in /home/pmahendro/public_html/djajalistrik/protected/modules/transaction/components/InvoiceTransaction.php (176)
in /home/pmahendro/public_html/djajalistrik/protected/modules/transaction/components/InvoiceTransaction.php (85)
in /home/pmahendro/public_html/djajalistrik/protected/modules/transaction/controllers/InvoiceController.php (122)
2025/10/28 15:42:53 [error] [php] A non well formed numeric value encountered (/home/pmahendro/public_html/djajalistrik/protected/modules/transaction/components/InvoiceTransaction.php:171)
Stack trace:
#0 /home/pmahendro/public_html/djajalistrik/protected/modules/transaction/controllers/InvoiceController.php(122): InvoiceTransaction->save()
#1 unknown(0): InvoiceController->actionCreate()
#2 /home/pmahendro/public_html/yii/framework/web/actions/CAction.php(108): ReflectionMethod->invokeArgs()
#3 /home/pmahendro/public_html/yii/framework/web/actions/CInlineAction.php(47): CInlineAction->runWithParamsInternal()
#4 /home/pmahendro/public_html/yii/framework/web/CController.php(308): CInlineAction->runWithParams()
#5 /home/pmahendro/public_html/yii/framework/web/filters/CFilterChain.php(133): InvoiceController->runAction()
#6 /home/pmahendro/public_html/djajalistrik/protected/modules/transaction/controllers/InvoiceController.php(29): CFilterChain->run()
#7 /home/pmahendro/public_html/yii/framework/web/filters/CInlineFilter.php(58): InvoiceController->filterAccess()
#8 /home/pmahendro/public_html/yii/framework/web/filters/CFilterChain.php(130): CInlineFilter->filter()
#9 /home/pmahendro/public_html/yii/framework/web/CController.php(291): CFilterChain->run()
#10 /home/pmahendro/public_html/yii/framework/web/CController.php(265): InvoiceController->runActionWithFilters()
#11 /home/pmahendro/public_html/yii/framework/web/CWebApplication.php(282): InvoiceController->run()
#12 /home/pmahendro/public_html/yii/framework/web/CWebApplication.php(141): CWebApplication->runController()
#13 /home/pmahendro/public_html/yii/framework/base/CApplication.php(180): CWebApplication->processRequest()
#14 /home/pmahendro/public_html/djajalistrik/index.php(13): CWebApplication->run()
REQUEST_URI=/~pmahendro/djajalistrik/index.php?r=transaction/invoice/create&orderHeaderId=43478
in /home/pmahendro/public_html/djajalistrik/protected/modules/transaction/components/InvoiceTransaction.php (171)
in /home/pmahendro/public_html/djajalistrik/protected/modules/transaction/components/InvoiceTransaction.php (85)
in /home/pmahendro/public_html/djajalistrik/protected/modules/transaction/controllers/InvoiceController.php (122)
2025/10/28 15:43:32 [error] [php] A non well formed numeric value encountered (/home/pmahendro/public_html/djajalistrik/protected/modules/transaction/components/InvoiceTransaction.php:171)
Stack trace:
#0 /home/pmahendro/public_html/djajalistrik/protected/modules/transaction/controllers/InvoiceController.php(122): InvoiceTransaction->save()
#1 unknown(0): InvoiceController->actionCreate()
#2 /home/pmahendro/public_html/yii/framework/web/actions/CAction.php(108): ReflectionMethod->invokeArgs()
#3 /home/pmahendro/public_html/yii/framework/web/actions/CInlineAction.php(47): CInlineAction->runWithParamsInternal()
#4 /home/pmahendro/public_html/yii/framework/web/CController.php(308): CInlineAction->runWithParams()
#5 /home/pmahendro/public_html/yii/framework/web/filters/CFilterChain.php(133): InvoiceController->runAction()
#6 /home/pmahendro/public_html/djajalistrik/protected/modules/transaction/controllers/InvoiceController.php(29): CFilterChain->run()
#7 /home/pmahendro/public_html/yii/framework/web/filters/CInlineFilter.php(58): InvoiceController->filterAccess()
#8 /home/pmahendro/public_html/yii/framework/web/filters/CFilterChain.php(130): CInlineFilter->filter()
#9 /home/pmahendro/public_html/yii/framework/web/CController.php(291): CFilterChain->run()
#10 /home/pmahendro/public_html/yii/framework/web/CController.php(265): InvoiceController->runActionWithFilters()
#11 /home/pmahendro/public_html/yii/framework/web/CWebApplication.php(282): InvoiceController->run()
#12 /home/pmahendro/public_html/yii/framework/web/CWebApplication.php(141): CWebApplication->runController()
#13 /home/pmahendro/public_html/yii/framework/base/CApplication.php(180): CWebApplication->processRequest()
#14 /home/pmahendro/public_html/djajalistrik/index.php(13): CWebApplication->run()
REQUEST_URI=/~pmahendro/djajalistrik/index.php?r=transaction/invoice/create&orderHeaderId=43478
in /home/pmahendro/public_html/djajalistrik/protected/modules/transaction/components/InvoiceTransaction.php (171)
in /home/pmahendro/public_html/djajalistrik/protected/modules/transaction/components/InvoiceTransaction.php (85)
in /home/pmahendro/public_html/djajalistrik/protected/modules/transaction/controllers/InvoiceController.php (122)
2025/10/28 15:44:37 [error] [system.db.CDbCommand] CDbCommand::execute() failed: SQLSTATE[22007]: Invalid datetime format: 1292 Incorrect date value: '1763226000' for column 'due_date' at row 1. The SQL statement executed was: INSERT INTO `tbldl_invoice_header` (`grand_total`, `total_payment`, `is_inactive`, `is_tax`, `is_include`, `deposit`, `shipping_fee`, `tax_percentage`, `is_approved`, `payment_term`, `order_header_id`, `customer_id`, `branch_id`, `admin_id`, `tax_number`, `date`, `customer_order_date`, `note`, `number`, `due_date`) VALUES (:yp0, :yp1, :yp2, :yp3, :yp4, :yp5, :yp6, :yp7, :yp8, :yp9, :yp10, :yp11, :yp12, :yp13, :yp14, :yp15, :yp16, :yp17, :yp18, :yp19).
in /home/pmahendro/public_html/djajalistrik/protected/modules/transaction/components/InvoiceTransaction.php (177)
in /home/pmahendro/public_html/djajalistrik/protected/modules/transaction/components/InvoiceTransaction.php (85)
in /home/pmahendro/public_html/djajalistrik/protected/modules/transaction/controllers/InvoiceController.php (122)
2025/10/28 16:12:47 [error] [php] Undefined variable: dataProvider (/home/pmahendro/public_html/djajalistrik/protected/modules/report/views/invoiceOutstanding/report.php:10)
Stack trace:
#0 /home/pmahendro/public_html/yii/framework/web/CController.php(869): InvoiceOutstandingController->renderFile()
#1 /home/pmahendro/public_html/yii/framework/web/CController.php(782): InvoiceOutstandingController->renderPartial()
#2 /home/pmahendro/public_html/djajalistrik/protected/modules/report/controllers/InvoiceOutstandingController.php(40): InvoiceOutstandingController->render()
#3 /home/pmahendro/public_html/yii/framework/web/actions/CInlineAction.php(49): InvoiceOutstandingController->actionReport()
#4 /home/pmahendro/public_html/yii/framework/web/CController.php(308): CInlineAction->runWithParams()
#5 /home/pmahendro/public_html/yii/framework/web/filters/CFilterChain.php(133): InvoiceOutstandingController->runAction()
#6 /home/pmahendro/public_html/djajalistrik/protected/modules/report/controllers/InvoiceOutstandingController.php(17): CFilterChain->run()
#7 /home/pmahendro/public_html/yii/framework/web/filters/CInlineFilter.php(58): InvoiceOutstandingController->filterAccess()
#8 /home/pmahendro/public_html/yii/framework/web/filters/CFilterChain.php(130): CInlineFilter->filter()
#9 /home/pmahendro/public_html/yii/framework/web/CController.php(291): CFilterChain->run()
#10 /home/pmahendro/public_html/yii/framework/web/CController.php(265): InvoiceOutstandingController->runActionWithFilters()
#11 /home/pmahendro/public_html/yii/framework/web/CWebApplication.php(282): InvoiceOutstandingController->run()
#12 /home/pmahendro/public_html/yii/framework/web/CWebApplication.php(141): CWebApplication->runController()
#13 /home/pmahendro/public_html/yii/framework/base/CApplication.php(180): CWebApplication->processRequest()
#14 /home/pmahendro/public_html/djajalistrik/index.php(13): CWebApplication->run()
REQUEST_URI=/~pmahendro/djajalistrik/index.php?r=report/invoiceOutstanding/report&page=2
in /home/pmahendro/public_html/djajalistrik/protected/modules/report/views/invoiceOutstanding/report.php (10)
in /home/pmahendro/public_html/djajalistrik/protected/modules/report/controllers/InvoiceOutstandingController.php (40)
in /home/pmahendro/public_html/djajalistrik/protected/modules/report/controllers/InvoiceOutstandingController.php (17)
2025/10/28 16:13:16 [error] [php] Undefined variable: dataProvider (/home/pmahendro/public_html/djajalistrik/protected/modules/report/views/invoiceOutstanding/report.php:69)
Stack trace:
#0 /home/pmahendro/public_html/yii/framework/web/CController.php(869): InvoiceOutstandingController->renderFile()
#1 /home/pmahendro/public_html/yii/framework/web/CController.php(782): InvoiceOutstandingController->renderPartial()
#2 /home/pmahendro/public_html/djajalistrik/protected/modules/report/controllers/InvoiceOutstandingController.php(40): InvoiceOutstandingController->render()
#3 /home/pmahendro/public_html/yii/framework/web/actions/CInlineAction.php(49): InvoiceOutstandingController->actionReport()
#4 /home/pmahendro/public_html/yii/framework/web/CController.php(308): CInlineAction->runWithParams()
#5 /home/pmahendro/public_html/yii/framework/web/filters/CFilterChain.php(133): InvoiceOutstandingController->runAction()
#6 /home/pmahendro/public_html/djajalistrik/protected/modules/report/controllers/InvoiceOutstandingController.php(17): CFilterChain->run()
#7 /home/pmahendro/public_html/yii/framework/web/filters/CInlineFilter.php(58): InvoiceOutstandingController->filterAccess()
#8 /home/pmahendro/public_html/yii/framework/web/filters/CFilterChain.php(130): CInlineFilter->filter()
#9 /home/pmahendro/public_html/yii/framework/web/CController.php(291): CFilterChain->run()
#10 /home/pmahendro/public_html/yii/framework/web/CController.php(265): InvoiceOutstandingController->runActionWithFilters()
#11 /home/pmahendro/public_html/yii/framework/web/CWebApplication.php(282): InvoiceOutstandingController->run()
#12 /home/pmahendro/public_html/yii/framework/web/CWebApplication.php(141): CWebApplication->runController()
#13 /home/pmahendro/public_html/yii/framework/base/CApplication.php(180): CWebApplication->processRequest()
#14 /home/pmahendro/public_html/djajalistrik/index.php(13): CWebApplication->run()
REQUEST_URI=/~pmahendro/djajalistrik/index.php?r=report/invoiceOutstanding/report&page=2
in /home/pmahendro/public_html/djajalistrik/protected/modules/report/views/invoiceOutstanding/report.php (69)
in /home/pmahendro/public_html/djajalistrik/protected/modules/report/controllers/InvoiceOutstandingController.php (40)
in /home/pmahendro/public_html/djajalistrik/protected/modules/report/controllers/InvoiceOutstandingController.php (17)
2025/10/28 16:14:07 [error] [exception.CException] exception 'CException' with message 'Property "InvoiceOutstandingReport.data" is not defined.' in /home/pmahendro/public_html/yii/framework/base/CComponent.php:130
Stack trace:
#0 /home/pmahendro/public_html/djajalistrik/protected/modules/report/controllers/InvoiceOutstandingController.php(86): CComponent->__get('data')
#1 /home/pmahendro/public_html/djajalistrik/protected/modules/report/controllers/InvoiceOutstandingController.php(33): InvoiceOutstandingController->saveToExcel(Object(InvoiceOutstandingReport))
#2 /home/pmahendro/public_html/yii/framework/web/actions/CInlineAction.php(49): InvoiceOutstandingController->actionReport()
#3 /home/pmahendro/public_html/yii/framework/web/CController.php(308): CInlineAction->runWithParams(Array)
#4 /home/pmahendro/public_html/yii/framework/web/filters/CFilterChain.php(133): CController->runAction(Object(CInlineAction))
#5 /home/pmahendro/public_html/djajalistrik/protected/modules/report/controllers/InvoiceOutstandingController.php(17): CFilterChain->run()
#6 /home/pmahendro/public_html/yii/framework/web/filters/CInlineFilter.php(58): InvoiceOutstandingController->filterAccess(Object(CFilterChain))
#7 /home/pmahendro/public_html/yii/framework/web/filters/CFilterChain.php(130): CInlineFilter->filter(Object(CFilterChain))
#8 /home/pmahendro/public_html/yii/framework/web/CController.php(291): CFilterChain->run()
#9 /home/pmahendro/public_html/yii/framework/web/CController.php(265): CController->runActionWithFilters(Object(CInlineAction), Array)
#10 /home/pmahendro/public_html/yii/framework/web/CWebApplication.php(282): CController->run('report')
#11 /home/pmahendro/public_html/yii/framework/web/CWebApplication.php(141): CWebApplication->runController('report/invoiceO...')
#12 /home/pmahendro/public_html/yii/framework/base/CApplication.php(180): CWebApplication->processRequest()
#13 /home/pmahendro/public_html/djajalistrik/index.php(13): CApplication->run()
#14 {main}
REQUEST_URI=/~pmahendro/djajalistrik/index.php?r=report%2FinvoiceOutstanding%2Freport&InvoiceHeader%5Bcustomer_id%5D=&InvoiceHeader%5Bbranch_id%5D=&EndDate=2025-10-28&sort=&SaveExcel=Save+to+Excel
HTTP_REFERER=http://localhost/~pmahendro/djajalistrik/index.php?r=report/invoiceOutstanding/report&page=3&InvoiceHeader_page=2
---
2025/10/28 16:38:02 [warning] [application] Failed to set unsafe attribute "file" of "Branch".
in /home/pmahendro/public_html/djajalistrik/protected/modules/admin/controllers/BranchController.php (50)
in /home/pmahendro/public_html/djajalistrik/protected/modules/admin/controllers/BranchController.php (19)
in /home/pmahendro/public_html/djajalistrik/index.php (13)
2025/10/28 16:38:09 [error] [exception.CException] exception 'CException' with message 'Property "InvoiceTransaction.branch" is not defined.' in /home/pmahendro/public_html/yii/framework/base/CComponent.php:130
Stack trace:
#0 /home/pmahendro/public_html/djajalistrik/protected/modules/transaction/controllers/InvoiceController.php(81): CComponent->__get('branch')
#1 [internal function]: InvoiceController->actionCreate('40604')
#2 /home/pmahendro/public_html/yii/framework/web/actions/CAction.php(108): ReflectionMethod->invokeArgs(Object(InvoiceController), Array)
#3 /home/pmahendro/public_html/yii/framework/web/actions/CInlineAction.php(47): CAction->runWithParamsInternal(Object(InvoiceController), Object(ReflectionMethod), Array)
#4 /home/pmahendro/public_html/yii/framework/web/CController.php(308): CInlineAction->runWithParams(Array)
#5 /home/pmahendro/public_html/yii/framework/web/filters/CFilterChain.php(133): CController->runAction(Object(CInlineAction))
#6 /home/pmahendro/public_html/djajalistrik/protected/modules/transaction/controllers/InvoiceController.php(29): CFilterChain->run()
#7 /home/pmahendro/public_html/yii/framework/web/filters/CInlineFilter.php(58): InvoiceController->filterAccess(Object(CFilterChain))
#8 /home/pmahendro/public_html/yii/framework/web/filters/CFilterChain.php(130): CInlineFilter->filter(Object(CFilterChain))
#9 /home/pmahendro/public_html/yii/framework/web/CController.php(291): CFilterChain->run()
#10 /home/pmahendro/public_html/yii/framework/web/CController.php(265): CController->runActionWithFilters(Object(CInlineAction), Array)
#11 /home/pmahendro/public_html/yii/framework/web/CWebApplication.php(282): CController->run('create')
#12 /home/pmahendro/public_html/yii/framework/web/CWebApplication.php(141): CWebApplication->runController('transaction/inv...')
#13 /home/pmahendro/public_html/yii/framework/base/CApplication.php(180): CWebApplication->processRequest()
#14 /home/pmahendro/public_html/djajalistrik/index.php(13): CApplication->run()
#15 {main}
REQUEST_URI=/~pmahendro/djajalistrik/index.php?r=transaction/invoice/create&orderHeaderId=40604
HTTP_REFERER=http://localhost/~pmahendro/djajalistrik/index.php?r=transaction/invoice/orderList
---
2025/10/28 16:38:43 [error] [exception.CException] exception 'CException' with message 'Property "InvoiceTransaction.branch" is not defined.' in /home/pmahendro/public_html/yii/framework/base/CComponent.php:130
Stack trace:
#0 /home/pmahendro/public_html/djajalistrik/protected/modules/transaction/controllers/InvoiceController.php(81): CComponent->__get('branch')
#1 [internal function]: InvoiceController->actionCreate('40604')
#2 /home/pmahendro/public_html/yii/framework/web/actions/CAction.php(108): ReflectionMethod->invokeArgs(Object(InvoiceController), Array)
#3 /home/pmahendro/public_html/yii/framework/web/actions/CInlineAction.php(47): CAction->runWithParamsInternal(Object(InvoiceController), Object(ReflectionMethod), Array)
#4 /home/pmahendro/public_html/yii/framework/web/CController.php(308): CInlineAction->runWithParams(Array)
#5 /home/pmahendro/public_html/yii/framework/web/filters/CFilterChain.php(133): CController->runAction(Object(CInlineAction))
#6 /home/pmahendro/public_html/djajalistrik/protected/modules/transaction/controllers/InvoiceController.php(29): CFilterChain->run()
#7 /home/pmahendro/public_html/yii/framework/web/filters/CInlineFilter.php(58): InvoiceController->filterAccess(Object(CFilterChain))
#8 /home/pmahendro/public_html/yii/framework/web/filters/CFilterChain.php(130): CInlineFilter->filter(Object(CFilterChain))
#9 /home/pmahendro/public_html/yii/framework/web/CController.php(291): CFilterChain->run()
#10 /home/pmahendro/public_html/yii/framework/web/CController.php(265): CController->runActionWithFilters(Object(CInlineAction), Array)
#11 /home/pmahendro/public_html/yii/framework/web/CWebApplication.php(282): CController->run('create')
#12 /home/pmahendro/public_html/yii/framework/web/CWebApplication.php(141): CWebApplication->runController('transaction/inv...')
#13 /home/pmahendro/public_html/yii/framework/base/CApplication.php(180): CWebApplication->processRequest()
#14 /home/pmahendro/public_html/djajalistrik/index.php(13): CApplication->run()
#15 {main}
REQUEST_URI=/~pmahendro/djajalistrik/index.php?r=transaction/invoice/create&orderHeaderId=40604
HTTP_REFERER=http://localhost/~pmahendro/djajalistrik/index.php?r=transaction/invoice/orderList
---
2025/10/28 16:38:46 [error] [exception.CException] exception 'CException' with message 'Property "InvoiceTransaction.branch" is not defined.' in /home/pmahendro/public_html/yii/framework/base/CComponent.php:130
Stack trace:
#0 /home/pmahendro/public_html/djajalistrik/protected/modules/transaction/controllers/InvoiceController.php(81): CComponent->__get('branch')
#1 [internal function]: InvoiceController->actionCreate('40604')
#2 /home/pmahendro/public_html/yii/framework/web/actions/CAction.php(108): ReflectionMethod->invokeArgs(Object(InvoiceController), Array)
#3 /home/pmahendro/public_html/yii/framework/web/actions/CInlineAction.php(47): CAction->runWithParamsInternal(Object(InvoiceController), Object(ReflectionMethod), Array)
#4 /home/pmahendro/public_html/yii/framework/web/CController.php(308): CInlineAction->runWithParams(Array)
#5 /home/pmahendro/public_html/yii/framework/web/filters/CFilterChain.php(133): CController->runAction(Object(CInlineAction))
#6 /home/pmahendro/public_html/djajalistrik/protected/modules/transaction/controllers/InvoiceController.php(29): CFilterChain->run()
#7 /home/pmahendro/public_html/yii/framework/web/filters/CInlineFilter.php(58): InvoiceController->filterAccess(Object(CFilterChain))
#8 /home/pmahendro/public_html/yii/framework/web/filters/CFilterChain.php(130): CInlineFilter->filter(Object(CFilterChain))
#9 /home/pmahendro/public_html/yii/framework/web/CController.php(291): CFilterChain->run()
#10 /home/pmahendro/public_html/yii/framework/web/CController.php(265): CController->runActionWithFilters(Object(CInlineAction), Array)
#11 /home/pmahendro/public_html/yii/framework/web/CWebApplication.php(282): CController->run('create')
#12 /home/pmahendro/public_html/yii/framework/web/CWebApplication.php(141): CWebApplication->runController('transaction/inv...')
#13 /home/pmahendro/public_html/yii/framework/base/CApplication.php(180): CWebApplication->processRequest()
#14 /home/pmahendro/public_html/djajalistrik/index.php(13): CApplication->run()
#15 {main}
REQUEST_URI=/~pmahendro/djajalistrik/index.php?r=transaction/invoice/create&orderHeaderId=40604
---
2025/10/29 10:47:30 [error] [php] Trying to get property of non-object (/home/pmahendro/public_html/djajalistrik/protected/modules/transaction/controllers/SaleReceiptController.php:51)
Stack trace:
#0 /home/pmahendro/public_html/yii/framework/web/actions/CInlineAction.php(47): CInlineAction->runWithParamsInternal()
#1 /home/pmahendro/public_html/yii/framework/web/CController.php(308): CInlineAction->runWithParams()
#2 /home/pmahendro/public_html/yii/framework/web/filters/CFilterChain.php(133): SaleReceiptController->runAction()
#3 /home/pmahendro/public_html/djajalistrik/protected/modules/transaction/controllers/SaleReceiptController.php(25): CFilterChain->run()
#4 /home/pmahendro/public_html/yii/framework/web/filters/CInlineFilter.php(58): SaleReceiptController->filterAccess()
#5 /home/pmahendro/public_html/yii/framework/web/filters/CFilterChain.php(130): CInlineFilter->filter()
#6 /home/pmahendro/public_html/yii/framework/web/CController.php(291): CFilterChain->run()
#7 /home/pmahendro/public_html/yii/framework/web/CController.php(265): SaleReceiptController->runActionWithFilters()
#8 /home/pmahendro/public_html/yii/framework/web/CWebApplication.php(282): SaleReceiptController->run()
#9 /home/pmahendro/public_html/yii/framework/web/CWebApplication.php(141): CWebApplication->runController()
#10 /home/pmahendro/public_html/yii/framework/base/CApplication.php(180): CWebApplication->processRequest()
#11 /home/pmahendro/public_html/djajalistrik/index.php(13): CWebApplication->run()
REQUEST_URI=/~pmahendro/djajalistrik/index.php?r=transaction/saleReceipt/create&customerId=1829
in /home/pmahendro/public_html/djajalistrik/protected/modules/transaction/controllers/SaleReceiptController.php (51)
in /home/pmahendro/public_html/djajalistrik/protected/modules/transaction/controllers/SaleReceiptController.php (25)
in /home/pmahendro/public_html/djajalistrik/index.php (13)
2025/10/29 10:50:34 [warning] [application] Failed to set unsafe attribute "file" of "Branch".
in /home/pmahendro/public_html/djajalistrik/protected/modules/admin/controllers/BranchController.php (50)
in /home/pmahendro/public_html/djajalistrik/protected/modules/admin/controllers/BranchController.php (19)
in /home/pmahendro/public_html/djajalistrik/index.php (13)
2025/11/04 10:55:39 [error] [exception.CHttpException.404] exception 'CHttpException' with message 'The system is unable to find the requested action "report".' in /home/pmahendro/public_html/yii/framework/web/CController.php:483
Stack trace:
#0 /home/pmahendro/public_html/yii/framework/web/CController.php(270): CController->missingAction('report')
#1 /home/pmahendro/public_html/yii/framework/web/CWebApplication.php(282): CController->run('report')
#2 /home/pmahendro/public_html/yii/framework/web/CWebApplication.php(141): CWebApplication->runController('report/monthlyS...')
#3 /home/pmahendro/public_html/yii/framework/base/CApplication.php(180): CWebApplication->processRequest()
#4 /home/pmahendro/public_html/djajalistrik/index.php(13): CApplication->run()
#5 {main}
REQUEST_URI=/~pmahendro/djajalistrik/index.php?r=report/monthlySalesmanSaleTransaction/report
---
2025/11/04 11:00:28 [error] [php] Undefined index: customer_quantity (/home/pmahendro/public_html/djajalistrik/protected/modules/report/views/monthlySalesmanSaleTransaction/_summary.php:58)
Stack trace:
#0 /home/pmahendro/public_html/yii/framework/web/CController.php(869): MonthlySalesmanSaleTransactionController->renderFile()
#1 /home/pmahendro/public_html/djajalistrik/protected/modules/report/views/monthlySalesmanSaleTransaction/summary.php(66): MonthlySalesmanSaleTransactionController->renderPartial()
#2 /home/pmahendro/public_html/yii/framework/web/CBaseController.php(126): require()
#3 /home/pmahendro/public_html/yii/framework/web/CBaseController.php(95): MonthlySalesmanSaleTransactionController->renderInternal()
#4 /home/pmahendro/public_html/yii/framework/web/CController.php(869): MonthlySalesmanSaleTransactionController->renderFile()
#5 /home/pmahendro/public_html/yii/framework/web/CController.php(782): MonthlySalesmanSaleTransactionController->renderPartial()
#6 /home/pmahendro/public_html/djajalistrik/protected/modules/report/controllers/MonthlySalesmanSaleTransactionController.php(51): MonthlySalesmanSaleTransactionController->render()
#7 /home/pmahendro/public_html/yii/framework/web/actions/CInlineAction.php(49): MonthlySalesmanSaleTransactionController->actionSummary()
#8 /home/pmahendro/public_html/yii/framework/web/CController.php(308): CInlineAction->runWithParams()
#9 /home/pmahendro/public_html/yii/framework/web/CController.php(286): MonthlySalesmanSaleTransactionController->runAction()
#10 /home/pmahendro/public_html/yii/framework/web/CController.php(265): MonthlySalesmanSaleTransactionController->runActionWithFilters()
#11 /home/pmahendro/public_html/yii/framework/web/CWebApplication.php(282): MonthlySalesmanSaleTransactionController->run()
#12 /home/pmahendro/public_html/yii/framework/web/CWebApplication.php(141): CWebApplication->runController()
#13 /home/pmahendro/public_html/yii/framework/base/CApplication.php(180): CWebApplication->processRequest()
#14 /home/pmahendro/public_html/djajalistrik/index.php(13): CWebApplication->run()
REQUEST_URI=/~pmahendro/djajalistrik/index.php?r=report%2FmonthlySalesmanSaleTransaction%2Fsummary&Month=01&Year=2025&yt0=Tampilkan
in /home/pmahendro/public_html/djajalistrik/protected/modules/report/views/monthlySalesmanSaleTransaction/_summary.php (58)
in /home/pmahendro/public_html/djajalistrik/protected/modules/report/views/monthlySalesmanSaleTransaction/summary.php (66)
in /home/pmahendro/public_html/djajalistrik/protected/modules/report/controllers/MonthlySalesmanSaleTransactionController.php (51)
2025/11/04 11:09:05 [error] [php] Trying to get property of non-object (/home/pmahendro/public_html/djajalistrik/protected/modules/report/views/monthlySalesmanSaleTransaction/summary.php:9)
Stack trace:
#0 /home/pmahendro/public_html/yii/framework/web/CController.php(869): MonthlySalesmanSaleTransactionController->renderFile()
#1 /home/pmahendro/public_html/yii/framework/web/CController.php(782): MonthlySalesmanSaleTransactionController->renderPartial()
#2 /home/pmahendro/public_html/djajalistrik/protected/modules/report/controllers/MonthlySalesmanSaleTransactionController.php(51): MonthlySalesmanSaleTransactionController->render()
#3 /home/pmahendro/public_html/yii/framework/web/actions/CInlineAction.php(49): MonthlySalesmanSaleTransactionController->actionSummary()
#4 /home/pmahendro/public_html/yii/framework/web/CController.php(308): CInlineAction->runWithParams()
#5 /home/pmahendro/public_html/yii/framework/web/CController.php(286): MonthlySalesmanSaleTransactionController->runAction()
#6 /home/pmahendro/public_html/yii/framework/web/CController.php(265): MonthlySalesmanSaleTransactionController->runActionWithFilters()
#7 /home/pmahendro/public_html/yii/framework/web/CWebApplication.php(282): MonthlySalesmanSaleTransactionController->run()
#8 /home/pmahendro/public_html/yii/framework/web/CWebApplication.php(141): CWebApplication->runController()
#9 /home/pmahendro/public_html/yii/framework/base/CApplication.php(180): CWebApplication->processRequest()
#10 /home/pmahendro/public_html/djajalistrik/index.php(13): CWebApplication->run()
REQUEST_URI=/~pmahendro/djajalistrik/index.php?r=report%2FmonthlySalesmanSaleTransaction%2Fsummary&Month=01&Year=2025&yt0=Tampilkan
in /home/pmahendro/public_html/djajalistrik/protected/modules/report/views/monthlySalesmanSaleTransaction/summary.php (9)
in /home/pmahendro/public_html/djajalistrik/protected/modules/report/controllers/MonthlySalesmanSaleTransactionController.php (51)
in /home/pmahendro/public_html/djajalistrik/index.php (13)
2025/11/04 11:09:20 [error] [php] Trying to get property of non-object (/home/pmahendro/public_html/djajalistrik/protected/modules/report/views/monthlySalesmanSaleTransaction/summary.php:9)
Stack trace:
#0 /home/pmahendro/public_html/yii/framework/web/CController.php(869): MonthlySalesmanSaleTransactionController->renderFile()
#1 /home/pmahendro/public_html/yii/framework/web/CController.php(782): MonthlySalesmanSaleTransactionController->renderPartial()
#2 /home/pmahendro/public_html/djajalistrik/protected/modules/report/controllers/MonthlySalesmanSaleTransactionController.php(51): MonthlySalesmanSaleTransactionController->render()
#3 /home/pmahendro/public_html/yii/framework/web/actions/CInlineAction.php(49): MonthlySalesmanSaleTransactionController->actionSummary()
#4 /home/pmahendro/public_html/yii/framework/web/CController.php(308): CInlineAction->runWithParams()
#5 /home/pmahendro/public_html/yii/framework/web/CController.php(286): MonthlySalesmanSaleTransactionController->runAction()
#6 /home/pmahendro/public_html/yii/framework/web/CController.php(265): MonthlySalesmanSaleTransactionController->runActionWithFilters()
#7 /home/pmahendro/public_html/yii/framework/web/CWebApplication.php(282): MonthlySalesmanSaleTransactionController->run()
#8 /home/pmahendro/public_html/yii/framework/web/CWebApplication.php(141): CWebApplication->runController()
#9 /home/pmahendro/public_html/yii/framework/base/CApplication.php(180): CWebApplication->processRequest()
#10 /home/pmahendro/public_html/djajalistrik/index.php(13): CWebApplication->run()
REQUEST_URI=/~pmahendro/djajalistrik/index.php?r=report%2FmonthlySalesmanSaleTransaction%2Fsummary&Month=01&Year=2025&yt0=Tampilkan
in /home/pmahendro/public_html/djajalistrik/protected/modules/report/views/monthlySalesmanSaleTransaction/summary.php (9)
in /home/pmahendro/public_html/djajalistrik/protected/modules/report/controllers/MonthlySalesmanSaleTransactionController.php (51)
in /home/pmahendro/public_html/djajalistrik/index.php (13)
2025/11/04 11:09:24 [error] [php] Trying to get property of non-object (/home/pmahendro/public_html/djajalistrik/protected/modules/report/views/monthlySalesmanSaleTransaction/summary.php:9)
Stack trace:
#0 /home/pmahendro/public_html/yii/framework/web/CController.php(869): MonthlySalesmanSaleTransactionController->renderFile()
#1 /home/pmahendro/public_html/yii/framework/web/CController.php(782): MonthlySalesmanSaleTransactionController->renderPartial()
#2 /home/pmahendro/public_html/djajalistrik/protected/modules/report/controllers/MonthlySalesmanSaleTransactionController.php(51): MonthlySalesmanSaleTransactionController->render()
#3 /home/pmahendro/public_html/yii/framework/web/actions/CInlineAction.php(49): MonthlySalesmanSaleTransactionController->actionSummary()
#4 /home/pmahendro/public_html/yii/framework/web/CController.php(308): CInlineAction->runWithParams()
#5 /home/pmahendro/public_html/yii/framework/web/CController.php(286): MonthlySalesmanSaleTransactionController->runAction()
#6 /home/pmahendro/public_html/yii/framework/web/CController.php(265): MonthlySalesmanSaleTransactionController->runActionWithFilters()
#7 /home/pmahendro/public_html/yii/framework/web/CWebApplication.php(282): MonthlySalesmanSaleTransactionController->run()
#8 /home/pmahendro/public_html/yii/framework/web/CWebApplication.php(141): CWebApplication->runController()
#9 /home/pmahendro/public_html/yii/framework/base/CApplication.php(180): CWebApplication->processRequest()
#10 /home/pmahendro/public_html/djajalistrik/index.php(13): CWebApplication->run()
REQUEST_URI=/~pmahendro/djajalistrik/index.php?r=report%2FmonthlySalesmanSaleTransaction%2Fsummary&Month=01&Year=2025&yt0=Tampilkan
in /home/pmahendro/public_html/djajalistrik/protected/modules/report/views/monthlySalesmanSaleTransaction/summary.php (9)
in /home/pmahendro/public_html/djajalistrik/protected/modules/report/controllers/MonthlySalesmanSaleTransactionController.php (51)
in /home/pmahendro/public_html/djajalistrik/index.php (13)
2025/11/04 11:24:41 [error] [exception.CHttpException.404] exception 'CHttpException' with message 'Unable to resolve the request "report/monthlyAdminSaleTransaction/summary".' in /home/pmahendro/public_html/yii/framework/web/CWebApplication.php:286
Stack trace:
#0 /home/pmahendro/public_html/yii/framework/web/CWebApplication.php(141): CWebApplication->runController('report/monthlyA...')
#1 /home/pmahendro/public_html/yii/framework/base/CApplication.php(180): CWebApplication->processRequest()
#2 /home/pmahendro/public_html/djajalistrik/index.php(13): CApplication->run()
#3 {main}
REQUEST_URI=/~pmahendro/djajalistrik/index.php?r=report%2FmonthlyAdminSaleTransaction%2Fsummary&Month=04&Year=2025&sort=&yt0=Show
---
2025/11/10 17:13:56 [error] [system.db.CDbCommand] CDbCommand::fetchAll() failed: SQLSTATE[42000]: Syntax error or access violation: 1055 Expression #4 of SELECT list is not in GROUP BY clause and contains nonaggregated column 'd.payment' which is not functionally dependent on columns in GROUP BY clause; this is incompatible with sql_mode=only_full_group_by. The SQL statement executed was: SELECT i.admin_id, MAX(a.name) AS employee_name, COUNT(i.id) AS payment_quantity, d.payment AS payment_total, 
                    COUNT(DISTINCT i.customer_id) AS customer_quantity
                FROM tbldl_sale_payment_header i
                INNER JOIN tbldl_admin a ON a.id = i.admin_id
                    INNER JOIN (
                    SELECT sale_payment_header_id, SUM(amount) as payment
                    FROM tbldl_sale_payment_detail 
                    WHERE is_inactive = 0
                    GROUP BY sale_payment_header_id
                ) d ON i.id = d.sale_payment_header_id
                WHERE YEAR(i.date) = :year AND MONTH(i.date) = :month AND i.admin_id IS NOT NULL AND i.is_inactive = 0
                GROUP BY i.admin_id
                ORDER BY MAX(a.name) ASC.
in /home/pmahendro/public_html/djajalistrik/protected/models/custom/SalePaymentHeader.php (58)
in /home/pmahendro/public_html/djajalistrik/protected/modules/report/controllers/MonthlyUserSaleTransactionController.php (33)
in /home/pmahendro/public_html/djajalistrik/index.php (13)
2025/11/10 17:13:56 [error] [exception.CDbException] exception 'CDbException' with message 'CDbCommand failed to execute the SQL statement: SQLSTATE[42000]: Syntax error or access violation: 1055 Expression #4 of SELECT list is not in GROUP BY clause and contains nonaggregated column 'd.payment' which is not functionally dependent on columns in GROUP BY clause; this is incompatible with sql_mode=only_full_group_by. The SQL statement executed was: SELECT i.admin_id, MAX(a.name) AS employee_name, COUNT(i.id) AS payment_quantity, d.payment AS payment_total, 
                    COUNT(DISTINCT i.customer_id) AS customer_quantity
                FROM tbldl_sale_payment_header i
                INNER JOIN tbldl_admin a ON a.id = i.admin_id
                    INNER JOIN (
                    SELECT sale_payment_header_id, SUM(amount) as payment
                    FROM tbldl_sale_payment_detail 
                    WHERE is_inactive = 0
                    GROUP BY sale_payment_header_id
                ) d ON i.id = d.sale_payment_header_id
                WHERE YEAR(i.date) = :year AND MONTH(i.date) = :month AND i.admin_id IS NOT NULL AND i.is_inactive = 0
                GROUP BY i.admin_id
                ORDER BY MAX(a.name) ASC' in /home/pmahendro/public_html/yii/framework/db/CDbCommand.php:543
Stack trace:
#0 /home/pmahendro/public_html/yii/framework/db/CDbCommand.php(396): CDbCommand->queryInternal('fetchAll', Array, Array)
#1 /home/pmahendro/public_html/djajalistrik/protected/models/custom/SalePaymentHeader.php(58): CDbCommand->queryAll(true, Array)
#2 /home/pmahendro/public_html/djajalistrik/protected/modules/report/controllers/MonthlyUserSaleTransactionController.php(33): SalePaymentHeader::getMonthlyUserSalePaymentReport('2025', '10')
#3 /home/pmahendro/public_html/yii/framework/web/actions/CInlineAction.php(49): MonthlyUserSaleTransactionController->actionSummary()
#4 /home/pmahendro/public_html/yii/framework/web/CController.php(308): CInlineAction->runWithParams(Array)
#5 /home/pmahendro/public_html/yii/framework/web/CController.php(286): CController->runAction(Object(CInlineAction))
#6 /home/pmahendro/public_html/yii/framework/web/CController.php(265): CController->runActionWithFilters(Object(CInlineAction), Array)
#7 /home/pmahendro/public_html/yii/framework/web/CWebApplication.php(282): CController->run('summary')
#8 /home/pmahendro/public_html/yii/framework/web/CWebApplication.php(141): CWebApplication->runController('report/monthlyU...')
#9 /home/pmahendro/public_html/yii/framework/base/CApplication.php(180): CWebApplication->processRequest()
#10 /home/pmahendro/public_html/djajalistrik/index.php(13): CApplication->run()
#11 {main}
REQUEST_URI=/~pmahendro/djajalistrik/index.php?r=report%2FmonthlyUserSaleTransaction%2Fsummary&Month=10&Year=2025&sort=&yt0=Show
HTTP_REFERER=http://localhost/~pmahendro/djajalistrik/index.php?r=report%2FmonthlyUserSaleTransaction%2Fsummary&Month=06&Year=2025&sort=&yt0=Show
---
2025/11/10 17:14:37 [error] [system.db.CDbCommand] CDbCommand::fetchAll() failed: SQLSTATE[42000]: Syntax error or access violation: 1055 Expression #4 of SELECT list is not in GROUP BY clause and contains nonaggregated column 'd.payment' which is not functionally dependent on columns in GROUP BY clause; this is incompatible with sql_mode=only_full_group_by. The SQL statement executed was: SELECT i.admin_id, MAX(a.name) AS employee_name, COUNT(i.id) AS payment_quantity, d.payment AS payment_total, 
                    COUNT(DISTINCT i.customer_id) AS customer_quantity
                FROM tbldl_sale_payment_header i
                INNER JOIN tbldl_admin a ON a.id = i.admin_id
                    INNER JOIN (
                    SELECT sale_payment_header_id, SUM(amount) AS payment
                    FROM tbldl_sale_payment_detail 
                    WHERE is_inactive = 0
                    GROUP BY sale_payment_header_id
                ) d ON i.id = d.sale_payment_header_id
                WHERE YEAR(i.date) = :year AND MONTH(i.date) = :month AND i.admin_id IS NOT NULL AND i.is_inactive = 0
                GROUP BY i.admin_id
                ORDER BY MAX(a.name) ASC.
in /home/pmahendro/public_html/djajalistrik/protected/models/custom/SalePaymentHeader.php (58)
in /home/pmahendro/public_html/djajalistrik/protected/modules/report/controllers/MonthlyUserSaleTransactionController.php (33)
in /home/pmahendro/public_html/djajalistrik/index.php (13)
2025/11/10 17:14:37 [error] [exception.CDbException] exception 'CDbException' with message 'CDbCommand failed to execute the SQL statement: SQLSTATE[42000]: Syntax error or access violation: 1055 Expression #4 of SELECT list is not in GROUP BY clause and contains nonaggregated column 'd.payment' which is not functionally dependent on columns in GROUP BY clause; this is incompatible with sql_mode=only_full_group_by. The SQL statement executed was: SELECT i.admin_id, MAX(a.name) AS employee_name, COUNT(i.id) AS payment_quantity, d.payment AS payment_total, 
                    COUNT(DISTINCT i.customer_id) AS customer_quantity
                FROM tbldl_sale_payment_header i
                INNER JOIN tbldl_admin a ON a.id = i.admin_id
                    INNER JOIN (
                    SELECT sale_payment_header_id, SUM(amount) AS payment
                    FROM tbldl_sale_payment_detail 
                    WHERE is_inactive = 0
                    GROUP BY sale_payment_header_id
                ) d ON i.id = d.sale_payment_header_id
                WHERE YEAR(i.date) = :year AND MONTH(i.date) = :month AND i.admin_id IS NOT NULL AND i.is_inactive = 0
                GROUP BY i.admin_id
                ORDER BY MAX(a.name) ASC' in /home/pmahendro/public_html/yii/framework/db/CDbCommand.php:543
Stack trace:
#0 /home/pmahendro/public_html/yii/framework/db/CDbCommand.php(396): CDbCommand->queryInternal('fetchAll', Array, Array)
#1 /home/pmahendro/public_html/djajalistrik/protected/models/custom/SalePaymentHeader.php(58): CDbCommand->queryAll(true, Array)
#2 /home/pmahendro/public_html/djajalistrik/protected/modules/report/controllers/MonthlyUserSaleTransactionController.php(33): SalePaymentHeader::getMonthlyUserSalePaymentReport('2025', '10')
#3 /home/pmahendro/public_html/yii/framework/web/actions/CInlineAction.php(49): MonthlyUserSaleTransactionController->actionSummary()
#4 /home/pmahendro/public_html/yii/framework/web/CController.php(308): CInlineAction->runWithParams(Array)
#5 /home/pmahendro/public_html/yii/framework/web/CController.php(286): CController->runAction(Object(CInlineAction))
#6 /home/pmahendro/public_html/yii/framework/web/CController.php(265): CController->runActionWithFilters(Object(CInlineAction), Array)
#7 /home/pmahendro/public_html/yii/framework/web/CWebApplication.php(282): CController->run('summary')
#8 /home/pmahendro/public_html/yii/framework/web/CWebApplication.php(141): CWebApplication->runController('report/monthlyU...')
#9 /home/pmahendro/public_html/yii/framework/base/CApplication.php(180): CWebApplication->processRequest()
#10 /home/pmahendro/public_html/djajalistrik/index.php(13): CApplication->run()
#11 {main}
REQUEST_URI=/~pmahendro/djajalistrik/index.php?r=report%2FmonthlyUserSaleTransaction%2Fsummary&Month=10&Year=2025&sort=&yt0=Show
HTTP_REFERER=http://localhost/~pmahendro/djajalistrik/index.php?r=report%2FmonthlyUserSaleTransaction%2Fsummary&Month=06&Year=2025&sort=&yt0=Show
---
2025/11/10 17:23:31 [error] [php] Undefined index: delivery_quantity (/home/pmahendro/public_html/djajalistrik/protected/modules/report/views/monthlyUserSaleTransaction/_summary.php:166)
Stack trace:
#0 /home/pmahendro/public_html/yii/framework/web/CController.php(869): MonthlyUserSaleTransactionController->renderFile()
#1 /home/pmahendro/public_html/djajalistrik/protected/modules/report/views/monthlyUserSaleTransaction/summary.php(62): MonthlyUserSaleTransactionController->renderPartial()
#2 /home/pmahendro/public_html/yii/framework/web/CBaseController.php(126): require()
#3 /home/pmahendro/public_html/yii/framework/web/CBaseController.php(95): MonthlyUserSaleTransactionController->renderInternal()
#4 /home/pmahendro/public_html/yii/framework/web/CController.php(869): MonthlyUserSaleTransactionController->renderFile()
#5 /home/pmahendro/public_html/yii/framework/web/CController.php(782): MonthlyUserSaleTransactionController->renderPartial()
#6 /home/pmahendro/public_html/djajalistrik/protected/modules/report/controllers/MonthlyUserSaleTransactionController.php(61): MonthlyUserSaleTransactionController->render()
#7 /home/pmahendro/public_html/yii/framework/web/actions/CInlineAction.php(49): MonthlyUserSaleTransactionController->actionSummary()
#8 /home/pmahendro/public_html/yii/framework/web/CController.php(308): CInlineAction->runWithParams()
#9 /home/pmahendro/public_html/yii/framework/web/CController.php(286): MonthlyUserSaleTransactionController->runAction()
#10 /home/pmahendro/public_html/yii/framework/web/CController.php(265): MonthlyUserSaleTransactionController->runActionWithFilters()
#11 /home/pmahendro/public_html/yii/framework/web/CWebApplication.php(282): MonthlyUserSaleTransactionController->run()
#12 /home/pmahendro/public_html/yii/framework/web/CWebApplication.php(141): CWebApplication->runController()
#13 /home/pmahendro/public_html/yii/framework/base/CApplication.php(180): CWebApplication->processRequest()
#14 /home/pmahendro/public_html/djajalistrik/index.php(13): CWebApplication->run()
REQUEST_URI=/~pmahendro/djajalistrik/index.php?r=report%2FmonthlyUserSaleTransaction%2Fsummary&Month=11&Year=2024&sort=&yt0=Show
in /home/pmahendro/public_html/djajalistrik/protected/modules/report/views/monthlyUserSaleTransaction/_summary.php (166)
in /home/pmahendro/public_html/djajalistrik/protected/modules/report/views/monthlyUserSaleTransaction/summary.php (62)
in /home/pmahendro/public_html/djajalistrik/protected/modules/report/controllers/MonthlyUserSaleTransactionController.php (61)
2025/11/10 17:24:26 [error] [php] Undefined variable: monthlyUserDeliveryReport (/home/pmahendro/public_html/djajalistrik/protected/modules/report/views/monthlyUserSaleTransaction/_summary.php:162)
Stack trace:
#0 /home/pmahendro/public_html/yii/framework/web/CController.php(869): MonthlyUserSaleTransactionController->renderFile()
#1 /home/pmahendro/public_html/djajalistrik/protected/modules/report/views/monthlyUserSaleTransaction/summary.php(62): MonthlyUserSaleTransactionController->renderPartial()
#2 /home/pmahendro/public_html/yii/framework/web/CBaseController.php(126): require()
#3 /home/pmahendro/public_html/yii/framework/web/CBaseController.php(95): MonthlyUserSaleTransactionController->renderInternal()
#4 /home/pmahendro/public_html/yii/framework/web/CController.php(869): MonthlyUserSaleTransactionController->renderFile()
#5 /home/pmahendro/public_html/yii/framework/web/CController.php(782): MonthlyUserSaleTransactionController->renderPartial()
#6 /home/pmahendro/public_html/djajalistrik/protected/modules/report/controllers/MonthlyUserSaleTransactionController.php(62): MonthlyUserSaleTransactionController->render()
#7 /home/pmahendro/public_html/yii/framework/web/actions/CInlineAction.php(49): MonthlyUserSaleTransactionController->actionSummary()
#8 /home/pmahendro/public_html/yii/framework/web/CController.php(308): CInlineAction->runWithParams()
#9 /home/pmahendro/public_html/yii/framework/web/CController.php(286): MonthlyUserSaleTransactionController->runAction()
#10 /home/pmahendro/public_html/yii/framework/web/CController.php(265): MonthlyUserSaleTransactionController->runActionWithFilters()
#11 /home/pmahendro/public_html/yii/framework/web/CWebApplication.php(282): MonthlyUserSaleTransactionController->run()
#12 /home/pmahendro/public_html/yii/framework/web/CWebApplication.php(141): CWebApplication->runController()
#13 /home/pmahendro/public_html/yii/framework/base/CApplication.php(180): CWebApplication->processRequest()
#14 /home/pmahendro/public_html/djajalistrik/index.php(13): CWebApplication->run()
REQUEST_URI=/~pmahendro/djajalistrik/index.php?r=report%2FmonthlyUserSaleTransaction%2Fsummary&Month=11&Year=2024&sort=&yt0=Show
in /home/pmahendro/public_html/djajalistrik/protected/modules/report/views/monthlyUserSaleTransaction/_summary.php (162)
in /home/pmahendro/public_html/djajalistrik/protected/modules/report/views/monthlyUserSaleTransaction/summary.php (62)
in /home/pmahendro/public_html/djajalistrik/protected/modules/report/controllers/MonthlyUserSaleTransactionController.php (62)
2025/11/10 18:03:11 [error] [php] Undefined index: invoice_quantity (/home/pmahendro/public_html/djajalistrik/protected/modules/report/views/monthlyUserSaleTransaction/_summary.php:201)
Stack trace:
#0 /home/pmahendro/public_html/yii/framework/web/CController.php(869): MonthlyUserSaleTransactionController->renderFile()
#1 /home/pmahendro/public_html/djajalistrik/protected/modules/report/views/monthlyUserSaleTransaction/summary.php(64): MonthlyUserSaleTransactionController->renderPartial()
#2 /home/pmahendro/public_html/yii/framework/web/CBaseController.php(126): require()
#3 /home/pmahendro/public_html/yii/framework/web/CBaseController.php(95): MonthlyUserSaleTransactionController->renderInternal()
#4 /home/pmahendro/public_html/yii/framework/web/CController.php(869): MonthlyUserSaleTransactionController->renderFile()
#5 /home/pmahendro/public_html/yii/framework/web/CController.php(782): MonthlyUserSaleTransactionController->renderPartial()
#6 /home/pmahendro/public_html/djajalistrik/protected/modules/report/controllers/MonthlyUserSaleTransactionController.php(63): MonthlyUserSaleTransactionController->render()
#7 /home/pmahendro/public_html/yii/framework/web/actions/CInlineAction.php(49): MonthlyUserSaleTransactionController->actionSummary()
#8 /home/pmahendro/public_html/yii/framework/web/CController.php(308): CInlineAction->runWithParams()
#9 /home/pmahendro/public_html/yii/framework/web/CController.php(286): MonthlyUserSaleTransactionController->runAction()
#10 /home/pmahendro/public_html/yii/framework/web/CController.php(265): MonthlyUserSaleTransactionController->runActionWithFilters()
#11 /home/pmahendro/public_html/yii/framework/web/CWebApplication.php(282): MonthlyUserSaleTransactionController->run()
#12 /home/pmahendro/public_html/yii/framework/web/CWebApplication.php(141): CWebApplication->runController()
#13 /home/pmahendro/public_html/yii/framework/base/CApplication.php(180): CWebApplication->processRequest()
#14 /home/pmahendro/public_html/djajalistrik/index.php(13): CWebApplication->run()
REQUEST_URI=/~pmahendro/djajalistrik/index.php?r=report%2FmonthlyUserSaleTransaction%2Fsummary&Month=11&Year=2024&sort=&yt0=Show
in /home/pmahendro/public_html/djajalistrik/protected/modules/report/views/monthlyUserSaleTransaction/_summary.php (201)
in /home/pmahendro/public_html/djajalistrik/protected/modules/report/views/monthlyUserSaleTransaction/summary.php (64)
in /home/pmahendro/public_html/djajalistrik/protected/modules/report/controllers/MonthlyUserSaleTransactionController.php (63)
2025/11/11 10:25:31 [error] [php] Undefined index: receive_quantity (/home/pmahendro/public_html/djajalistrik/protected/modules/report/views/monthlyUserSaleTransaction/_summary.php:322)
Stack trace:
#0 /home/pmahendro/public_html/yii/framework/web/CController.php(869): MonthlyUserSaleTransactionController->renderFile()
#1 /home/pmahendro/public_html/djajalistrik/protected/modules/report/views/monthlyUserSaleTransaction/summary.php(66): MonthlyUserSaleTransactionController->renderPartial()
#2 /home/pmahendro/public_html/yii/framework/web/CBaseController.php(126): require()
#3 /home/pmahendro/public_html/yii/framework/web/CBaseController.php(95): MonthlyUserSaleTransactionController->renderInternal()
#4 /home/pmahendro/public_html/yii/framework/web/CController.php(869): MonthlyUserSaleTransactionController->renderFile()
#5 /home/pmahendro/public_html/yii/framework/web/CController.php(782): MonthlyUserSaleTransactionController->renderPartial()
#6 /home/pmahendro/public_html/djajalistrik/protected/modules/report/controllers/MonthlyUserSaleTransactionController.php(66): MonthlyUserSaleTransactionController->render()
#7 /home/pmahendro/public_html/yii/framework/web/actions/CInlineAction.php(49): MonthlyUserSaleTransactionController->actionSummary()
#8 /home/pmahendro/public_html/yii/framework/web/CController.php(308): CInlineAction->runWithParams()
#9 /home/pmahendro/public_html/yii/framework/web/CController.php(286): MonthlyUserSaleTransactionController->runAction()
#10 /home/pmahendro/public_html/yii/framework/web/CController.php(265): MonthlyUserSaleTransactionController->runActionWithFilters()
#11 /home/pmahendro/public_html/yii/framework/web/CWebApplication.php(282): MonthlyUserSaleTransactionController->run()
#12 /home/pmahendro/public_html/yii/framework/web/CWebApplication.php(141): CWebApplication->runController()
#13 /home/pmahendro/public_html/yii/framework/base/CApplication.php(180): CWebApplication->processRequest()
#14 /home/pmahendro/public_html/djajalistrik/index.php(13): CWebApplication->run()
REQUEST_URI=/~pmahendro/djajalistrik/index.php?r=report%2FmonthlyUserSaleTransaction%2Fsummary&Month=03&Year=2025&sort=&yt0=Show
in /home/pmahendro/public_html/djajalistrik/protected/modules/report/views/monthlyUserSaleTransaction/_summary.php (322)
in /home/pmahendro/public_html/djajalistrik/protected/modules/report/views/monthlyUserSaleTransaction/summary.php (66)
in /home/pmahendro/public_html/djajalistrik/protected/modules/report/controllers/MonthlyUserSaleTransactionController.php (66)
2025/11/11 10:37:19 [error] [php] Undefined index: supplier_quantity (/home/pmahendro/public_html/djajalistrik/protected/modules/report/views/monthlyUserSaleTransaction/_summary.php:242)
Stack trace:
#0 /home/pmahendro/public_html/yii/framework/web/CController.php(869): MonthlyUserSaleTransactionController->renderFile()
#1 /home/pmahendro/public_html/djajalistrik/protected/modules/report/views/monthlyUserSaleTransaction/summary.php(68): MonthlyUserSaleTransactionController->renderPartial()
#2 /home/pmahendro/public_html/yii/framework/web/CBaseController.php(126): require()
#3 /home/pmahendro/public_html/yii/framework/web/CBaseController.php(95): MonthlyUserSaleTransactionController->renderInternal()
#4 /home/pmahendro/public_html/yii/framework/web/CController.php(869): MonthlyUserSaleTransactionController->renderFile()
#5 /home/pmahendro/public_html/yii/framework/web/CController.php(782): MonthlyUserSaleTransactionController->renderPartial()
#6 /home/pmahendro/public_html/djajalistrik/protected/modules/report/controllers/MonthlyUserSaleTransactionController.php(69): MonthlyUserSaleTransactionController->render()
#7 /home/pmahendro/public_html/yii/framework/web/actions/CInlineAction.php(49): MonthlyUserSaleTransactionController->actionSummary()
#8 /home/pmahendro/public_html/yii/framework/web/CController.php(308): CInlineAction->runWithParams()
#9 /home/pmahendro/public_html/yii/framework/web/CController.php(286): MonthlyUserSaleTransactionController->runAction()
#10 /home/pmahendro/public_html/yii/framework/web/CController.php(265): MonthlyUserSaleTransactionController->runActionWithFilters()
#11 /home/pmahendro/public_html/yii/framework/web/CWebApplication.php(282): MonthlyUserSaleTransactionController->run()
#12 /home/pmahendro/public_html/yii/framework/web/CWebApplication.php(141): CWebApplication->runController()
#13 /home/pmahendro/public_html/yii/framework/base/CApplication.php(180): CWebApplication->processRequest()
#14 /home/pmahendro/public_html/djajalistrik/index.php(13): CWebApplication->run()
REQUEST_URI=/~pmahendro/djajalistrik/index.php?r=report%2FmonthlyUserSaleTransaction%2Fsummary&Month=03&Year=2025&sort=&yt0=Show
in /home/pmahendro/public_html/djajalistrik/protected/modules/report/views/monthlyUserSaleTransaction/_summary.php (242)
in /home/pmahendro/public_html/djajalistrik/protected/modules/report/views/monthlyUserSaleTransaction/summary.php (68)
in /home/pmahendro/public_html/djajalistrik/protected/modules/report/controllers/MonthlyUserSaleTransactionController.php (69)
2025/11/11 10:39:06 [error] [php] Undefined variable: invoiceQuantitySum (/home/pmahendro/public_html/djajalistrik/protected/modules/report/views/monthlyUserSaleTransaction/_summary.php:57)
Stack trace:
#0 /home/pmahendro/public_html/yii/framework/web/CController.php(869): MonthlyUserSaleTransactionController->renderFile()
#1 /home/pmahendro/public_html/djajalistrik/protected/modules/report/views/monthlyUserSaleTransaction/summary.php(69): MonthlyUserSaleTransactionController->renderPartial()
#2 /home/pmahendro/public_html/yii/framework/web/CBaseController.php(126): require()
#3 /home/pmahendro/public_html/yii/framework/web/CBaseController.php(95): MonthlyUserSaleTransactionController->renderInternal()
#4 /home/pmahendro/public_html/yii/framework/web/CController.php(869): MonthlyUserSaleTransactionController->renderFile()
#5 /home/pmahendro/public_html/yii/framework/web/CController.php(782): MonthlyUserSaleTransactionController->renderPartial()
#6 /home/pmahendro/public_html/djajalistrik/protected/modules/report/controllers/MonthlyUserSaleTransactionController.php(69): MonthlyUserSaleTransactionController->render()
#7 /home/pmahendro/public_html/yii/framework/web/actions/CInlineAction.php(49): MonthlyUserSaleTransactionController->actionSummary()
#8 /home/pmahendro/public_html/yii/framework/web/CController.php(308): CInlineAction->runWithParams()
#9 /home/pmahendro/public_html/yii/framework/web/CController.php(286): MonthlyUserSaleTransactionController->runAction()
#10 /home/pmahendro/public_html/yii/framework/web/CController.php(265): MonthlyUserSaleTransactionController->runActionWithFilters()
#11 /home/pmahendro/public_html/yii/framework/web/CWebApplication.php(282): MonthlyUserSaleTransactionController->run()
#12 /home/pmahendro/public_html/yii/framework/web/CWebApplication.php(141): CWebApplication->runController()
#13 /home/pmahendro/public_html/yii/framework/base/CApplication.php(180): CWebApplication->processRequest()
#14 /home/pmahendro/public_html/djajalistrik/index.php(13): CWebApplication->run()
REQUEST_URI=/~pmahendro/djajalistrik/index.php?r=report%2FmonthlyUserSaleTransaction%2Fsummary&Month=03&Year=2025&sort=&yt0=Show
in /home/pmahendro/public_html/djajalistrik/protected/modules/report/views/monthlyUserSaleTransaction/_summary.php (57)
in /home/pmahendro/public_html/djajalistrik/protected/modules/report/views/monthlyUserSaleTransaction/summary.php (69)
in /home/pmahendro/public_html/djajalistrik/protected/modules/report/controllers/MonthlyUserSaleTransactionController.php (69)
2025/11/11 10:39:08 [error] [php] Undefined variable: invoiceQuantitySum (/home/pmahendro/public_html/djajalistrik/protected/modules/report/views/monthlyUserSaleTransaction/_summary.php:57)
Stack trace:
#0 /home/pmahendro/public_html/yii/framework/web/CController.php(869): MonthlyUserSaleTransactionController->renderFile()
#1 /home/pmahendro/public_html/djajalistrik/protected/modules/report/views/monthlyUserSaleTransaction/summary.php(69): MonthlyUserSaleTransactionController->renderPartial()
#2 /home/pmahendro/public_html/yii/framework/web/CBaseController.php(126): require()
#3 /home/pmahendro/public_html/yii/framework/web/CBaseController.php(95): MonthlyUserSaleTransactionController->renderInternal()
#4 /home/pmahendro/public_html/yii/framework/web/CController.php(869): MonthlyUserSaleTransactionController->renderFile()
#5 /home/pmahendro/public_html/yii/framework/web/CController.php(782): MonthlyUserSaleTransactionController->renderPartial()
#6 /home/pmahendro/public_html/djajalistrik/protected/modules/report/controllers/MonthlyUserSaleTransactionController.php(69): MonthlyUserSaleTransactionController->render()
#7 /home/pmahendro/public_html/yii/framework/web/actions/CInlineAction.php(49): MonthlyUserSaleTransactionController->actionSummary()
#8 /home/pmahendro/public_html/yii/framework/web/CController.php(308): CInlineAction->runWithParams()
#9 /home/pmahendro/public_html/yii/framework/web/CController.php(286): MonthlyUserSaleTransactionController->runAction()
#10 /home/pmahendro/public_html/yii/framework/web/CController.php(265): MonthlyUserSaleTransactionController->runActionWithFilters()
#11 /home/pmahendro/public_html/yii/framework/web/CWebApplication.php(282): MonthlyUserSaleTransactionController->run()
#12 /home/pmahendro/public_html/yii/framework/web/CWebApplication.php(141): CWebApplication->runController()
#13 /home/pmahendro/public_html/yii/framework/base/CApplication.php(180): CWebApplication->processRequest()
#14 /home/pmahendro/public_html/djajalistrik/index.php(13): CWebApplication->run()
REQUEST_URI=/~pmahendro/djajalistrik/index.php?r=report%2FmonthlyUserSaleTransaction%2Fsummary&Month=03&Year=2025&sort=&yt0=Show
in /home/pmahendro/public_html/djajalistrik/protected/modules/report/views/monthlyUserSaleTransaction/_summary.php (57)
in /home/pmahendro/public_html/djajalistrik/protected/modules/report/views/monthlyUserSaleTransaction/summary.php (69)
in /home/pmahendro/public_html/djajalistrik/protected/modules/report/controllers/MonthlyUserSaleTransactionController.php (69)
2025/11/12 15:31:30 [error] [system.db.CDbCommand] CDbCommand::fetchAll() failed: SQLSTATE[42000]: Syntax error or access violation: 1055 Expression #5 of SELECT list is not in GROUP BY clause and contains nonaggregated column 'd.amount' which is not functionally dependent on columns in GROUP BY clause; this is incompatible with sql_mode=only_full_group_by. The SQL statement executed was: SELECT i.admin_id, MAX(a.name) AS employee_name, COUNT(i.id) AS invoice_quantity, COUNT(DISTINCT i.customer_id) AS customer_quantity,
                    (d.amount + n.amount) * (1+i.tax/100) AS invoice_total
                FROM tbldl_order_header i
                LEFT OUTER JOIN (
                    SELECT order_header_id, SUM(quantity_single * unit_price_after_discount) AS amount
                    FROM tbldl_order_detail 
                    WHERE is_inactive = 0
                    GROUP BY order_header_id 
                ) d ON i.id = d.order_header_id
                LEFT OUTER JOIN (
                    SELECT order_header_id, SUM(quantity * unit_price_after_discount) AS amount
                    FROM tbldl_order_new_product 
                    WHERE is_inactive = 0
                    GROUP BY order_header_id 
                ) n ON i.id = n.order_header_id
                INNER JOIN tbldl_admin a ON a.id = i.admin_id
                WHERE YEAR(i.date) = :year AND MONTH(i.date) = :month AND i.admin_id IS NOT NULL AND i.is_inactive = 0
                GROUP BY i.admin_id
                ORDER BY MAX(a.name) ASC.
in /home/pmahendro/public_html/djajalistrik/protected/models/custom/OrderHeader.php (490)
in /home/pmahendro/public_html/djajalistrik/protected/modules/report/controllers/MonthlyUserSaleTransactionController.php (35)
in /home/pmahendro/public_html/djajalistrik/index.php (13)
2025/11/12 15:31:30 [error] [exception.CDbException] exception 'CDbException' with message 'CDbCommand failed to execute the SQL statement: SQLSTATE[42000]: Syntax error or access violation: 1055 Expression #5 of SELECT list is not in GROUP BY clause and contains nonaggregated column 'd.amount' which is not functionally dependent on columns in GROUP BY clause; this is incompatible with sql_mode=only_full_group_by. The SQL statement executed was: SELECT i.admin_id, MAX(a.name) AS employee_name, COUNT(i.id) AS invoice_quantity, COUNT(DISTINCT i.customer_id) AS customer_quantity,
                    (d.amount + n.amount) * (1+i.tax/100) AS invoice_total
                FROM tbldl_order_header i
                LEFT OUTER JOIN (
                    SELECT order_header_id, SUM(quantity_single * unit_price_after_discount) AS amount
                    FROM tbldl_order_detail 
                    WHERE is_inactive = 0
                    GROUP BY order_header_id 
                ) d ON i.id = d.order_header_id
                LEFT OUTER JOIN (
                    SELECT order_header_id, SUM(quantity * unit_price_after_discount) AS amount
                    FROM tbldl_order_new_product 
                    WHERE is_inactive = 0
                    GROUP BY order_header_id 
                ) n ON i.id = n.order_header_id
                INNER JOIN tbldl_admin a ON a.id = i.admin_id
                WHERE YEAR(i.date) = :year AND MONTH(i.date) = :month AND i.admin_id IS NOT NULL AND i.is_inactive = 0
                GROUP BY i.admin_id
                ORDER BY MAX(a.name) ASC' in /home/pmahendro/public_html/yii/framework/db/CDbCommand.php:543
Stack trace:
#0 /home/pmahendro/public_html/yii/framework/db/CDbCommand.php(396): CDbCommand->queryInternal('fetchAll', Array, Array)
#1 /home/pmahendro/public_html/djajalistrik/protected/models/custom/OrderHeader.php(490): CDbCommand->queryAll(true, Array)
#2 /home/pmahendro/public_html/djajalistrik/protected/modules/report/controllers/MonthlyUserSaleTransactionController.php(35): OrderHeader::getMonthlyUserOrderHeaderReport('2025', '11')
#3 /home/pmahendro/public_html/yii/framework/web/actions/CInlineAction.php(49): MonthlyUserSaleTransactionController->actionSummary()
#4 /home/pmahendro/public_html/yii/framework/web/CController.php(308): CInlineAction->runWithParams(Array)
#5 /home/pmahendro/public_html/yii/framework/web/CController.php(286): CController->runAction(Object(CInlineAction))
#6 /home/pmahendro/public_html/yii/framework/web/CController.php(265): CController->runActionWithFilters(Object(CInlineAction), Array)
#7 /home/pmahendro/public_html/yii/framework/web/CWebApplication.php(282): CController->run('summary')
#8 /home/pmahendro/public_html/yii/framework/web/CWebApplication.php(141): CWebApplication->runController('report/monthlyU...')
#9 /home/pmahendro/public_html/yii/framework/base/CApplication.php(180): CWebApplication->processRequest()
#10 /home/pmahendro/public_html/djajalistrik/index.php(13): CApplication->run()
#11 {main}
REQUEST_URI=/~pmahendro/djajalistrik/index.php?r=report/monthlyUserSaleTransaction/summary
HTTP_REFERER=http://localhost/~pmahendro/djajalistrik/index.php?r=site/index
---
2025/11/17 15:27:01 [error] [php] include(ZipArchive.php): failed to open stream: No such file or directory (/home/pmahendro/public_html/yii/framework/YiiBase.php:427)
Stack trace:
#0 /home/pmahendro/public_html/djajalistrik/protected/extensions/phpexcel/Classes/PHPExcel/Writer/Excel2007.php(234): spl_autoload_call()
#1 /home/pmahendro/public_html/djajalistrik/protected/modules/report/controllers/OrderSummaryController.php(120): PHPExcel_Writer_Excel2007->save()
#2 /home/pmahendro/public_html/djajalistrik/protected/modules/report/controllers/OrderSummaryController.php(40): OrderSummaryController->saveToExcel()
#3 /home/pmahendro/public_html/yii/framework/web/actions/CInlineAction.php(49): OrderSummaryController->actionReport()
#4 /home/pmahendro/public_html/yii/framework/web/CController.php(308): CInlineAction->runWithParams()
#5 /home/pmahendro/public_html/yii/framework/web/filters/CFilterChain.php(133): OrderSummaryController->runAction()
#6 /home/pmahendro/public_html/djajalistrik/protected/modules/report/controllers/OrderSummaryController.php(18): CFilterChain->run()
#7 /home/pmahendro/public_html/yii/framework/web/filters/CInlineFilter.php(58): OrderSummaryController->filterAccess()
#8 /home/pmahendro/public_html/yii/framework/web/filters/CFilterChain.php(130): CInlineFilter->filter()
#9 /home/pmahendro/public_html/yii/framework/web/CController.php(291): CFilterChain->run()
#10 /home/pmahendro/public_html/yii/framework/web/CController.php(265): OrderSummaryController->runActionWithFilters()
#11 /home/pmahendro/public_html/yii/framework/web/CWebApplication.php(282): OrderSummaryController->run()
#12 /home/pmahendro/public_html/yii/framework/web/CWebApplication.php(141): CWebApplication->runController()
#13 /home/pmahendro/public_html/yii/framework/base/CApplication.php(180): CWebApplication->processRequest()
#14 /home/pmahendro/public_html/djajalistrik/index.php(13): CWebApplication->run()
REQUEST_URI=/~pmahendro/djajalistrik/index.php?r=report%2ForderSummary%2Freport&OrderHeader%5Bcustomer_id%5D=&OrderHeader%5Bbranch_id%5D=&PageSize=1000&page=1&StartDate=2025-10-16&EndDate=2025-10-16&sort=&SaveExcel=Save+to+Excel
in /home/pmahendro/public_html/djajalistrik/protected/extensions/phpexcel/Classes/PHPExcel/Writer/Excel2007.php (234)
in /home/pmahendro/public_html/djajalistrik/protected/modules/report/controllers/OrderSummaryController.php (120)
in /home/pmahendro/public_html/djajalistrik/protected/modules/report/controllers/OrderSummaryController.php (40)
2025/11/17 15:27:04 [error] [php] include(ZipArchive.php): failed to open stream: No such file or directory (/home/pmahendro/public_html/yii/framework/YiiBase.php:427)
Stack trace:
#0 /home/pmahendro/public_html/djajalistrik/protected/extensions/phpexcel/Classes/PHPExcel/Writer/Excel2007.php(234): spl_autoload_call()
#1 /home/pmahendro/public_html/djajalistrik/protected/modules/report/controllers/OrderSummaryController.php(120): PHPExcel_Writer_Excel2007->save()
#2 /home/pmahendro/public_html/djajalistrik/protected/modules/report/controllers/OrderSummaryController.php(40): OrderSummaryController->saveToExcel()
#3 /home/pmahendro/public_html/yii/framework/web/actions/CInlineAction.php(49): OrderSummaryController->actionReport()
#4 /home/pmahendro/public_html/yii/framework/web/CController.php(308): CInlineAction->runWithParams()
#5 /home/pmahendro/public_html/yii/framework/web/filters/CFilterChain.php(133): OrderSummaryController->runAction()
#6 /home/pmahendro/public_html/djajalistrik/protected/modules/report/controllers/OrderSummaryController.php(18): CFilterChain->run()
#7 /home/pmahendro/public_html/yii/framework/web/filters/CInlineFilter.php(58): OrderSummaryController->filterAccess()
#8 /home/pmahendro/public_html/yii/framework/web/filters/CFilterChain.php(130): CInlineFilter->filter()
#9 /home/pmahendro/public_html/yii/framework/web/CController.php(291): CFilterChain->run()
#10 /home/pmahendro/public_html/yii/framework/web/CController.php(265): OrderSummaryController->runActionWithFilters()
#11 /home/pmahendro/public_html/yii/framework/web/CWebApplication.php(282): OrderSummaryController->run()
#12 /home/pmahendro/public_html/yii/framework/web/CWebApplication.php(141): CWebApplication->runController()
#13 /home/pmahendro/public_html/yii/framework/base/CApplication.php(180): CWebApplication->processRequest()
#14 /home/pmahendro/public_html/djajalistrik/index.php(13): CWebApplication->run()
REQUEST_URI=/~pmahendro/djajalistrik/index.php?r=report%2ForderSummary%2Freport&OrderHeader%5Bcustomer_id%5D=&OrderHeader%5Bbranch_id%5D=&PageSize=1000&page=1&StartDate=2025-10-16&EndDate=2025-10-16&sort=&SaveExcel=Save+to+Excel
in /home/pmahendro/public_html/djajalistrik/protected/extensions/phpexcel/Classes/PHPExcel/Writer/Excel2007.php (234)
in /home/pmahendro/public_html/djajalistrik/protected/modules/report/controllers/OrderSummaryController.php (120)
in /home/pmahendro/public_html/djajalistrik/protected/modules/report/controllers/OrderSummaryController.php (40)
2025/11/17 15:29:47 [error] [php] include(ZipArchive.php): failed to open stream: No such file or directory (/home/pmahendro/public_html/yii/framework/YiiBase.php:427)
Stack trace:
#0 /home/pmahendro/public_html/djajalistrik/protected/extensions/phpexcel/Classes/PHPExcel/Writer/Excel2007.php(234): spl_autoload_call()
#1 /home/pmahendro/public_html/djajalistrik/protected/modules/report/controllers/OrderSummaryController.php(121): PHPExcel_Writer_Excel2007->save()
#2 /home/pmahendro/public_html/djajalistrik/protected/modules/report/controllers/OrderSummaryController.php(40): OrderSummaryController->saveToExcel()
#3 /home/pmahendro/public_html/yii/framework/web/actions/CInlineAction.php(49): OrderSummaryController->actionReport()
#4 /home/pmahendro/public_html/yii/framework/web/CController.php(308): CInlineAction->runWithParams()
#5 /home/pmahendro/public_html/yii/framework/web/filters/CFilterChain.php(133): OrderSummaryController->runAction()
#6 /home/pmahendro/public_html/djajalistrik/protected/modules/report/controllers/OrderSummaryController.php(18): CFilterChain->run()
#7 /home/pmahendro/public_html/yii/framework/web/filters/CInlineFilter.php(58): OrderSummaryController->filterAccess()
#8 /home/pmahendro/public_html/yii/framework/web/filters/CFilterChain.php(130): CInlineFilter->filter()
#9 /home/pmahendro/public_html/yii/framework/web/CController.php(291): CFilterChain->run()
#10 /home/pmahendro/public_html/yii/framework/web/CController.php(265): OrderSummaryController->runActionWithFilters()
#11 /home/pmahendro/public_html/yii/framework/web/CWebApplication.php(282): OrderSummaryController->run()
#12 /home/pmahendro/public_html/yii/framework/web/CWebApplication.php(141): CWebApplication->runController()
#13 /home/pmahendro/public_html/yii/framework/base/CApplication.php(180): CWebApplication->processRequest()
#14 /home/pmahendro/public_html/djajalistrik/index.php(13): CWebApplication->run()
REQUEST_URI=/~pmahendro/djajalistrik/index.php?r=report%2ForderSummary%2Freport&OrderHeader%5Bcustomer_id%5D=&OrderHeader%5Bbranch_id%5D=&PageSize=1000&page=1&StartDate=2025-10-16&EndDate=2025-10-16&sort=&SaveExcel=Save+to+Excel
in /home/pmahendro/public_html/djajalistrik/protected/extensions/phpexcel/Classes/PHPExcel/Writer/Excel2007.php (234)
in /home/pmahendro/public_html/djajalistrik/protected/modules/report/controllers/OrderSummaryController.php (121)
in /home/pmahendro/public_html/djajalistrik/protected/modules/report/controllers/OrderSummaryController.php (40)
2025/11/17 15:30:08 [error] [php] include(ZipArchive.php): failed to open stream: No such file or directory (/home/pmahendro/public_html/yii/framework/YiiBase.php:427)
Stack trace:
#0 /home/pmahendro/public_html/djajalistrik/protected/extensions/phpexcel/Classes/PHPExcel/Writer/Excel2007.php(234): spl_autoload_call()
#1 /home/pmahendro/public_html/djajalistrik/protected/modules/report/controllers/OrderSummaryController.php(121): PHPExcel_Writer_Excel2007->save()
#2 /home/pmahendro/public_html/djajalistrik/protected/modules/report/controllers/OrderSummaryController.php(40): OrderSummaryController->saveToExcel()
#3 /home/pmahendro/public_html/yii/framework/web/actions/CInlineAction.php(49): OrderSummaryController->actionReport()
#4 /home/pmahendro/public_html/yii/framework/web/CController.php(308): CInlineAction->runWithParams()
#5 /home/pmahendro/public_html/yii/framework/web/filters/CFilterChain.php(133): OrderSummaryController->runAction()
#6 /home/pmahendro/public_html/djajalistrik/protected/modules/report/controllers/OrderSummaryController.php(18): CFilterChain->run()
#7 /home/pmahendro/public_html/yii/framework/web/filters/CInlineFilter.php(58): OrderSummaryController->filterAccess()
#8 /home/pmahendro/public_html/yii/framework/web/filters/CFilterChain.php(130): CInlineFilter->filter()
#9 /home/pmahendro/public_html/yii/framework/web/CController.php(291): CFilterChain->run()
#10 /home/pmahendro/public_html/yii/framework/web/CController.php(265): OrderSummaryController->runActionWithFilters()
#11 /home/pmahendro/public_html/yii/framework/web/CWebApplication.php(282): OrderSummaryController->run()
#12 /home/pmahendro/public_html/yii/framework/web/CWebApplication.php(141): CWebApplication->runController()
#13 /home/pmahendro/public_html/yii/framework/base/CApplication.php(180): CWebApplication->processRequest()
#14 /home/pmahendro/public_html/djajalistrik/index.php(13): CWebApplication->run()
REQUEST_URI=/~pmahendro/djajalistrik/index.php?r=report%2ForderSummary%2Freport&OrderHeader%5Bcustomer_id%5D=&OrderHeader%5Bbranch_id%5D=&PageSize=1000&page=1&StartDate=2025-10-16&EndDate=2025-10-16&sort=&SaveExcel=Save+to+Excel
in /home/pmahendro/public_html/djajalistrik/protected/extensions/phpexcel/Classes/PHPExcel/Writer/Excel2007.php (234)
in /home/pmahendro/public_html/djajalistrik/protected/modules/report/controllers/OrderSummaryController.php (121)
in /home/pmahendro/public_html/djajalistrik/protected/modules/report/controllers/OrderSummaryController.php (40)
2025/11/17 17:27:13 [error] [exception.CHttpException.404] exception 'CHttpException' with message 'The system is unable to find the requested action "updae".' in /home/pmahendro/public_html/yii/framework/web/CController.php:483
Stack trace:
#0 /home/pmahendro/public_html/yii/framework/web/CController.php(270): CController->missingAction('updae')
#1 /home/pmahendro/public_html/yii/framework/web/CWebApplication.php(282): CController->run('updae')
#2 /home/pmahendro/public_html/yii/framework/web/CWebApplication.php(141): CWebApplication->runController('transaction/ord...')
#3 /home/pmahendro/public_html/yii/framework/base/CApplication.php(180): CWebApplication->processRequest()
#4 /home/pmahendro/public_html/djajalistrik/index.php(13): CApplication->run()
#5 {main}
REQUEST_URI=/~pmahendro/djajalistrik/index.php?r=transaction/order/updae&id=47275
---
2026/02/09 11:34:57 [error] [php] Undefined variable: grandTotal (/home/pmahendro/public_html/djajalistrik/protected/modules/report/controllers/PurchaseReceiptController.php:105)
Stack trace:
#0 /home/pmahendro/public_html/yii/framework/web/CController.php(308): CInlineAction->runWithParams()
#1 /home/pmahendro/public_html/yii/framework/web/filters/CFilterChain.php(133): PurchaseReceiptController->runAction()
#2 /home/pmahendro/public_html/djajalistrik/protected/modules/report/controllers/PurchaseReceiptController.php(17): CFilterChain->run()
#3 /home/pmahendro/public_html/yii/framework/web/filters/CInlineFilter.php(58): PurchaseReceiptController->filterAccess()
#4 /home/pmahendro/public_html/yii/framework/web/filters/CFilterChain.php(130): CInlineFilter->filter()
#5 /home/pmahendro/public_html/yii/framework/web/CController.php(291): CFilterChain->run()
#6 /home/pmahendro/public_html/yii/framework/web/CController.php(265): PurchaseReceiptController->runActionWithFilters()
#7 /home/pmahendro/public_html/yii/framework/web/CWebApplication.php(282): PurchaseReceiptController->run()
#8 /home/pmahendro/public_html/yii/framework/web/CWebApplication.php(141): CWebApplication->runController()
#9 /home/pmahendro/public_html/yii/framework/base/CApplication.php(180): CWebApplication->processRequest()
#10 /home/pmahendro/public_html/djajalistrik/index.php(13): CWebApplication->run()
REQUEST_URI=/~pmahendro/djajalistrik/index.php?r=report%2FpurchaseReceipt%2Freport&PurchaseReceiptHeader%5Bsupplier_id%5D=&PurchaseReceiptHeader%5Bbranch_id%5D=&PageSize=1000&page=1&StartDate=2025-09-01&EndDate=2026-02-09&sort=&SaveExcel=Save+to+Excel
in /home/pmahendro/public_html/djajalistrik/protected/modules/report/controllers/PurchaseReceiptController.php (105)
in /home/pmahendro/public_html/djajalistrik/protected/modules/report/controllers/PurchaseReceiptController.php (36)
in /home/pmahendro/public_html/djajalistrik/protected/modules/report/controllers/PurchaseReceiptController.php (17)
2026/02/09 12:01:25 [error] [system.db.CDbCommand] CDbCommand::fetchColumn() failed: SQLSTATE[42S22]: Column not found: 1054 Unknown column 't.date' in 'where clause'. The SQL statement executed was: SELECT COUNT(DISTINCT `t`.`id`) FROM `tbldl_purchase_receipt_detail` `t`  LEFT OUTER JOIN `tbldl_purchase_receipt_header` `purchaseReceiptHeader` ON (`t`.`purchase_receipt_header_id`=`purchaseReceiptHeader`.`id`) AND (purchaseReceiptHeader.is_inactive = :is_inactive)  LEFT OUTER JOIN `tbldl_supplier` `supplier` ON (`purchaseReceiptHeader`.`supplier_id`=`supplier`.`id`) AND (supplier.is_inactive = :is_inactive)  LEFT OUTER JOIN `tbldl_branch` `branch` ON (`purchaseReceiptHeader`.`branch_id`=`branch`.`id`) AND (branch.is_inactive = :is_inactive)  LEFT OUTER JOIN `tbldl_receive_header` `receiveHeader` ON (`t`.`receive_header_id`=`receiveHeader`.`id`) AND (receiveHeader.is_inactive = :is_inactive)  LEFT OUTER JOIN `tbldl_purchase_header` `purchaseHeader` ON (`receiveHeader`.`purchase_header_id`=`purchaseHeader`.`id`) AND (purchaseHeader.is_inactive = :is_inactive)  WHERE ((t.is_inactive = :is_inactive) AND ((t.date = :date) AND ((t.tax_number = "" OR t.tax_number IS NULL) AND purchaseHeader.is_tax = 0))).
in /home/pmahendro/public_html/djajalistrik/protected/modules/transaction/views/purchaseReceipt/blankTaxNumber.php (121)
in /home/pmahendro/public_html/djajalistrik/protected/modules/transaction/controllers/PurchaseReceiptController.php (283)
in /home/pmahendro/public_html/djajalistrik/protected/modules/transaction/controllers/PurchaseReceiptController.php (25)
2026/02/09 12:01:25 [error] [exception.CDbException] exception 'CDbException' with message 'CDbCommand failed to execute the SQL statement: SQLSTATE[42S22]: Column not found: 1054 Unknown column 't.date' in 'where clause'. The SQL statement executed was: SELECT COUNT(DISTINCT `t`.`id`) FROM `tbldl_purchase_receipt_detail` `t`  LEFT OUTER JOIN `tbldl_purchase_receipt_header` `purchaseReceiptHeader` ON (`t`.`purchase_receipt_header_id`=`purchaseReceiptHeader`.`id`) AND (purchaseReceiptHeader.is_inactive = :is_inactive)  LEFT OUTER JOIN `tbldl_supplier` `supplier` ON (`purchaseReceiptHeader`.`supplier_id`=`supplier`.`id`) AND (supplier.is_inactive = :is_inactive)  LEFT OUTER JOIN `tbldl_branch` `branch` ON (`purchaseReceiptHeader`.`branch_id`=`branch`.`id`) AND (branch.is_inactive = :is_inactive)  LEFT OUTER JOIN `tbldl_receive_header` `receiveHeader` ON (`t`.`receive_header_id`=`receiveHeader`.`id`) AND (receiveHeader.is_inactive = :is_inactive)  LEFT OUTER JOIN `tbldl_purchase_header` `purchaseHeader` ON (`receiveHeader`.`purchase_header_id`=`purchaseHeader`.`id`) AND (purchaseHeader.is_inactive = :is_inactive)  WHERE ((t.is_inactive = :is_inactive) AND ((t.date = :date) AND ((t.tax_number = "" OR t.tax_number IS NULL) AND purchaseHeader.is_tax = 0)))' in /home/pmahendro/public_html/yii/framework/db/CDbCommand.php:543
Stack trace:
#0 /home/pmahendro/public_html/yii/framework/db/CDbCommand.php(433): CDbCommand->queryInternal('fetchColumn', 0, Array)
#1 /home/pmahendro/public_html/yii/framework/db/ar/CActiveFinder.php(759): CDbCommand->queryScalar()
#2 /home/pmahendro/public_html/yii/framework/db/ar/CActiveFinder.php(151): CJoinElement->count(Object(CDbCriteria))
#3 /home/pmahendro/public_html/yii/framework/db/ar/CActiveRecord.php(1605): CActiveFinder->count(Object(CDbCriteria))
#4 /home/pmahendro/public_html/yii/framework/web/CActiveDataProvider.php(228): CActiveRecord->count(Object(CDbCriteria))
#5 /home/pmahendro/public_html/yii/framework/web/CDataProvider.php(224): CActiveDataProvider->calculateTotalItemCount()
#6 /home/pmahendro/public_html/yii/framework/web/CActiveDataProvider.php(178): CDataProvider->getTotalItemCount()
#7 /home/pmahendro/public_html/yii/framework/web/CDataProvider.php(168): CActiveDataProvider->fetchData()
#8 /home/pmahendro/public_html/yii/framework/zii/widgets/CBaseListView.php(111): CDataProvider->getData()
#9 /home/pmahendro/public_html/yii/framework/zii/widgets/grid/CGridView.php(339): CBaseListView->init()
#10 /home/pmahendro/public_html/yii/framework/web/CBaseController.php(147): CGridView->init()
#11 /home/pmahendro/public_html/yii/framework/web/CBaseController.php(172): CBaseController->createWidget('zii.widgets.gri...', Array)
#12 /home/pmahendro/public_html/djajalistrik/protected/modules/transaction/views/purchaseReceipt/blankTaxNumber.php(121): CBaseController->widget('zii.widgets.gri...', Array)
#13 /home/pmahendro/public_html/yii/framework/web/CBaseController.php(126): require('/home/pmahendro...')
#14 /home/pmahendro/public_html/yii/framework/web/CBaseController.php(95): CBaseController->renderInternal('/home/pmahendro...', Array, true)
#15 /home/pmahendro/public_html/yii/framework/web/CController.php(869): CBaseController->renderFile('/home/pmahendro...', Array, true)
#16 /home/pmahendro/public_html/yii/framework/web/CController.php(782): CController->renderPartial('blankTaxNumber', Array, true)
#17 /home/pmahendro/public_html/djajalistrik/protected/modules/transaction/controllers/PurchaseReceiptController.php(283): CController->render('blankTaxNumber', Array)
#18 /home/pmahendro/public_html/yii/framework/web/actions/CInlineAction.php(49): PurchaseReceiptController->actionBlankTaxNumber()
#19 /home/pmahendro/public_html/yii/framework/web/CController.php(308): CInlineAction->runWithParams(Array)
#20 /home/pmahendro/public_html/yii/framework/web/filters/CFilterChain.php(133): CController->runAction(Object(CInlineAction))
#21 /home/pmahendro/public_html/djajalistrik/protected/modules/transaction/controllers/PurchaseReceiptController.php(25): CFilterChain->run()
#22 /home/pmahendro/public_html/yii/framework/web/filters/CInlineFilter.php(58): PurchaseReceiptController->filterAccess(Object(CFilterChain))
#23 /home/pmahendro/public_html/yii/framework/web/filters/CFilterChain.php(130): CInlineFilter->filter(Object(CFilterChain))
#24 /home/pmahendro/public_html/yii/framework/web/CController.php(291): CFilterChain->run()
#25 /home/pmahendro/public_html/yii/framework/web/CController.php(265): CController->runActionWithFilters(Object(CInlineAction), Array)
#26 /home/pmahendro/public_html/yii/framework/web/CWebApplication.php(282): CController->run('blankTaxNumber')
#27 /home/pmahendro/public_html/yii/framework/web/CWebApplication.php(141): CWebApplication->runController('transaction/pur...')
#28 /home/pmahendro/public_html/yii/framework/base/CApplication.php(180): CWebApplication->processRequest()
#29 /home/pmahendro/public_html/djajalistrik/index.php(13): CApplication->run()
#30 {main}
REQUEST_URI=/~pmahendro/djajalistrik/index.php?PageSize=10&PurchaseReceiptHeaderDate=2026-02-02&ajax=purchase-receipt-grid&r=transaction%2FpurchaseReceipt%2FblankTaxNumber
HTTP_REFERER=http://localhost/~pmahendro/djajalistrik/index.php?r=transaction/purchaseReceipt/blankTaxNumber
---
2026/02/09 12:03:08 [error] [system.db.CDbCommand] CDbCommand::fetchColumn() failed: SQLSTATE[42S22]: Column not found: 1054 Unknown column 't.date' in 'where clause'. The SQL statement executed was: SELECT COUNT(DISTINCT `t`.`id`) FROM `tbldl_purchase_receipt_detail` `t`  LEFT OUTER JOIN `tbldl_purchase_receipt_header` `purchaseReceiptHeader` ON (`t`.`purchase_receipt_header_id`=`purchaseReceiptHeader`.`id`) AND (purchaseReceiptHeader.is_inactive = :is_inactive)  LEFT OUTER JOIN `tbldl_supplier` `supplier` ON (`purchaseReceiptHeader`.`supplier_id`=`supplier`.`id`) AND (supplier.is_inactive = :is_inactive)  LEFT OUTER JOIN `tbldl_branch` `branch` ON (`purchaseReceiptHeader`.`branch_id`=`branch`.`id`) AND (branch.is_inactive = :is_inactive)  LEFT OUTER JOIN `tbldl_receive_header` `receiveHeader` ON (`t`.`receive_header_id`=`receiveHeader`.`id`) AND (receiveHeader.is_inactive = :is_inactive)  LEFT OUTER JOIN `tbldl_purchase_header` `purchaseHeader` ON (`receiveHeader`.`purchase_header_id`=`purchaseHeader`.`id`) AND (purchaseHeader.is_inactive = :is_inactive)  WHERE ((t.is_inactive = :is_inactive) AND ((t.date = :date) AND ((t.tax_number = "" OR t.tax_number IS NULL) AND purchaseHeader.is_tax = 0))).
in /home/pmahendro/public_html/djajalistrik/protected/modules/transaction/views/purchaseReceipt/blankTaxNumber.php (121)
in /home/pmahendro/public_html/djajalistrik/protected/modules/transaction/controllers/PurchaseReceiptController.php (283)
in /home/pmahendro/public_html/djajalistrik/protected/modules/transaction/controllers/PurchaseReceiptController.php (25)
2026/02/09 12:03:08 [error] [exception.CDbException] exception 'CDbException' with message 'CDbCommand failed to execute the SQL statement: SQLSTATE[42S22]: Column not found: 1054 Unknown column 't.date' in 'where clause'. The SQL statement executed was: SELECT COUNT(DISTINCT `t`.`id`) FROM `tbldl_purchase_receipt_detail` `t`  LEFT OUTER JOIN `tbldl_purchase_receipt_header` `purchaseReceiptHeader` ON (`t`.`purchase_receipt_header_id`=`purchaseReceiptHeader`.`id`) AND (purchaseReceiptHeader.is_inactive = :is_inactive)  LEFT OUTER JOIN `tbldl_supplier` `supplier` ON (`purchaseReceiptHeader`.`supplier_id`=`supplier`.`id`) AND (supplier.is_inactive = :is_inactive)  LEFT OUTER JOIN `tbldl_branch` `branch` ON (`purchaseReceiptHeader`.`branch_id`=`branch`.`id`) AND (branch.is_inactive = :is_inactive)  LEFT OUTER JOIN `tbldl_receive_header` `receiveHeader` ON (`t`.`receive_header_id`=`receiveHeader`.`id`) AND (receiveHeader.is_inactive = :is_inactive)  LEFT OUTER JOIN `tbldl_purchase_header` `purchaseHeader` ON (`receiveHeader`.`purchase_header_id`=`purchaseHeader`.`id`) AND (purchaseHeader.is_inactive = :is_inactive)  WHERE ((t.is_inactive = :is_inactive) AND ((t.date = :date) AND ((t.tax_number = "" OR t.tax_number IS NULL) AND purchaseHeader.is_tax = 0)))' in /home/pmahendro/public_html/yii/framework/db/CDbCommand.php:543
Stack trace:
#0 /home/pmahendro/public_html/yii/framework/db/CDbCommand.php(433): CDbCommand->queryInternal('fetchColumn', 0, Array)
#1 /home/pmahendro/public_html/yii/framework/db/ar/CActiveFinder.php(759): CDbCommand->queryScalar()
#2 /home/pmahendro/public_html/yii/framework/db/ar/CActiveFinder.php(151): CJoinElement->count(Object(CDbCriteria))
#3 /home/pmahendro/public_html/yii/framework/db/ar/CActiveRecord.php(1605): CActiveFinder->count(Object(CDbCriteria))
#4 /home/pmahendro/public_html/yii/framework/web/CActiveDataProvider.php(228): CActiveRecord->count(Object(CDbCriteria))
#5 /home/pmahendro/public_html/yii/framework/web/CDataProvider.php(224): CActiveDataProvider->calculateTotalItemCount()
#6 /home/pmahendro/public_html/yii/framework/web/CActiveDataProvider.php(178): CDataProvider->getTotalItemCount()
#7 /home/pmahendro/public_html/yii/framework/web/CDataProvider.php(168): CActiveDataProvider->fetchData()
#8 /home/pmahendro/public_html/yii/framework/zii/widgets/CBaseListView.php(111): CDataProvider->getData()
#9 /home/pmahendro/public_html/yii/framework/zii/widgets/grid/CGridView.php(339): CBaseListView->init()
#10 /home/pmahendro/public_html/yii/framework/web/CBaseController.php(147): CGridView->init()
#11 /home/pmahendro/public_html/yii/framework/web/CBaseController.php(172): CBaseController->createWidget('zii.widgets.gri...', Array)
#12 /home/pmahendro/public_html/djajalistrik/protected/modules/transaction/views/purchaseReceipt/blankTaxNumber.php(121): CBaseController->widget('zii.widgets.gri...', Array)
#13 /home/pmahendro/public_html/yii/framework/web/CBaseController.php(126): require('/home/pmahendro...')
#14 /home/pmahendro/public_html/yii/framework/web/CBaseController.php(95): CBaseController->renderInternal('/home/pmahendro...', Array, true)
#15 /home/pmahendro/public_html/yii/framework/web/CController.php(869): CBaseController->renderFile('/home/pmahendro...', Array, true)
#16 /home/pmahendro/public_html/yii/framework/web/CController.php(782): CController->renderPartial('blankTaxNumber', Array, true)
#17 /home/pmahendro/public_html/djajalistrik/protected/modules/transaction/controllers/PurchaseReceiptController.php(283): CController->render('blankTaxNumber', Array)
#18 /home/pmahendro/public_html/yii/framework/web/actions/CInlineAction.php(49): PurchaseReceiptController->actionBlankTaxNumber()
#19 /home/pmahendro/public_html/yii/framework/web/CController.php(308): CInlineAction->runWithParams(Array)
#20 /home/pmahendro/public_html/yii/framework/web/filters/CFilterChain.php(133): CController->runAction(Object(CInlineAction))
#21 /home/pmahendro/public_html/djajalistrik/protected/modules/transaction/controllers/PurchaseReceiptController.php(25): CFilterChain->run()
#22 /home/pmahendro/public_html/yii/framework/web/filters/CInlineFilter.php(58): PurchaseReceiptController->filterAccess(Object(CFilterChain))
#23 /home/pmahendro/public_html/yii/framework/web/filters/CFilterChain.php(130): CInlineFilter->filter(Object(CFilterChain))
#24 /home/pmahendro/public_html/yii/framework/web/CController.php(291): CFilterChain->run()
#25 /home/pmahendro/public_html/yii/framework/web/CController.php(265): CController->runActionWithFilters(Object(CInlineAction), Array)
#26 /home/pmahendro/public_html/yii/framework/web/CWebApplication.php(282): CController->run('blankTaxNumber')
#27 /home/pmahendro/public_html/yii/framework/web/CWebApplication.php(141): CWebApplication->runController('transaction/pur...')
#28 /home/pmahendro/public_html/yii/framework/base/CApplication.php(180): CWebApplication->processRequest()
#29 /home/pmahendro/public_html/djajalistrik/index.php(13): CApplication->run()
#30 {main}
REQUEST_URI=/~pmahendro/djajalistrik/index.php?PageSize=10&PurchaseReceiptHeaderDate=2026-02-13&ajax=purchase-receipt-grid&r=transaction%2FpurchaseReceipt%2FblankTaxNumber
HTTP_REFERER=http://localhost/~pmahendro/djajalistrik/index.php?r=transaction/purchaseReceipt/blankTaxNumber
---
2026/02/12 19:35:17 [error] [php] Trying to get property of non-object (/home/pmahendro/public_html/yii/framework/base/CComponent.php(612) : eval()'d code:1)
Stack trace:
#0 /home/pmahendro/public_html/yii/framework/zii/widgets/grid/CGridColumn.php(151): CDataColumn->renderDataCellContent()
#1 /home/pmahendro/public_html/yii/framework/zii/widgets/grid/CGridView.php(616): CDataColumn->renderDataCell()
#2 /home/pmahendro/public_html/yii/framework/zii/widgets/grid/CGridView.php(572): CGridView->renderTableRow()
#3 /home/pmahendro/public_html/yii/framework/zii/widgets/grid/CGridView.php(482): CGridView->renderTableBody()
#4 /home/pmahendro/public_html/yii/framework/zii/widgets/CBaseListView.php(167): CGridView->renderItems()
#5 unknown(0): CGridView->renderSection()
#6 /home/pmahendro/public_html/yii/framework/zii/widgets/CBaseListView.php(150): preg_replace_callback()
#7 /home/pmahendro/public_html/yii/framework/zii/widgets/CBaseListView.php(135): CGridView->renderContent()
#8 /home/pmahendro/public_html/yii/framework/web/CBaseController.php(173): CGridView->run()
#9 /home/pmahendro/public_html/djajalistrik/protected/modules/transaction/views/order/outstanding.php(152): OrderController->widget()
#10 /home/pmahendro/public_html/yii/framework/web/CBaseController.php(126): require()
#11 /home/pmahendro/public_html/yii/framework/web/CBaseController.php(95): OrderController->renderInternal()
#12 /home/pmahendro/public_html/yii/framework/web/CController.php(869): OrderController->renderFile()
#13 /home/pmahendro/public_html/yii/framework/web/CController.php(782): OrderController->renderPartial()
#14 /home/pmahendro/public_html/djajalistrik/protected/modules/transaction/controllers/OrderController.php(402): OrderController->render()
#15 /home/pmahendro/public_html/yii/framework/web/actions/CInlineAction.php(49): OrderController->actionOutstanding()
#16 /home/pmahendro/public_html/yii/framework/web/CController.php(308): CInlineAction->runWithParams()
#17 /home/pmahendro/public_html/yii/framework/web/filters/CFilterChain.php(133): OrderController->runAction()
#18 /home/pmahendro/public_html/djajalistrik/protected/modules/transaction/controllers/OrderController.php(29): CFilterChain->run()
#19 /home/pmahendro/public_html/yii/framework/web/filters/CInlineFilter.php(58): OrderController->filterAccess()
#20 /home/pmahendro/public_html/yii/framework/web/filters/CFilterChain.php(130): CInlineFilter->filter()
#21 /home/pmahendro/public_html/yii/framework/web/CController.php(291): CFilterChain->run()
#22 /home/pmahendro/public_html/yii/framework/web/CController.php(265): OrderController->runActionWithFilters()
#23 /home/pmahendro/public_html/yii/framework/web/CWebApplication.php(282): OrderController->run()
#24 /home/pmahendro/public_html/yii/framework/web/CWebApplication.php(141): CWebApplication->runController()
#25 /home/pmahendro/public_html/yii/framework/base/CApplication.php(180): CWebApplication->processRequest()
#26 /home/pmahendro/public_html/djajalistrik/index.php(13): CWebApplication->run()
REQUEST_URI=/~pmahendro/djajalistrik/index.php?r=transaction/order/outstanding
in /home/pmahendro/public_html/djajalistrik/protected/modules/transaction/views/order/outstanding.php (152)
in /home/pmahendro/public_html/djajalistrik/protected/modules/transaction/controllers/OrderController.php (402)
in /home/pmahendro/public_html/djajalistrik/protected/modules/transaction/controllers/OrderController.php (29)
2026/02/12 19:36:03 [error] [php] Trying to get property of non-object (/home/pmahendro/public_html/yii/framework/base/CComponent.php(612) : eval()'d code:1)
Stack trace:
#0 /home/pmahendro/public_html/yii/framework/zii/widgets/grid/CGridColumn.php(151): CDataColumn->renderDataCellContent()
#1 /home/pmahendro/public_html/yii/framework/zii/widgets/grid/CGridView.php(616): CDataColumn->renderDataCell()
#2 /home/pmahendro/public_html/yii/framework/zii/widgets/grid/CGridView.php(572): CGridView->renderTableRow()
#3 /home/pmahendro/public_html/yii/framework/zii/widgets/grid/CGridView.php(482): CGridView->renderTableBody()
#4 /home/pmahendro/public_html/yii/framework/zii/widgets/CBaseListView.php(167): CGridView->renderItems()
#5 unknown(0): CGridView->renderSection()
#6 /home/pmahendro/public_html/yii/framework/zii/widgets/CBaseListView.php(150): preg_replace_callback()
#7 /home/pmahendro/public_html/yii/framework/zii/widgets/CBaseListView.php(135): CGridView->renderContent()
#8 /home/pmahendro/public_html/yii/framework/web/CBaseController.php(173): CGridView->run()
#9 /home/pmahendro/public_html/djajalistrik/protected/modules/transaction/views/order/outstanding.php(152): OrderController->widget()
#10 /home/pmahendro/public_html/yii/framework/web/CBaseController.php(126): require()
#11 /home/pmahendro/public_html/yii/framework/web/CBaseController.php(95): OrderController->renderInternal()
#12 /home/pmahendro/public_html/yii/framework/web/CController.php(869): OrderController->renderFile()
#13 /home/pmahendro/public_html/yii/framework/web/CController.php(782): OrderController->renderPartial()
#14 /home/pmahendro/public_html/djajalistrik/protected/modules/transaction/controllers/OrderController.php(402): OrderController->render()
#15 /home/pmahendro/public_html/yii/framework/web/actions/CInlineAction.php(49): OrderController->actionOutstanding()
#16 /home/pmahendro/public_html/yii/framework/web/CController.php(308): CInlineAction->runWithParams()
#17 /home/pmahendro/public_html/yii/framework/web/filters/CFilterChain.php(133): OrderController->runAction()
#18 /home/pmahendro/public_html/djajalistrik/protected/modules/transaction/controllers/OrderController.php(29): CFilterChain->run()
#19 /home/pmahendro/public_html/yii/framework/web/filters/CInlineFilter.php(58): OrderController->filterAccess()
#20 /home/pmahendro/public_html/yii/framework/web/filters/CFilterChain.php(130): CInlineFilter->filter()
#21 /home/pmahendro/public_html/yii/framework/web/CController.php(291): CFilterChain->run()
#22 /home/pmahendro/public_html/yii/framework/web/CController.php(265): OrderController->runActionWithFilters()
#23 /home/pmahendro/public_html/yii/framework/web/CWebApplication.php(282): OrderController->run()
#24 /home/pmahendro/public_html/yii/framework/web/CWebApplication.php(141): CWebApplication->runController()
#25 /home/pmahendro/public_html/yii/framework/base/CApplication.php(180): CWebApplication->processRequest()
#26 /home/pmahendro/public_html/djajalistrik/index.php(13): CWebApplication->run()
REQUEST_URI=/~pmahendro/djajalistrik/index.php?r=transaction/order/outstanding
in /home/pmahendro/public_html/djajalistrik/protected/modules/transaction/views/order/outstanding.php (152)
in /home/pmahendro/public_html/djajalistrik/protected/modules/transaction/controllers/OrderController.php (402)
in /home/pmahendro/public_html/djajalistrik/protected/modules/transaction/controllers/OrderController.php (29)
2026/02/12 19:36:17 [error] [php] Trying to get property of non-object (/home/pmahendro/public_html/yii/framework/base/CComponent.php(612) : eval()'d code:1)
Stack trace:
#0 /home/pmahendro/public_html/yii/framework/zii/widgets/grid/CGridColumn.php(151): CDataColumn->renderDataCellContent()
#1 /home/pmahendro/public_html/yii/framework/zii/widgets/grid/CGridView.php(616): CDataColumn->renderDataCell()
#2 /home/pmahendro/public_html/yii/framework/zii/widgets/grid/CGridView.php(572): CGridView->renderTableRow()
#3 /home/pmahendro/public_html/yii/framework/zii/widgets/grid/CGridView.php(482): CGridView->renderTableBody()
#4 /home/pmahendro/public_html/yii/framework/zii/widgets/CBaseListView.php(167): CGridView->renderItems()
#5 unknown(0): CGridView->renderSection()
#6 /home/pmahendro/public_html/yii/framework/zii/widgets/CBaseListView.php(150): preg_replace_callback()
#7 /home/pmahendro/public_html/yii/framework/zii/widgets/CBaseListView.php(135): CGridView->renderContent()
#8 /home/pmahendro/public_html/yii/framework/web/CBaseController.php(173): CGridView->run()
#9 /home/pmahendro/public_html/djajalistrik/protected/modules/transaction/views/order/outstanding.php(152): OrderController->widget()
#10 /home/pmahendro/public_html/yii/framework/web/CBaseController.php(126): require()
#11 /home/pmahendro/public_html/yii/framework/web/CBaseController.php(95): OrderController->renderInternal()
#12 /home/pmahendro/public_html/yii/framework/web/CController.php(869): OrderController->renderFile()
#13 /home/pmahendro/public_html/yii/framework/web/CController.php(782): OrderController->renderPartial()
#14 /home/pmahendro/public_html/djajalistrik/protected/modules/transaction/controllers/OrderController.php(402): OrderController->render()
#15 /home/pmahendro/public_html/yii/framework/web/actions/CInlineAction.php(49): OrderController->actionOutstanding()
#16 /home/pmahendro/public_html/yii/framework/web/CController.php(308): CInlineAction->runWithParams()
#17 /home/pmahendro/public_html/yii/framework/web/filters/CFilterChain.php(133): OrderController->runAction()
#18 /home/pmahendro/public_html/djajalistrik/protected/modules/transaction/controllers/OrderController.php(29): CFilterChain->run()
#19 /home/pmahendro/public_html/yii/framework/web/filters/CInlineFilter.php(58): OrderController->filterAccess()
#20 /home/pmahendro/public_html/yii/framework/web/filters/CFilterChain.php(130): CInlineFilter->filter()
#21 /home/pmahendro/public_html/yii/framework/web/CController.php(291): CFilterChain->run()
#22 /home/pmahendro/public_html/yii/framework/web/CController.php(265): OrderController->runActionWithFilters()
#23 /home/pmahendro/public_html/yii/framework/web/CWebApplication.php(282): OrderController->run()
#24 /home/pmahendro/public_html/yii/framework/web/CWebApplication.php(141): CWebApplication->runController()
#25 /home/pmahendro/public_html/yii/framework/base/CApplication.php(180): CWebApplication->processRequest()
#26 /home/pmahendro/public_html/djajalistrik/index.php(13): CWebApplication->run()
REQUEST_URI=/~pmahendro/djajalistrik/index.php?r=transaction/order/outstanding
in /home/pmahendro/public_html/djajalistrik/protected/modules/transaction/views/order/outstanding.php (152)
in /home/pmahendro/public_html/djajalistrik/protected/modules/transaction/controllers/OrderController.php (402)
in /home/pmahendro/public_html/djajalistrik/protected/modules/transaction/controllers/OrderController.php (29)
2026/02/12 19:36:59 [error] [php] Trying to get property of non-object (/home/pmahendro/public_html/yii/framework/base/CComponent.php(612) : eval()'d code:1)
Stack trace:
#0 /home/pmahendro/public_html/yii/framework/zii/widgets/grid/CGridColumn.php(151): CDataColumn->renderDataCellContent()
#1 /home/pmahendro/public_html/yii/framework/zii/widgets/grid/CGridView.php(616): CDataColumn->renderDataCell()
#2 /home/pmahendro/public_html/yii/framework/zii/widgets/grid/CGridView.php(572): CGridView->renderTableRow()
#3 /home/pmahendro/public_html/yii/framework/zii/widgets/grid/CGridView.php(482): CGridView->renderTableBody()
#4 /home/pmahendro/public_html/yii/framework/zii/widgets/CBaseListView.php(167): CGridView->renderItems()
#5 unknown(0): CGridView->renderSection()
#6 /home/pmahendro/public_html/yii/framework/zii/widgets/CBaseListView.php(150): preg_replace_callback()
#7 /home/pmahendro/public_html/yii/framework/zii/widgets/CBaseListView.php(135): CGridView->renderContent()
#8 /home/pmahendro/public_html/yii/framework/web/CBaseController.php(173): CGridView->run()
#9 /home/pmahendro/public_html/djajalistrik/protected/modules/transaction/views/order/outstanding.php(152): OrderController->widget()
#10 /home/pmahendro/public_html/yii/framework/web/CBaseController.php(126): require()
#11 /home/pmahendro/public_html/yii/framework/web/CBaseController.php(95): OrderController->renderInternal()
#12 /home/pmahendro/public_html/yii/framework/web/CController.php(869): OrderController->renderFile()
#13 /home/pmahendro/public_html/yii/framework/web/CController.php(782): OrderController->renderPartial()
#14 /home/pmahendro/public_html/djajalistrik/protected/modules/transaction/controllers/OrderController.php(402): OrderController->render()
#15 /home/pmahendro/public_html/yii/framework/web/actions/CInlineAction.php(49): OrderController->actionOutstanding()
#16 /home/pmahendro/public_html/yii/framework/web/CController.php(308): CInlineAction->runWithParams()
#17 /home/pmahendro/public_html/yii/framework/web/filters/CFilterChain.php(133): OrderController->runAction()
#18 /home/pmahendro/public_html/djajalistrik/protected/modules/transaction/controllers/OrderController.php(29): CFilterChain->run()
#19 /home/pmahendro/public_html/yii/framework/web/filters/CInlineFilter.php(58): OrderController->filterAccess()
#20 /home/pmahendro/public_html/yii/framework/web/filters/CFilterChain.php(130): CInlineFilter->filter()
#21 /home/pmahendro/public_html/yii/framework/web/CController.php(291): CFilterChain->run()
#22 /home/pmahendro/public_html/yii/framework/web/CController.php(265): OrderController->runActionWithFilters()
#23 /home/pmahendro/public_html/yii/framework/web/CWebApplication.php(282): OrderController->run()
#24 /home/pmahendro/public_html/yii/framework/web/CWebApplication.php(141): CWebApplication->runController()
#25 /home/pmahendro/public_html/yii/framework/base/CApplication.php(180): CWebApplication->processRequest()
#26 /home/pmahendro/public_html/djajalistrik/index.php(13): CWebApplication->run()
REQUEST_URI=/~pmahendro/djajalistrik/index.php?r=transaction/order/outstanding
in /home/pmahendro/public_html/djajalistrik/protected/modules/transaction/views/order/outstanding.php (152)
in /home/pmahendro/public_html/djajalistrik/protected/modules/transaction/controllers/OrderController.php (402)
in /home/pmahendro/public_html/djajalistrik/protected/modules/transaction/controllers/OrderController.php (29)
2026/02/12 19:39:21 [error] [php] Trying to get property of non-object (/home/pmahendro/public_html/yii/framework/base/CComponent.php(612) : eval()'d code:1)
Stack trace:
#0 /home/pmahendro/public_html/yii/framework/zii/widgets/grid/CGridColumn.php(151): CDataColumn->renderDataCellContent()
#1 /home/pmahendro/public_html/yii/framework/zii/widgets/grid/CGridView.php(616): CDataColumn->renderDataCell()
#2 /home/pmahendro/public_html/yii/framework/zii/widgets/grid/CGridView.php(572): CGridView->renderTableRow()
#3 /home/pmahendro/public_html/yii/framework/zii/widgets/grid/CGridView.php(482): CGridView->renderTableBody()
#4 /home/pmahendro/public_html/yii/framework/zii/widgets/CBaseListView.php(167): CGridView->renderItems()
#5 unknown(0): CGridView->renderSection()
#6 /home/pmahendro/public_html/yii/framework/zii/widgets/CBaseListView.php(150): preg_replace_callback()
#7 /home/pmahendro/public_html/yii/framework/zii/widgets/CBaseListView.php(135): CGridView->renderContent()
#8 /home/pmahendro/public_html/yii/framework/web/CBaseController.php(173): CGridView->run()
#9 /home/pmahendro/public_html/djajalistrik/protected/modules/transaction/views/order/outstanding.php(152): OrderController->widget()
#10 /home/pmahendro/public_html/yii/framework/web/CBaseController.php(126): require()
#11 /home/pmahendro/public_html/yii/framework/web/CBaseController.php(95): OrderController->renderInternal()
#12 /home/pmahendro/public_html/yii/framework/web/CController.php(869): OrderController->renderFile()
#13 /home/pmahendro/public_html/yii/framework/web/CController.php(782): OrderController->renderPartial()
#14 /home/pmahendro/public_html/djajalistrik/protected/modules/transaction/controllers/OrderController.php(402): OrderController->render()
#15 /home/pmahendro/public_html/yii/framework/web/actions/CInlineAction.php(49): OrderController->actionOutstanding()
#16 /home/pmahendro/public_html/yii/framework/web/CController.php(308): CInlineAction->runWithParams()
#17 /home/pmahendro/public_html/yii/framework/web/filters/CFilterChain.php(133): OrderController->runAction()
#18 /home/pmahendro/public_html/djajalistrik/protected/modules/transaction/controllers/OrderController.php(29): CFilterChain->run()
#19 /home/pmahendro/public_html/yii/framework/web/filters/CInlineFilter.php(58): OrderController->filterAccess()
#20 /home/pmahendro/public_html/yii/framework/web/filters/CFilterChain.php(130): CInlineFilter->filter()
#21 /home/pmahendro/public_html/yii/framework/web/CController.php(291): CFilterChain->run()
#22 /home/pmahendro/public_html/yii/framework/web/CController.php(265): OrderController->runActionWithFilters()
#23 /home/pmahendro/public_html/yii/framework/web/CWebApplication.php(282): OrderController->run()
#24 /home/pmahendro/public_html/yii/framework/web/CWebApplication.php(141): CWebApplication->runController()
#25 /home/pmahendro/public_html/yii/framework/base/CApplication.php(180): CWebApplication->processRequest()
#26 /home/pmahendro/public_html/djajalistrik/index.php(13): CWebApplication->run()
REQUEST_URI=/~pmahendro/djajalistrik/index.php?r=transaction/order/outstanding
in /home/pmahendro/public_html/djajalistrik/protected/modules/transaction/views/order/outstanding.php (152)
in /home/pmahendro/public_html/djajalistrik/protected/modules/transaction/controllers/OrderController.php (402)
in /home/pmahendro/public_html/djajalistrik/protected/modules/transaction/controllers/OrderController.php (29)
2026/02/12 19:39:38 [error] [php] Trying to get property of non-object (/home/pmahendro/public_html/yii/framework/base/CComponent.php(612) : eval()'d code:1)
Stack trace:
#0 /home/pmahendro/public_html/yii/framework/zii/widgets/grid/CGridColumn.php(151): CDataColumn->renderDataCellContent()
#1 /home/pmahendro/public_html/yii/framework/zii/widgets/grid/CGridView.php(616): CDataColumn->renderDataCell()
#2 /home/pmahendro/public_html/yii/framework/zii/widgets/grid/CGridView.php(572): CGridView->renderTableRow()
#3 /home/pmahendro/public_html/yii/framework/zii/widgets/grid/CGridView.php(482): CGridView->renderTableBody()
#4 /home/pmahendro/public_html/yii/framework/zii/widgets/CBaseListView.php(167): CGridView->renderItems()
#5 unknown(0): CGridView->renderSection()
#6 /home/pmahendro/public_html/yii/framework/zii/widgets/CBaseListView.php(150): preg_replace_callback()
#7 /home/pmahendro/public_html/yii/framework/zii/widgets/CBaseListView.php(135): CGridView->renderContent()
#8 /home/pmahendro/public_html/yii/framework/web/CBaseController.php(173): CGridView->run()
#9 /home/pmahendro/public_html/djajalistrik/protected/modules/transaction/views/order/outstanding.php(152): OrderController->widget()
#10 /home/pmahendro/public_html/yii/framework/web/CBaseController.php(126): require()
#11 /home/pmahendro/public_html/yii/framework/web/CBaseController.php(95): OrderController->renderInternal()
#12 /home/pmahendro/public_html/yii/framework/web/CController.php(869): OrderController->renderFile()
#13 /home/pmahendro/public_html/yii/framework/web/CController.php(782): OrderController->renderPartial()
#14 /home/pmahendro/public_html/djajalistrik/protected/modules/transaction/controllers/OrderController.php(402): OrderController->render()
#15 /home/pmahendro/public_html/yii/framework/web/actions/CInlineAction.php(49): OrderController->actionOutstanding()
#16 /home/pmahendro/public_html/yii/framework/web/CController.php(308): CInlineAction->runWithParams()
#17 /home/pmahendro/public_html/yii/framework/web/filters/CFilterChain.php(133): OrderController->runAction()
#18 /home/pmahendro/public_html/djajalistrik/protected/modules/transaction/controllers/OrderController.php(29): CFilterChain->run()
#19 /home/pmahendro/public_html/yii/framework/web/filters/CInlineFilter.php(58): OrderController->filterAccess()
#20 /home/pmahendro/public_html/yii/framework/web/filters/CFilterChain.php(130): CInlineFilter->filter()
#21 /home/pmahendro/public_html/yii/framework/web/CController.php(291): CFilterChain->run()
#22 /home/pmahendro/public_html/yii/framework/web/CController.php(265): OrderController->runActionWithFilters()
#23 /home/pmahendro/public_html/yii/framework/web/CWebApplication.php(282): OrderController->run()
#24 /home/pmahendro/public_html/yii/framework/web/CWebApplication.php(141): CWebApplication->runController()
#25 /home/pmahendro/public_html/yii/framework/base/CApplication.php(180): CWebApplication->processRequest()
#26 /home/pmahendro/public_html/djajalistrik/index.php(13): CWebApplication->run()
REQUEST_URI=/~pmahendro/djajalistrik/index.php?r=transaction/order/outstanding
in /home/pmahendro/public_html/djajalistrik/protected/modules/transaction/views/order/outstanding.php (152)
in /home/pmahendro/public_html/djajalistrik/protected/modules/transaction/controllers/OrderController.php (402)
in /home/pmahendro/public_html/djajalistrik/protected/modules/transaction/controllers/OrderController.php (29)
2026/02/12 19:39:44 [error] [php] Trying to get property of non-object (/home/pmahendro/public_html/yii/framework/base/CComponent.php(612) : eval()'d code:1)
Stack trace:
#0 /home/pmahendro/public_html/yii/framework/zii/widgets/grid/CGridColumn.php(151): CDataColumn->renderDataCellContent()
#1 /home/pmahendro/public_html/yii/framework/zii/widgets/grid/CGridView.php(616): CDataColumn->renderDataCell()
#2 /home/pmahendro/public_html/yii/framework/zii/widgets/grid/CGridView.php(572): CGridView->renderTableRow()
#3 /home/pmahendro/public_html/yii/framework/zii/widgets/grid/CGridView.php(482): CGridView->renderTableBody()
#4 /home/pmahendro/public_html/yii/framework/zii/widgets/CBaseListView.php(167): CGridView->renderItems()
#5 unknown(0): CGridView->renderSection()
#6 /home/pmahendro/public_html/yii/framework/zii/widgets/CBaseListView.php(150): preg_replace_callback()
#7 /home/pmahendro/public_html/yii/framework/zii/widgets/CBaseListView.php(135): CGridView->renderContent()
#8 /home/pmahendro/public_html/yii/framework/web/CBaseController.php(173): CGridView->run()
#9 /home/pmahendro/public_html/djajalistrik/protected/modules/transaction/views/order/outstanding.php(152): OrderController->widget()
#10 /home/pmahendro/public_html/yii/framework/web/CBaseController.php(126): require()
#11 /home/pmahendro/public_html/yii/framework/web/CBaseController.php(95): OrderController->renderInternal()
#12 /home/pmahendro/public_html/yii/framework/web/CController.php(869): OrderController->renderFile()
#13 /home/pmahendro/public_html/yii/framework/web/CController.php(782): OrderController->renderPartial()
#14 /home/pmahendro/public_html/djajalistrik/protected/modules/transaction/controllers/OrderController.php(402): OrderController->render()
#15 /home/pmahendro/public_html/yii/framework/web/actions/CInlineAction.php(49): OrderController->actionOutstanding()
#16 /home/pmahendro/public_html/yii/framework/web/CController.php(308): CInlineAction->runWithParams()
#17 /home/pmahendro/public_html/yii/framework/web/filters/CFilterChain.php(133): OrderController->runAction()
#18 /home/pmahendro/public_html/djajalistrik/protected/modules/transaction/controllers/OrderController.php(29): CFilterChain->run()
#19 /home/pmahendro/public_html/yii/framework/web/filters/CInlineFilter.php(58): OrderController->filterAccess()
#20 /home/pmahendro/public_html/yii/framework/web/filters/CFilterChain.php(130): CInlineFilter->filter()
#21 /home/pmahendro/public_html/yii/framework/web/CController.php(291): CFilterChain->run()
#22 /home/pmahendro/public_html/yii/framework/web/CController.php(265): OrderController->runActionWithFilters()
#23 /home/pmahendro/public_html/yii/framework/web/CWebApplication.php(282): OrderController->run()
#24 /home/pmahendro/public_html/yii/framework/web/CWebApplication.php(141): CWebApplication->runController()
#25 /home/pmahendro/public_html/yii/framework/base/CApplication.php(180): CWebApplication->processRequest()
#26 /home/pmahendro/public_html/djajalistrik/index.php(13): CWebApplication->run()
REQUEST_URI=/~pmahendro/djajalistrik/index.php?r=transaction/order/outstanding
in /home/pmahendro/public_html/djajalistrik/protected/modules/transaction/views/order/outstanding.php (152)
in /home/pmahendro/public_html/djajalistrik/protected/modules/transaction/controllers/OrderController.php (402)
in /home/pmahendro/public_html/djajalistrik/protected/modules/transaction/controllers/OrderController.php (29)
2026/02/12 19:40:41 [error] [php] Trying to get property of non-object (/home/pmahendro/public_html/yii/framework/base/CComponent.php(612) : eval()'d code:1)
Stack trace:
#0 /home/pmahendro/public_html/yii/framework/zii/widgets/grid/CGridColumn.php(151): CDataColumn->renderDataCellContent()
#1 /home/pmahendro/public_html/yii/framework/zii/widgets/grid/CGridView.php(616): CDataColumn->renderDataCell()
#2 /home/pmahendro/public_html/yii/framework/zii/widgets/grid/CGridView.php(572): CGridView->renderTableRow()
#3 /home/pmahendro/public_html/yii/framework/zii/widgets/grid/CGridView.php(482): CGridView->renderTableBody()
#4 /home/pmahendro/public_html/yii/framework/zii/widgets/CBaseListView.php(167): CGridView->renderItems()
#5 unknown(0): CGridView->renderSection()
#6 /home/pmahendro/public_html/yii/framework/zii/widgets/CBaseListView.php(150): preg_replace_callback()
#7 /home/pmahendro/public_html/yii/framework/zii/widgets/CBaseListView.php(135): CGridView->renderContent()
#8 /home/pmahendro/public_html/yii/framework/web/CBaseController.php(173): CGridView->run()
#9 /home/pmahendro/public_html/djajalistrik/protected/modules/transaction/views/order/outstanding.php(152): OrderController->widget()
#10 /home/pmahendro/public_html/yii/framework/web/CBaseController.php(126): require()
#11 /home/pmahendro/public_html/yii/framework/web/CBaseController.php(95): OrderController->renderInternal()
#12 /home/pmahendro/public_html/yii/framework/web/CController.php(869): OrderController->renderFile()
#13 /home/pmahendro/public_html/yii/framework/web/CController.php(782): OrderController->renderPartial()
#14 /home/pmahendro/public_html/djajalistrik/protected/modules/transaction/controllers/OrderController.php(402): OrderController->render()
#15 /home/pmahendro/public_html/yii/framework/web/actions/CInlineAction.php(49): OrderController->actionOutstanding()
#16 /home/pmahendro/public_html/yii/framework/web/CController.php(308): CInlineAction->runWithParams()
#17 /home/pmahendro/public_html/yii/framework/web/filters/CFilterChain.php(133): OrderController->runAction()
#18 /home/pmahendro/public_html/djajalistrik/protected/modules/transaction/controllers/OrderController.php(29): CFilterChain->run()
#19 /home/pmahendro/public_html/yii/framework/web/filters/CInlineFilter.php(58): OrderController->filterAccess()
#20 /home/pmahendro/public_html/yii/framework/web/filters/CFilterChain.php(130): CInlineFilter->filter()
#21 /home/pmahendro/public_html/yii/framework/web/CController.php(291): CFilterChain->run()
#22 /home/pmahendro/public_html/yii/framework/web/CController.php(265): OrderController->runActionWithFilters()
#23 /home/pmahendro/public_html/yii/framework/web/CWebApplication.php(282): OrderController->run()
#24 /home/pmahendro/public_html/yii/framework/web/CWebApplication.php(141): CWebApplication->runController()
#25 /home/pmahendro/public_html/yii/framework/base/CApplication.php(180): CWebApplication->processRequest()
#26 /home/pmahendro/public_html/djajalistrik/index.php(13): CWebApplication->run()
REQUEST_URI=/~pmahendro/djajalistrik/index.php?r=transaction/order/outstanding
in /home/pmahendro/public_html/djajalistrik/protected/modules/transaction/views/order/outstanding.php (152)
in /home/pmahendro/public_html/djajalistrik/protected/modules/transaction/controllers/OrderController.php (402)
in /home/pmahendro/public_html/djajalistrik/protected/modules/transaction/controllers/OrderController.php (29)
2026/02/12 19:40:48 [error] [php] Trying to get property of non-object (/home/pmahendro/public_html/yii/framework/base/CComponent.php(612) : eval()'d code:1)
Stack trace:
#0 /home/pmahendro/public_html/yii/framework/zii/widgets/grid/CGridColumn.php(151): CDataColumn->renderDataCellContent()
#1 /home/pmahendro/public_html/yii/framework/zii/widgets/grid/CGridView.php(616): CDataColumn->renderDataCell()
#2 /home/pmahendro/public_html/yii/framework/zii/widgets/grid/CGridView.php(572): CGridView->renderTableRow()
#3 /home/pmahendro/public_html/yii/framework/zii/widgets/grid/CGridView.php(482): CGridView->renderTableBody()
#4 /home/pmahendro/public_html/yii/framework/zii/widgets/CBaseListView.php(167): CGridView->renderItems()
#5 unknown(0): CGridView->renderSection()
#6 /home/pmahendro/public_html/yii/framework/zii/widgets/CBaseListView.php(150): preg_replace_callback()
#7 /home/pmahendro/public_html/yii/framework/zii/widgets/CBaseListView.php(135): CGridView->renderContent()
#8 /home/pmahendro/public_html/yii/framework/web/CBaseController.php(173): CGridView->run()
#9 /home/pmahendro/public_html/djajalistrik/protected/modules/transaction/views/order/outstanding.php(152): OrderController->widget()
#10 /home/pmahendro/public_html/yii/framework/web/CBaseController.php(126): require()
#11 /home/pmahendro/public_html/yii/framework/web/CBaseController.php(95): OrderController->renderInternal()
#12 /home/pmahendro/public_html/yii/framework/web/CController.php(869): OrderController->renderFile()
#13 /home/pmahendro/public_html/yii/framework/web/CController.php(782): OrderController->renderPartial()
#14 /home/pmahendro/public_html/djajalistrik/protected/modules/transaction/controllers/OrderController.php(402): OrderController->render()
#15 /home/pmahendro/public_html/yii/framework/web/actions/CInlineAction.php(49): OrderController->actionOutstanding()
#16 /home/pmahendro/public_html/yii/framework/web/CController.php(308): CInlineAction->runWithParams()
#17 /home/pmahendro/public_html/yii/framework/web/filters/CFilterChain.php(133): OrderController->runAction()
#18 /home/pmahendro/public_html/djajalistrik/protected/modules/transaction/controllers/OrderController.php(29): CFilterChain->run()
#19 /home/pmahendro/public_html/yii/framework/web/filters/CInlineFilter.php(58): OrderController->filterAccess()
#20 /home/pmahendro/public_html/yii/framework/web/filters/CFilterChain.php(130): CInlineFilter->filter()
#21 /home/pmahendro/public_html/yii/framework/web/CController.php(291): CFilterChain->run()
#22 /home/pmahendro/public_html/yii/framework/web/CController.php(265): OrderController->runActionWithFilters()
#23 /home/pmahendro/public_html/yii/framework/web/CWebApplication.php(282): OrderController->run()
#24 /home/pmahendro/public_html/yii/framework/web/CWebApplication.php(141): CWebApplication->runController()
#25 /home/pmahendro/public_html/yii/framework/base/CApplication.php(180): CWebApplication->processRequest()
#26 /home/pmahendro/public_html/djajalistrik/index.php(13): CWebApplication->run()
REQUEST_URI=/~pmahendro/djajalistrik/index.php?r=transaction/order/outstanding
in /home/pmahendro/public_html/djajalistrik/protected/modules/transaction/views/order/outstanding.php (152)
in /home/pmahendro/public_html/djajalistrik/protected/modules/transaction/controllers/OrderController.php (402)
in /home/pmahendro/public_html/djajalistrik/protected/modules/transaction/controllers/OrderController.php (29)
2026/02/12 19:40:55 [error] [php] Trying to get property of non-object (/home/pmahendro/public_html/yii/framework/base/CComponent.php(612) : eval()'d code:1)
Stack trace:
#0 /home/pmahendro/public_html/yii/framework/zii/widgets/grid/CGridColumn.php(151): CDataColumn->renderDataCellContent()
#1 /home/pmahendro/public_html/yii/framework/zii/widgets/grid/CGridView.php(616): CDataColumn->renderDataCell()
#2 /home/pmahendro/public_html/yii/framework/zii/widgets/grid/CGridView.php(572): CGridView->renderTableRow()
#3 /home/pmahendro/public_html/yii/framework/zii/widgets/grid/CGridView.php(482): CGridView->renderTableBody()
#4 /home/pmahendro/public_html/yii/framework/zii/widgets/CBaseListView.php(167): CGridView->renderItems()
#5 unknown(0): CGridView->renderSection()
#6 /home/pmahendro/public_html/yii/framework/zii/widgets/CBaseListView.php(150): preg_replace_callback()
#7 /home/pmahendro/public_html/yii/framework/zii/widgets/CBaseListView.php(135): CGridView->renderContent()
#8 /home/pmahendro/public_html/yii/framework/web/CBaseController.php(173): CGridView->run()
#9 /home/pmahendro/public_html/djajalistrik/protected/modules/transaction/views/order/outstanding.php(152): OrderController->widget()
#10 /home/pmahendro/public_html/yii/framework/web/CBaseController.php(126): require()
#11 /home/pmahendro/public_html/yii/framework/web/CBaseController.php(95): OrderController->renderInternal()
#12 /home/pmahendro/public_html/yii/framework/web/CController.php(869): OrderController->renderFile()
#13 /home/pmahendro/public_html/yii/framework/web/CController.php(782): OrderController->renderPartial()
#14 /home/pmahendro/public_html/djajalistrik/protected/modules/transaction/controllers/OrderController.php(402): OrderController->render()
#15 /home/pmahendro/public_html/yii/framework/web/actions/CInlineAction.php(49): OrderController->actionOutstanding()
#16 /home/pmahendro/public_html/yii/framework/web/CController.php(308): CInlineAction->runWithParams()
#17 /home/pmahendro/public_html/yii/framework/web/filters/CFilterChain.php(133): OrderController->runAction()
#18 /home/pmahendro/public_html/djajalistrik/protected/modules/transaction/controllers/OrderController.php(29): CFilterChain->run()
#19 /home/pmahendro/public_html/yii/framework/web/filters/CInlineFilter.php(58): OrderController->filterAccess()
#20 /home/pmahendro/public_html/yii/framework/web/filters/CFilterChain.php(130): CInlineFilter->filter()
#21 /home/pmahendro/public_html/yii/framework/web/CController.php(291): CFilterChain->run()
#22 /home/pmahendro/public_html/yii/framework/web/CController.php(265): OrderController->runActionWithFilters()
#23 /home/pmahendro/public_html/yii/framework/web/CWebApplication.php(282): OrderController->run()
#24 /home/pmahendro/public_html/yii/framework/web/CWebApplication.php(141): CWebApplication->runController()
#25 /home/pmahendro/public_html/yii/framework/base/CApplication.php(180): CWebApplication->processRequest()
#26 /home/pmahendro/public_html/djajalistrik/index.php(13): CWebApplication->run()
REQUEST_URI=/~pmahendro/djajalistrik/index.php?r=transaction/order/outstanding
in /home/pmahendro/public_html/djajalistrik/protected/modules/transaction/views/order/outstanding.php (152)
in /home/pmahendro/public_html/djajalistrik/protected/modules/transaction/controllers/OrderController.php (402)
in /home/pmahendro/public_html/djajalistrik/protected/modules/transaction/controllers/OrderController.php (29)
2026/02/12 19:41:06 [error] [php] Trying to get property of non-object (/home/pmahendro/public_html/yii/framework/base/CComponent.php(612) : eval()'d code:1)
Stack trace:
#0 /home/pmahendro/public_html/yii/framework/zii/widgets/grid/CGridColumn.php(151): CDataColumn->renderDataCellContent()
#1 /home/pmahendro/public_html/yii/framework/zii/widgets/grid/CGridView.php(616): CDataColumn->renderDataCell()
#2 /home/pmahendro/public_html/yii/framework/zii/widgets/grid/CGridView.php(572): CGridView->renderTableRow()
#3 /home/pmahendro/public_html/yii/framework/zii/widgets/grid/CGridView.php(482): CGridView->renderTableBody()
#4 /home/pmahendro/public_html/yii/framework/zii/widgets/CBaseListView.php(167): CGridView->renderItems()
#5 unknown(0): CGridView->renderSection()
#6 /home/pmahendro/public_html/yii/framework/zii/widgets/CBaseListView.php(150): preg_replace_callback()
#7 /home/pmahendro/public_html/yii/framework/zii/widgets/CBaseListView.php(135): CGridView->renderContent()
#8 /home/pmahendro/public_html/yii/framework/web/CBaseController.php(173): CGridView->run()
#9 /home/pmahendro/public_html/djajalistrik/protected/modules/transaction/views/order/outstanding.php(152): OrderController->widget()
#10 /home/pmahendro/public_html/yii/framework/web/CBaseController.php(126): require()
#11 /home/pmahendro/public_html/yii/framework/web/CBaseController.php(95): OrderController->renderInternal()
#12 /home/pmahendro/public_html/yii/framework/web/CController.php(869): OrderController->renderFile()
#13 /home/pmahendro/public_html/yii/framework/web/CController.php(782): OrderController->renderPartial()
#14 /home/pmahendro/public_html/djajalistrik/protected/modules/transaction/controllers/OrderController.php(402): OrderController->render()
#15 /home/pmahendro/public_html/yii/framework/web/actions/CInlineAction.php(49): OrderController->actionOutstanding()
#16 /home/pmahendro/public_html/yii/framework/web/CController.php(308): CInlineAction->runWithParams()
#17 /home/pmahendro/public_html/yii/framework/web/filters/CFilterChain.php(133): OrderController->runAction()
#18 /home/pmahendro/public_html/djajalistrik/protected/modules/transaction/controllers/OrderController.php(29): CFilterChain->run()
#19 /home/pmahendro/public_html/yii/framework/web/filters/CInlineFilter.php(58): OrderController->filterAccess()
#20 /home/pmahendro/public_html/yii/framework/web/filters/CFilterChain.php(130): CInlineFilter->filter()
#21 /home/pmahendro/public_html/yii/framework/web/CController.php(291): CFilterChain->run()
#22 /home/pmahendro/public_html/yii/framework/web/CController.php(265): OrderController->runActionWithFilters()
#23 /home/pmahendro/public_html/yii/framework/web/CWebApplication.php(282): OrderController->run()
#24 /home/pmahendro/public_html/yii/framework/web/CWebApplication.php(141): CWebApplication->runController()
#25 /home/pmahendro/public_html/yii/framework/base/CApplication.php(180): CWebApplication->processRequest()
#26 /home/pmahendro/public_html/djajalistrik/index.php(13): CWebApplication->run()
REQUEST_URI=/~pmahendro/djajalistrik/index.php?r=transaction/order/outstanding
in /home/pmahendro/public_html/djajalistrik/protected/modules/transaction/views/order/outstanding.php (152)
in /home/pmahendro/public_html/djajalistrik/protected/modules/transaction/controllers/OrderController.php (402)
in /home/pmahendro/public_html/djajalistrik/protected/modules/transaction/controllers/OrderController.php (29)
2026/02/12 19:42:40 [error] [php] Trying to get property of non-object (/home/pmahendro/public_html/yii/framework/base/CComponent.php(612) : eval()'d code:1)
Stack trace:
#0 /home/pmahendro/public_html/yii/framework/zii/widgets/grid/CGridColumn.php(151): CDataColumn->renderDataCellContent()
#1 /home/pmahendro/public_html/yii/framework/zii/widgets/grid/CGridView.php(616): CDataColumn->renderDataCell()
#2 /home/pmahendro/public_html/yii/framework/zii/widgets/grid/CGridView.php(572): CGridView->renderTableRow()
#3 /home/pmahendro/public_html/yii/framework/zii/widgets/grid/CGridView.php(482): CGridView->renderTableBody()
#4 /home/pmahendro/public_html/yii/framework/zii/widgets/CBaseListView.php(167): CGridView->renderItems()
#5 unknown(0): CGridView->renderSection()
#6 /home/pmahendro/public_html/yii/framework/zii/widgets/CBaseListView.php(150): preg_replace_callback()
#7 /home/pmahendro/public_html/yii/framework/zii/widgets/CBaseListView.php(135): CGridView->renderContent()
#8 /home/pmahendro/public_html/yii/framework/web/CBaseController.php(173): CGridView->run()
#9 /home/pmahendro/public_html/djajalistrik/protected/modules/transaction/views/order/outstanding.php(152): OrderController->widget()
#10 /home/pmahendro/public_html/yii/framework/web/CBaseController.php(126): require()
#11 /home/pmahendro/public_html/yii/framework/web/CBaseController.php(95): OrderController->renderInternal()
#12 /home/pmahendro/public_html/yii/framework/web/CController.php(869): OrderController->renderFile()
#13 /home/pmahendro/public_html/yii/framework/web/CController.php(782): OrderController->renderPartial()
#14 /home/pmahendro/public_html/djajalistrik/protected/modules/transaction/controllers/OrderController.php(402): OrderController->render()
#15 /home/pmahendro/public_html/yii/framework/web/actions/CInlineAction.php(49): OrderController->actionOutstanding()
#16 /home/pmahendro/public_html/yii/framework/web/CController.php(308): CInlineAction->runWithParams()
#17 /home/pmahendro/public_html/yii/framework/web/filters/CFilterChain.php(133): OrderController->runAction()
#18 /home/pmahendro/public_html/djajalistrik/protected/modules/transaction/controllers/OrderController.php(29): CFilterChain->run()
#19 /home/pmahendro/public_html/yii/framework/web/filters/CInlineFilter.php(58): OrderController->filterAccess()
#20 /home/pmahendro/public_html/yii/framework/web/filters/CFilterChain.php(130): CInlineFilter->filter()
#21 /home/pmahendro/public_html/yii/framework/web/CController.php(291): CFilterChain->run()
#22 /home/pmahendro/public_html/yii/framework/web/CController.php(265): OrderController->runActionWithFilters()
#23 /home/pmahendro/public_html/yii/framework/web/CWebApplication.php(282): OrderController->run()
#24 /home/pmahendro/public_html/yii/framework/web/CWebApplication.php(141): CWebApplication->runController()
#25 /home/pmahendro/public_html/yii/framework/base/CApplication.php(180): CWebApplication->processRequest()
#26 /home/pmahendro/public_html/djajalistrik/index.php(13): CWebApplication->run()
REQUEST_URI=/~pmahendro/djajalistrik/index.php?r=transaction/order/outstanding
in /home/pmahendro/public_html/djajalistrik/protected/modules/transaction/views/order/outstanding.php (152)
in /home/pmahendro/public_html/djajalistrik/protected/modules/transaction/controllers/OrderController.php (402)
in /home/pmahendro/public_html/djajalistrik/protected/modules/transaction/controllers/OrderController.php (29)
2026/02/12 19:43:22 [error] [php] Trying to get property of non-object (/home/pmahendro/public_html/yii/framework/base/CComponent.php(612) : eval()'d code:1)
Stack trace:
#0 /home/pmahendro/public_html/yii/framework/zii/widgets/grid/CGridColumn.php(151): CDataColumn->renderDataCellContent()
#1 /home/pmahendro/public_html/yii/framework/zii/widgets/grid/CGridView.php(616): CDataColumn->renderDataCell()
#2 /home/pmahendro/public_html/yii/framework/zii/widgets/grid/CGridView.php(572): CGridView->renderTableRow()
#3 /home/pmahendro/public_html/yii/framework/zii/widgets/grid/CGridView.php(482): CGridView->renderTableBody()
#4 /home/pmahendro/public_html/yii/framework/zii/widgets/CBaseListView.php(167): CGridView->renderItems()
#5 unknown(0): CGridView->renderSection()
#6 /home/pmahendro/public_html/yii/framework/zii/widgets/CBaseListView.php(150): preg_replace_callback()
#7 /home/pmahendro/public_html/yii/framework/zii/widgets/CBaseListView.php(135): CGridView->renderContent()
#8 /home/pmahendro/public_html/yii/framework/web/CBaseController.php(173): CGridView->run()
#9 /home/pmahendro/public_html/djajalistrik/protected/modules/transaction/views/order/outstanding.php(152): OrderController->widget()
#10 /home/pmahendro/public_html/yii/framework/web/CBaseController.php(126): require()
#11 /home/pmahendro/public_html/yii/framework/web/CBaseController.php(95): OrderController->renderInternal()
#12 /home/pmahendro/public_html/yii/framework/web/CController.php(869): OrderController->renderFile()
#13 /home/pmahendro/public_html/yii/framework/web/CController.php(782): OrderController->renderPartial()
#14 /home/pmahendro/public_html/djajalistrik/protected/modules/transaction/controllers/OrderController.php(402): OrderController->render()
#15 /home/pmahendro/public_html/yii/framework/web/actions/CInlineAction.php(49): OrderController->actionOutstanding()
#16 /home/pmahendro/public_html/yii/framework/web/CController.php(308): CInlineAction->runWithParams()
#17 /home/pmahendro/public_html/yii/framework/web/filters/CFilterChain.php(133): OrderController->runAction()
#18 /home/pmahendro/public_html/djajalistrik/protected/modules/transaction/controllers/OrderController.php(29): CFilterChain->run()
#19 /home/pmahendro/public_html/yii/framework/web/filters/CInlineFilter.php(58): OrderController->filterAccess()
#20 /home/pmahendro/public_html/yii/framework/web/filters/CFilterChain.php(130): CInlineFilter->filter()
#21 /home/pmahendro/public_html/yii/framework/web/CController.php(291): CFilterChain->run()
#22 /home/pmahendro/public_html/yii/framework/web/CController.php(265): OrderController->runActionWithFilters()
#23 /home/pmahendro/public_html/yii/framework/web/CWebApplication.php(282): OrderController->run()
#24 /home/pmahendro/public_html/yii/framework/web/CWebApplication.php(141): CWebApplication->runController()
#25 /home/pmahendro/public_html/yii/framework/base/CApplication.php(180): CWebApplication->processRequest()
#26 /home/pmahendro/public_html/djajalistrik/index.php(13): CWebApplication->run()
REQUEST_URI=/~pmahendro/djajalistrik/index.php?r=transaction/order/outstanding
in /home/pmahendro/public_html/djajalistrik/protected/modules/transaction/views/order/outstanding.php (152)
in /home/pmahendro/public_html/djajalistrik/protected/modules/transaction/controllers/OrderController.php (402)
in /home/pmahendro/public_html/djajalistrik/protected/modules/transaction/controllers/OrderController.php (29)
2026/02/12 19:45:08 [error] [php] Trying to get property of non-object (/home/pmahendro/public_html/yii/framework/base/CComponent.php(612) : eval()'d code:1)
Stack trace:
#0 /home/pmahendro/public_html/yii/framework/zii/widgets/grid/CGridColumn.php(151): CDataColumn->renderDataCellContent()
#1 /home/pmahendro/public_html/yii/framework/zii/widgets/grid/CGridView.php(616): CDataColumn->renderDataCell()
#2 /home/pmahendro/public_html/yii/framework/zii/widgets/grid/CGridView.php(572): CGridView->renderTableRow()
#3 /home/pmahendro/public_html/yii/framework/zii/widgets/grid/CGridView.php(482): CGridView->renderTableBody()
#4 /home/pmahendro/public_html/yii/framework/zii/widgets/CBaseListView.php(167): CGridView->renderItems()
#5 unknown(0): CGridView->renderSection()
#6 /home/pmahendro/public_html/yii/framework/zii/widgets/CBaseListView.php(150): preg_replace_callback()
#7 /home/pmahendro/public_html/yii/framework/zii/widgets/CBaseListView.php(135): CGridView->renderContent()
#8 /home/pmahendro/public_html/yii/framework/web/CBaseController.php(173): CGridView->run()
#9 /home/pmahendro/public_html/djajalistrik/protected/modules/transaction/views/order/outstanding.php(152): OrderController->widget()
#10 /home/pmahendro/public_html/yii/framework/web/CBaseController.php(126): require()
#11 /home/pmahendro/public_html/yii/framework/web/CBaseController.php(95): OrderController->renderInternal()
#12 /home/pmahendro/public_html/yii/framework/web/CController.php(869): OrderController->renderFile()
#13 /home/pmahendro/public_html/yii/framework/web/CController.php(782): OrderController->renderPartial()
#14 /home/pmahendro/public_html/djajalistrik/protected/modules/transaction/controllers/OrderController.php(402): OrderController->render()
#15 /home/pmahendro/public_html/yii/framework/web/actions/CInlineAction.php(49): OrderController->actionOutstanding()
#16 /home/pmahendro/public_html/yii/framework/web/CController.php(308): CInlineAction->runWithParams()
#17 /home/pmahendro/public_html/yii/framework/web/filters/CFilterChain.php(133): OrderController->runAction()
#18 /home/pmahendro/public_html/djajalistrik/protected/modules/transaction/controllers/OrderController.php(29): CFilterChain->run()
#19 /home/pmahendro/public_html/yii/framework/web/filters/CInlineFilter.php(58): OrderController->filterAccess()
#20 /home/pmahendro/public_html/yii/framework/web/filters/CFilterChain.php(130): CInlineFilter->filter()
#21 /home/pmahendro/public_html/yii/framework/web/CController.php(291): CFilterChain->run()
#22 /home/pmahendro/public_html/yii/framework/web/CController.php(265): OrderController->runActionWithFilters()
#23 /home/pmahendro/public_html/yii/framework/web/CWebApplication.php(282): OrderController->run()
#24 /home/pmahendro/public_html/yii/framework/web/CWebApplication.php(141): CWebApplication->runController()
#25 /home/pmahendro/public_html/yii/framework/base/CApplication.php(180): CWebApplication->processRequest()
#26 /home/pmahendro/public_html/djajalistrik/index.php(13): CWebApplication->run()
REQUEST_URI=/~pmahendro/djajalistrik/index.php?r=transaction/order/outstanding
in /home/pmahendro/public_html/djajalistrik/protected/modules/transaction/views/order/outstanding.php (152)
in /home/pmahendro/public_html/djajalistrik/protected/modules/transaction/controllers/OrderController.php (402)
in /home/pmahendro/public_html/djajalistrik/protected/modules/transaction/controllers/OrderController.php (29)
2026/02/12 19:47:00 [error] [php] Trying to get property of non-object (/home/pmahendro/public_html/yii/framework/base/CComponent.php(612) : eval()'d code:1)
Stack trace:
#0 /home/pmahendro/public_html/yii/framework/zii/widgets/grid/CGridColumn.php(151): CDataColumn->renderDataCellContent()
#1 /home/pmahendro/public_html/yii/framework/zii/widgets/grid/CGridView.php(616): CDataColumn->renderDataCell()
#2 /home/pmahendro/public_html/yii/framework/zii/widgets/grid/CGridView.php(572): CGridView->renderTableRow()
#3 /home/pmahendro/public_html/yii/framework/zii/widgets/grid/CGridView.php(482): CGridView->renderTableBody()
#4 /home/pmahendro/public_html/yii/framework/zii/widgets/CBaseListView.php(167): CGridView->renderItems()
#5 unknown(0): CGridView->renderSection()
#6 /home/pmahendro/public_html/yii/framework/zii/widgets/CBaseListView.php(150): preg_replace_callback()
#7 /home/pmahendro/public_html/yii/framework/zii/widgets/CBaseListView.php(135): CGridView->renderContent()
#8 /home/pmahendro/public_html/yii/framework/web/CBaseController.php(173): CGridView->run()
#9 /home/pmahendro/public_html/djajalistrik/protected/modules/transaction/views/order/outstanding.php(152): OrderController->widget()
#10 /home/pmahendro/public_html/yii/framework/web/CBaseController.php(126): require()
#11 /home/pmahendro/public_html/yii/framework/web/CBaseController.php(95): OrderController->renderInternal()
#12 /home/pmahendro/public_html/yii/framework/web/CController.php(869): OrderController->renderFile()
#13 /home/pmahendro/public_html/yii/framework/web/CController.php(782): OrderController->renderPartial()
#14 /home/pmahendro/public_html/djajalistrik/protected/modules/transaction/controllers/OrderController.php(402): OrderController->render()
#15 /home/pmahendro/public_html/yii/framework/web/actions/CInlineAction.php(49): OrderController->actionOutstanding()
#16 /home/pmahendro/public_html/yii/framework/web/CController.php(308): CInlineAction->runWithParams()
#17 /home/pmahendro/public_html/yii/framework/web/filters/CFilterChain.php(133): OrderController->runAction()
#18 /home/pmahendro/public_html/djajalistrik/protected/modules/transaction/controllers/OrderController.php(29): CFilterChain->run()
#19 /home/pmahendro/public_html/yii/framework/web/filters/CInlineFilter.php(58): OrderController->filterAccess()
#20 /home/pmahendro/public_html/yii/framework/web/filters/CFilterChain.php(130): CInlineFilter->filter()
#21 /home/pmahendro/public_html/yii/framework/web/CController.php(291): CFilterChain->run()
#22 /home/pmahendro/public_html/yii/framework/web/CController.php(265): OrderController->runActionWithFilters()
#23 /home/pmahendro/public_html/yii/framework/web/CWebApplication.php(282): OrderController->run()
#24 /home/pmahendro/public_html/yii/framework/web/CWebApplication.php(141): CWebApplication->runController()
#25 /home/pmahendro/public_html/yii/framework/base/CApplication.php(180): CWebApplication->processRequest()
#26 /home/pmahendro/public_html/djajalistrik/index.php(13): CWebApplication->run()
REQUEST_URI=/~pmahendro/djajalistrik/index.php?r=transaction/order/outstanding
in /home/pmahendro/public_html/djajalistrik/protected/modules/transaction/views/order/outstanding.php (152)
in /home/pmahendro/public_html/djajalistrik/protected/modules/transaction/controllers/OrderController.php (402)
in /home/pmahendro/public_html/djajalistrik/protected/modules/transaction/controllers/OrderController.php (29)
2026/02/12 19:49:19 [error] [exception.Exception] exception 'Exception' with message 'Column string index can not be longer than 3 characters.' in /home/pmahendro/public_html/djajalistrik/protected/extensions/phpexcel/Classes/PHPExcel/Cell.php:713
Stack trace:
#0 /home/pmahendro/public_html/djajalistrik/protected/extensions/phpexcel/Classes/PHPExcel/Worksheet.php(1269): PHPExcel_Cell::columnIndexFromString('AAAA')
#1 /home/pmahendro/public_html/djajalistrik/protected/modules/report/controllers/OrderOutstandingController.php(124): PHPExcel_Worksheet->getColumnDimension('AAAA')
#2 /home/pmahendro/public_html/djajalistrik/protected/modules/report/controllers/OrderOutstandingController.php(34): OrderOutstandingController->saveToExcel(Object(CActiveDataProvider), '2026-02-12')
#3 /home/pmahendro/public_html/yii/framework/web/actions/CInlineAction.php(49): OrderOutstandingController->actionReport()
#4 /home/pmahendro/public_html/yii/framework/web/CController.php(308): CInlineAction->runWithParams(Array)
#5 /home/pmahendro/public_html/yii/framework/web/filters/CFilterChain.php(133): CController->runAction(Object(CInlineAction))
#6 /home/pmahendro/public_html/djajalistrik/protected/modules/report/controllers/OrderOutstandingController.php(18): CFilterChain->run()
#7 /home/pmahendro/public_html/yii/framework/web/filters/CInlineFilter.php(58): OrderOutstandingController->filterAccess(Object(CFilterChain))
#8 /home/pmahendro/public_html/yii/framework/web/filters/CFilterChain.php(130): CInlineFilter->filter(Object(CFilterChain))
#9 /home/pmahendro/public_html/yii/framework/web/CController.php(291): CFilterChain->run()
#10 /home/pmahendro/public_html/yii/framework/web/CController.php(265): CController->runActionWithFilters(Object(CInlineAction), Array)
#11 /home/pmahendro/public_html/yii/framework/web/CWebApplication.php(282): CController->run('report')
#12 /home/pmahendro/public_html/yii/framework/web/CWebApplication.php(141): CWebApplication->runController('report/orderOut...')
#13 /home/pmahendro/public_html/yii/framework/base/CApplication.php(180): CWebApplication->processRequest()
#14 /home/pmahendro/public_html/djajalistrik/index.php(13): CApplication->run()
#15 {main}
REQUEST_URI=/~pmahendro/djajalistrik/index.php?r=report%2ForderOutstanding%2Freport&OrderHeader%5Bcustomer_id%5D=&OrderHeader%5Bbranch_id%5D=&EndDate=2026-02-12&sort=&SaveExcel=Save+to+Excel
HTTP_REFERER=http://localhost/~pmahendro/djajalistrik/index.php?r=report/orderOutstanding/report
---
2026/02/12 19:50:04 [error] [exception.Exception] exception 'Exception' with message 'Column string index can not be longer than 3 characters.' in /home/pmahendro/public_html/djajalistrik/protected/extensions/phpexcel/Classes/PHPExcel/Cell.php:713
Stack trace:
#0 /home/pmahendro/public_html/djajalistrik/protected/extensions/phpexcel/Classes/PHPExcel/Worksheet.php(1269): PHPExcel_Cell::columnIndexFromString('AAAA')
#1 /home/pmahendro/public_html/djajalistrik/protected/modules/report/controllers/OrderOutstandingController.php(124): PHPExcel_Worksheet->getColumnDimension('AAAA')
#2 /home/pmahendro/public_html/djajalistrik/protected/modules/report/controllers/OrderOutstandingController.php(34): OrderOutstandingController->saveToExcel(Object(CActiveDataProvider), '2026-02-12')
#3 /home/pmahendro/public_html/yii/framework/web/actions/CInlineAction.php(49): OrderOutstandingController->actionReport()
#4 /home/pmahendro/public_html/yii/framework/web/CController.php(308): CInlineAction->runWithParams(Array)
#5 /home/pmahendro/public_html/yii/framework/web/filters/CFilterChain.php(133): CController->runAction(Object(CInlineAction))
#6 /home/pmahendro/public_html/djajalistrik/protected/modules/report/controllers/OrderOutstandingController.php(18): CFilterChain->run()
#7 /home/pmahendro/public_html/yii/framework/web/filters/CInlineFilter.php(58): OrderOutstandingController->filterAccess(Object(CFilterChain))
#8 /home/pmahendro/public_html/yii/framework/web/filters/CFilterChain.php(130): CInlineFilter->filter(Object(CFilterChain))
#9 /home/pmahendro/public_html/yii/framework/web/CController.php(291): CFilterChain->run()
#10 /home/pmahendro/public_html/yii/framework/web/CController.php(265): CController->runActionWithFilters(Object(CInlineAction), Array)
#11 /home/pmahendro/public_html/yii/framework/web/CWebApplication.php(282): CController->run('report')
#12 /home/pmahendro/public_html/yii/framework/web/CWebApplication.php(141): CWebApplication->runController('report/orderOut...')
#13 /home/pmahendro/public_html/yii/framework/base/CApplication.php(180): CWebApplication->processRequest()
#14 /home/pmahendro/public_html/djajalistrik/index.php(13): CApplication->run()
#15 {main}
REQUEST_URI=/~pmahendro/djajalistrik/index.php?r=report%2ForderOutstanding%2Freport&OrderHeader%5Bcustomer_id%5D=&OrderHeader%5Bbranch_id%5D=&EndDate=2026-02-12&sort=&SaveExcel=Save+to+Excel
HTTP_REFERER=http://localhost/~pmahendro/djajalistrik/index.php?r=report/orderOutstanding/report
---
2026/06/03 14:07:14 [error] [exception.CHttpException.404] exception 'CHttpException' with message 'The requested page does not exist.' in /home/pmahendro/public_html/djajalistrik/protected/modules/admin/controllers/CustomerController.php:75
Stack trace:
#0 /home/pmahendro/public_html/djajalistrik/protected/modules/admin/controllers/CustomerController.php(43): CustomerController->loadModel('1552')
#1 [internal function]: CustomerController->actionUpdate('1552')
#2 /home/pmahendro/public_html/yii/framework/web/actions/CAction.php(108): ReflectionMethod->invokeArgs(Object(CustomerController), Array)
#3 /home/pmahendro/public_html/yii/framework/web/actions/CInlineAction.php(47): CAction->runWithParamsInternal(Object(CustomerController), Object(ReflectionMethod), Array)
#4 /home/pmahendro/public_html/yii/framework/web/CController.php(308): CInlineAction->runWithParams(Array)
#5 /home/pmahendro/public_html/yii/framework/web/filters/CFilterChain.php(133): CController->runAction(Object(CInlineAction))
#6 /home/pmahendro/public_html/djajalistrik/protected/modules/admin/controllers/CustomerController.php(19): CFilterChain->run()
#7 /home/pmahendro/public_html/yii/framework/web/filters/CInlineFilter.php(58): CustomerController->filterAccess(Object(CFilterChain))
#8 /home/pmahendro/public_html/yii/framework/web/filters/CFilterChain.php(130): CInlineFilter->filter(Object(CFilterChain))
#9 /home/pmahendro/public_html/yii/framework/web/CController.php(291): CFilterChain->run()
#10 /home/pmahendro/public_html/yii/framework/web/CController.php(265): CController->runActionWithFilters(Object(CInlineAction), Array)
#11 /home/pmahendro/public_html/yii/framework/web/CWebApplication.php(282): CController->run('update')
#12 /home/pmahendro/public_html/yii/framework/web/CWebApplication.php(141): CWebApplication->runController('admin/customer/...')
#13 /home/pmahendro/public_html/yii/framework/base/CApplication.php(180): CWebApplication->processRequest()
#14 /home/pmahendro/public_html/djajalistrik/index.php(13): CApplication->run()
#15 {main}
REQUEST_URI=/~pmahendro/djajalistrik/index.php?r=admin/customer/update&id=1552
HTTP_REFERER=http://localhost/~pmahendro/djajalistrik/index.php?r=admin/customer/admin
---
2026/06/03 14:07:20 [error] [exception.CHttpException.404] exception 'CHttpException' with message 'The requested page does not exist.' in /home/pmahendro/public_html/djajalistrik/protected/modules/admin/controllers/CustomerController.php:75
Stack trace:
#0 /home/pmahendro/public_html/djajalistrik/protected/modules/admin/controllers/CustomerController.php(24): CustomerController->loadModel('1717')
#1 [internal function]: CustomerController->actionView('1717')
#2 /home/pmahendro/public_html/yii/framework/web/actions/CAction.php(108): ReflectionMethod->invokeArgs(Object(CustomerController), Array)
#3 /home/pmahendro/public_html/yii/framework/web/actions/CInlineAction.php(47): CAction->runWithParamsInternal(Object(CustomerController), Object(ReflectionMethod), Array)
#4 /home/pmahendro/public_html/yii/framework/web/CController.php(308): CInlineAction->runWithParams(Array)
#5 /home/pmahendro/public_html/yii/framework/web/filters/CFilterChain.php(133): CController->runAction(Object(CInlineAction))
#6 /home/pmahendro/public_html/djajalistrik/protected/modules/admin/controllers/CustomerController.php(19): CFilterChain->run()
#7 /home/pmahendro/public_html/yii/framework/web/filters/CInlineFilter.php(58): CustomerController->filterAccess(Object(CFilterChain))
#8 /home/pmahendro/public_html/yii/framework/web/filters/CFilterChain.php(130): CInlineFilter->filter(Object(CFilterChain))
#9 /home/pmahendro/public_html/yii/framework/web/CController.php(291): CFilterChain->run()
#10 /home/pmahendro/public_html/yii/framework/web/CController.php(265): CController->runActionWithFilters(Object(CInlineAction), Array)
#11 /home/pmahendro/public_html/yii/framework/web/CWebApplication.php(282): CController->run('view')
#12 /home/pmahendro/public_html/yii/framework/web/CWebApplication.php(141): CWebApplication->runController('admin/customer/...')
#13 /home/pmahendro/public_html/yii/framework/base/CApplication.php(180): CWebApplication->processRequest()
#14 /home/pmahendro/public_html/djajalistrik/index.php(13): CApplication->run()
#15 {main}
REQUEST_URI=/~pmahendro/djajalistrik/index.php?r=admin/customer/view&id=1717
HTTP_REFERER=http://localhost/~pmahendro/djajalistrik/index.php?r=admin/customer/admin
---
2026/06/03 14:09:02 [error] [exception.CHttpException.404] exception 'CHttpException' with message 'The requested page does not exist.' in /home/pmahendro/public_html/djajalistrik/protected/modules/admin/controllers/CustomerController.php:77
Stack trace:
#0 /home/pmahendro/public_html/djajalistrik/protected/modules/admin/controllers/CustomerController.php(24): CustomerController->loadModel('1552')
#1 [internal function]: CustomerController->actionView('1552')
#2 /home/pmahendro/public_html/yii/framework/web/actions/CAction.php(108): ReflectionMethod->invokeArgs(Object(CustomerController), Array)
#3 /home/pmahendro/public_html/yii/framework/web/actions/CInlineAction.php(47): CAction->runWithParamsInternal(Object(CustomerController), Object(ReflectionMethod), Array)
#4 /home/pmahendro/public_html/yii/framework/web/CController.php(308): CInlineAction->runWithParams(Array)
#5 /home/pmahendro/public_html/yii/framework/web/filters/CFilterChain.php(133): CController->runAction(Object(CInlineAction))
#6 /home/pmahendro/public_html/djajalistrik/protected/modules/admin/controllers/CustomerController.php(19): CFilterChain->run()
#7 /home/pmahendro/public_html/yii/framework/web/filters/CInlineFilter.php(58): CustomerController->filterAccess(Object(CFilterChain))
#8 /home/pmahendro/public_html/yii/framework/web/filters/CFilterChain.php(130): CInlineFilter->filter(Object(CFilterChain))
#9 /home/pmahendro/public_html/yii/framework/web/CController.php(291): CFilterChain->run()
#10 /home/pmahendro/public_html/yii/framework/web/CController.php(265): CController->runActionWithFilters(Object(CInlineAction), Array)
#11 /home/pmahendro/public_html/yii/framework/web/CWebApplication.php(282): CController->run('view')
#12 /home/pmahendro/public_html/yii/framework/web/CWebApplication.php(141): CWebApplication->runController('admin/customer/...')
#13 /home/pmahendro/public_html/yii/framework/base/CApplication.php(180): CWebApplication->processRequest()
#14 /home/pmahendro/public_html/djajalistrik/index.php(13): CApplication->run()
#15 {main}
REQUEST_URI=/~pmahendro/djajalistrik/index.php?r=admin/customer/view&id=1552
HTTP_REFERER=http://localhost/~pmahendro/djajalistrik/index.php?r=admin/customer/admin
---
2026/07/21 13:01:37 [error] [exception.CHttpException.404] exception 'CHttpException' with message 'The requested page does not exist.' in /home/pmahendro/public_html/djajalistrik/protected/modules/transaction/controllers/InvoiceController.php:786
Stack trace:
#0 /home/pmahendro/public_html/djajalistrik/protected/modules/transaction/controllers/InvoiceController.php(198): InvoiceController->loadModel('35642')
#1 [internal function]: InvoiceController->actionView('35642')
#2 /home/pmahendro/public_html/yii/framework/web/actions/CAction.php(108): ReflectionMethod->invokeArgs(Object(InvoiceController), Array)
#3 /home/pmahendro/public_html/yii/framework/web/actions/CInlineAction.php(47): CAction->runWithParamsInternal(Object(InvoiceController), Object(ReflectionMethod), Array)
#4 /home/pmahendro/public_html/yii/framework/web/CController.php(308): CInlineAction->runWithParams(Array)
#5 /home/pmahendro/public_html/yii/framework/web/filters/CFilterChain.php(133): CController->runAction(Object(CInlineAction))
#6 /home/pmahendro/public_html/djajalistrik/protected/modules/transaction/controllers/InvoiceController.php(29): CFilterChain->run()
#7 /home/pmahendro/public_html/yii/framework/web/filters/CInlineFilter.php(58): InvoiceController->filterAccess(Object(CFilterChain))
#8 /home/pmahendro/public_html/yii/framework/web/filters/CFilterChain.php(130): CInlineFilter->filter(Object(CFilterChain))
#9 /home/pmahendro/public_html/yii/framework/web/CController.php(291): CFilterChain->run()
#10 /home/pmahendro/public_html/yii/framework/web/CController.php(265): CController->runActionWithFilters(Object(CInlineAction), Array)
#11 /home/pmahendro/public_html/yii/framework/web/CWebApplication.php(282): CController->run('view')
#12 /home/pmahendro/public_html/yii/framework/web/CWebApplication.php(141): CWebApplication->runController('transaction/inv...')
#13 /home/pmahendro/public_html/yii/framework/base/CApplication.php(180): CWebApplication->processRequest()
#14 /home/pmahendro/public_html/djajalistrik/index.php(13): CApplication->run()
#15 {main}
REQUEST_URI=/~pmahendro/djajalistrik/index.php?r=transaction/invoice/view&id=35642
HTTP_REFERER=http://localhost/~pmahendro/djajalistrik/index.php?r=transaction/invoice/admin
---
